solid GiD
  facet normal              -0               0               1  
    outer loop
      vertex               0             100               0
      vertex               0              80               0
      vertex              20             100               0
    endloop
  endfacet
  facet normal               0              -0               1  
    outer loop
      vertex              60               0               0
      vertex              80               0               0
      vertex      71.6666667      17.7670901               0
    endloop
  endfacet
  facet normal               0               0               1  
    outer loop
      vertex              80             100               0
      vertex              60             100               0
      vertex      71.6666667      83.5405928               0
    endloop
  endfacet
  facet normal              -0               0               1  
    outer loop
      vertex      71.6666667      17.7670901               0
      vertex              80               0               0
      vertex             100              20               0
    endloop
  endfacet
  facet normal               0              -0               1  
    outer loop
      vertex              60               0               0
      vertex      71.6666667      17.7670901               0
      vertex              50      17.3205081               0
    endloop
  endfacet
  facet normal               0               0               1  
    outer loop
      vertex      71.6666667      83.5405928               0
      vertex              60             100               0
      vertex              50      82.6794919               0
    endloop
  endfacet
  facet normal               0              -0               1  
    outer loop
      vertex              50      17.3205081               0
      vertex      71.6666667      17.7670901               0
      vertex              60      34.6410162               0
    endloop
  endfacet
  facet normal               0               0               1  
    outer loop
      vertex              60               0               0
      vertex              50      17.3205081               0
      vertex              40               0               0
    endloop
  endfacet
  facet normal               0              -0               1  
    outer loop
      vertex              50      82.6794919               0
      vertex              60             100               0
      vertex              40             100               0
    endloop
  endfacet
  facet normal              -0               0               1  
    outer loop
      vertex              60      34.6410162               0
      vertex      71.6666667      17.7670901               0
      vertex              80      34.6410162               0
    endloop
  endfacet
  facet normal               0              -0               1  
    outer loop
      vertex              40               0               0
      vertex              50      17.3205081               0
      vertex      28.3333333      17.7670901               0
    endloop
  endfacet
  facet normal              -0               0               1  
    outer loop
      vertex              80      34.6410162               0
      vertex      71.6666667      17.7670901               0
      vertex             100              20               0
    endloop
  endfacet
  facet normal              -0              -0               1  
    outer loop
      vertex              60      34.6410162               0
      vertex              80      34.6410162               0
      vertex      75.7142857      51.4010887               0
    endloop
  endfacet
  facet normal              -0              -0               1  
    outer loop
      vertex      28.3333333      17.7670901               0
      vertex              50      17.3205081               0
      vertex              40      34.6410162               0
    endloop
  endfacet
  facet normal              -0               0               1  
    outer loop
      vertex      75.7142857      51.4010887               0
      vertex             100              40               0
      vertex             100              60               0
    endloop
  endfacet
  facet normal               0              -0               1  
    outer loop
      vertex              60      34.6410162               0
      vertex      75.7142857      51.4010887               0
      vertex              50      51.9615242               0
    endloop
  endfacet
  facet normal              -0               0               1  
    outer loop
      vertex              40      34.6410162               0
      vertex              50      17.3205081               0
      vertex              60      34.6410162               0
    endloop
  endfacet
  facet normal              -0              -0               1  
    outer loop
      vertex              50      51.9615242               0
      vertex      75.7142857      51.4010887               0
      vertex              60      69.2820323               0
    endloop
  endfacet
  facet normal               0               0               1  
    outer loop
      vertex              60      34.6410162               0
      vertex              50      51.9615242               0
      vertex              40      34.6410162               0
    endloop
  endfacet
  facet normal              -0               0               1  
    outer loop
      vertex              60      69.2820323               0
      vertex      75.7142857      51.4010887               0
      vertex      81.4761905      68.8447428               0
    endloop
  endfacet
  facet normal               0              -0               1  
    outer loop
      vertex              50      51.9615242               0
      vertex              60      69.2820323               0
      vertex              40      69.2820323               0
    endloop
  endfacet
  facet normal               0              -0               1  
    outer loop
      vertex              40      34.6410162               0
      vertex              50      51.9615242               0
      vertex      28.3660552      53.3899249               0
    endloop
  endfacet
  facet normal              -0              -0               1  
    outer loop
      vertex              60      69.2820323               0
      vertex      81.4761905      68.8447428               0
      vertex      71.6666667      83.5405928               0
    endloop
  endfacet
  facet normal              -0               0               1  
    outer loop
      vertex      71.6666667      83.5405928               0
      vertex      81.4761905      68.8447428               0
      vertex             100              80               0
    endloop
  endfacet
  facet normal               0              -0               1  
    outer loop
      vertex              60      69.2820323               0
      vertex      71.6666667      83.5405928               0
      vertex              50      82.6794919               0
    endloop
  endfacet
  facet normal               0               0               1  
    outer loop
      vertex              60      69.2820323               0
      vertex              50      82.6794919               0
      vertex              40      69.2820323               0
    endloop
  endfacet
  facet normal               0              -0               1  
    outer loop
      vertex              40      69.2820323               0
      vertex              50      82.6794919               0
      vertex      34.0392662      84.3550969               0
    endloop
  endfacet
  facet normal              -0              -0               1  
    outer loop
      vertex      34.0392662      84.3550969               0
      vertex              50      82.6794919               0
      vertex              40             100               0
    endloop
  endfacet
  facet normal               0              -0               1  
    outer loop
      vertex      34.0392662      84.3550969               0
      vertex              40             100               0
      vertex              20             100               0
    endloop
  endfacet
  facet normal               0               0               1  
    outer loop
      vertex      34.0392662      84.3550969               0
      vertex              20             100               0
      vertex      20.1963312      69.8139604               0
    endloop
  endfacet
  facet normal               0               0               1  
    outer loop
      vertex              40      69.2820323               0
      vertex      34.0392662      84.3550969               0
      vertex      20.1963312      69.8139604               0
    endloop
  endfacet
  facet normal               0               0               1  
    outer loop
      vertex      20.1963312      69.8139604               0
      vertex              20             100               0
      vertex               0              80               0
    endloop
  endfacet
  facet normal               0               0               1  
    outer loop
      vertex              40      69.2820323               0
      vertex      20.1963312      69.8139604               0
      vertex      28.3660552      53.3899249               0
    endloop
  endfacet
  facet normal              -0              -0               1  
    outer loop
      vertex      28.3660552      53.3899249               0
      vertex              50      51.9615242               0
      vertex              40      69.2820323               0
    endloop
  endfacet
  facet normal               0               0               1  
    outer loop
      vertex              40      34.6410162               0
      vertex      28.3660552      53.3899249               0
      vertex              20      34.6410162               0
    endloop
  endfacet
  facet normal               0              -0               1  
    outer loop
      vertex              20      34.6410162               0
      vertex      28.3660552      53.3899249               0
      vertex               0              60               0
    endloop
  endfacet
  facet normal               0               0               1  
    outer loop
      vertex              40      34.6410162               0
      vertex              20      34.6410162               0
      vertex      28.3333333      17.7670901               0
    endloop
  endfacet
  facet normal               0               0               1  
    outer loop
      vertex      28.3333333      17.7670901               0
      vertex              20      34.6410162               0
      vertex               0              20               0
    endloop
  endfacet
  facet normal              -0               0               1  
    outer loop
      vertex               0              20               0
      vertex               0               0               0
      vertex              20               0               0
    endloop
  endfacet
  facet normal               0               0               1  
    outer loop
      vertex             100              40               0
      vertex      75.7142857      51.4010887               0
      vertex              80      34.6410162               0
    endloop
  endfacet
  facet normal               0               0               1  
    outer loop
      vertex               0              60               0
      vertex               0              40               0
      vertex              20      34.6410162               0
    endloop
  endfacet
  facet normal               0              -0               1  
    outer loop
      vertex             100               0               0
      vertex             100              20               0
      vertex              80               0               0
    endloop
  endfacet
  facet normal               0              -0               1  
    outer loop
      vertex              20               0               0
      vertex              40               0               0
      vertex      28.3333333      17.7670901               0
    endloop
  endfacet
  facet normal               0              -0               1  
    outer loop
      vertex              20               0               0
      vertex      28.3333333      17.7670901               0
      vertex               0              20               0
    endloop
  endfacet
  facet normal               0              -0               1  
    outer loop
      vertex             100              80               0
      vertex             100             100               0
      vertex              80             100               0
    endloop
  endfacet
  facet normal              -0               0               1  
    outer loop
      vertex               0              80               0
      vertex               0              60               0
      vertex      20.1963312      69.8139604               0
    endloop
  endfacet
  facet normal               0              -0               1  
    outer loop
      vertex             100              60               0
      vertex             100              80               0
      vertex      81.4761905      68.8447428               0
    endloop
  endfacet
  facet normal              -0               0               1  
    outer loop
      vertex      81.4761905      68.8447428               0
      vertex      75.7142857      51.4010887               0
      vertex             100              60               0
    endloop
  endfacet
  facet normal              -0               0               1  
    outer loop
      vertex               0              40               0
      vertex               0              20               0
      vertex              20      34.6410162               0
    endloop
  endfacet
  facet normal               0              -0               1  
    outer loop
      vertex             100              20               0
      vertex             100              40               0
      vertex              80      34.6410162               0
    endloop
  endfacet
  facet normal               0               0               1  
    outer loop
      vertex              80             100               0
      vertex      71.6666667      83.5405928               0
      vertex             100              80               0
    endloop
  endfacet
  facet normal               0               0               1  
    outer loop
      vertex      28.3660552      53.3899249               0
      vertex      20.1963312      69.8139604               0
      vertex               0              60               0
    endloop
  endfacet
  facet normal              -1               0               0  
    outer loop
      vertex               0               0      50.7994404
      vertex               0               0      51.4814444
      vertex               0     0.769493087      51.0893305
    endloop
  endfacet
  facet normal              -1               0               0  
    outer loop
      vertex               0               0      51.4814444
      vertex               0               0      52.0050914
      vertex               0     0.769493087      51.0893305
    endloop
  endfacet
  facet normal              -1               0               0  
    outer loop
      vertex               0       1.9629945      51.0730207
      vertex               0               0      52.0050914
      vertex               0      4.36630749      51.0676405
    endloop
  endfacet
  facet normal              -1              -0              -0  
    outer loop
      vertex               0               0      52.0050914
      vertex               0       1.9629945      51.0730207
      vertex               0     0.769493087      51.0893305
    endloop
  endfacet
  facet normal              -1               0              -0  
    outer loop
      vertex               0     0.769493087      51.0893305
      vertex               0       1.9629945      51.0730207
      vertex               0      1.79735129      50.5740469
    endloop
  endfacet
  facet normal              -1               0               0  
    outer loop
      vertex               0               0      49.9134142
      vertex               0               0      50.7994404
      vertex               0      1.02331612       50.269808
    endloop
  endfacet
  facet normal              -1               0               0  
    outer loop
      vertex               0               0      50.7994404
      vertex               0     0.769493087      51.0893305
      vertex               0      1.02331612       50.269808
    endloop
  endfacet
  facet normal              -1               0               0  
    outer loop
      vertex               0      1.79735129      50.5740469
      vertex               0       1.9629945      51.0730207
      vertex               0      2.94064481      50.4288722
    endloop
  endfacet
  facet normal              -1               0              -0  
    outer loop
      vertex               0     0.769493087      51.0893305
      vertex               0      1.79735129      50.5740469
      vertex               0      1.02331612       50.269808
    endloop
  endfacet
  facet normal              -1               0               0  
    outer loop
      vertex               0               0      48.7660714
      vertex               0               0      49.9134142
      vertex               0      1.19155866      49.3397428
    endloop
  endfacet
  facet normal              -1               0               0  
    outer loop
      vertex               0               0      49.9134142
      vertex               0      1.02331612       50.269808
      vertex               0      1.19155866      49.3397428
    endloop
  endfacet
  facet normal              -1               0               0  
    outer loop
      vertex               0      1.19155866      49.3397428
      vertex               0      1.02331612       50.269808
      vertex               0      2.31531883       49.803288
    endloop
  endfacet
  facet normal              -1               0              -0  
    outer loop
      vertex               0               0      48.7660714
      vertex               0      1.19155866      49.3397428
      vertex               0      1.12694786      47.5920561
    endloop
  endfacet
  facet normal              -1               0               0  
    outer loop
      vertex               0               0      47.2865804
      vertex               0               0      48.7660714
      vertex               0      1.12694786      47.5920561
    endloop
  endfacet
  facet normal              -1               0              -0  
    outer loop
      vertex               0               0      47.2865804
      vertex               0      1.12694786      47.5920561
      vertex               0               0      45.3890904
    endloop
  endfacet
  facet normal              -1               0               0  
    outer loop
      vertex               0      1.02331612       50.269808
      vertex               0      1.79735129      50.5740469
      vertex               0      2.31531883       49.803288
    endloop
  endfacet
  facet normal              -1               0               0  
    outer loop
      vertex               0      1.19155866      49.3397428
      vertex               0      2.31531883       49.803288
      vertex               0      2.70974251      48.4910521
    endloop
  endfacet
  facet normal              -1               0               0  
    outer loop
      vertex               0      1.12694786      47.5920561
      vertex               0      1.19155866      49.3397428
      vertex               0      2.70974251      48.4910521
    endloop
  endfacet
  facet normal              -1               0               0  
    outer loop
      vertex               0      2.31531883       49.803288
      vertex               0      1.79735129      50.5740469
      vertex               0      2.94064481      50.4288722
    endloop
  endfacet
  facet normal              -1               0               0  
    outer loop
      vertex               0      2.70974251      48.4910521
      vertex               0      2.31531883       49.803288
      vertex               0      4.09243709      49.4161375
    endloop
  endfacet
  facet normal              -1               0               0  
    outer loop
      vertex               0      1.12694786      47.5920561
      vertex               0      2.70974251      48.4910521
      vertex               0      2.86038601      46.2797996
    endloop
  endfacet
  facet normal              -1               0               0  
    outer loop
      vertex               0      2.94064481      50.4288722
      vertex               0       1.9629945      51.0730207
      vertex               0      4.36630749      51.0676405
    endloop
  endfacet
  facet normal              -1               0               0  
    outer loop
      vertex               0      2.31531883       49.803288
      vertex               0      2.94064481      50.4288722
      vertex               0      4.09243709      49.4161375
    endloop
  endfacet
  facet normal              -1               0               0  
    outer loop
      vertex               0      2.70974251      48.4910521
      vertex               0      4.09243709      49.4161375
      vertex               0      4.91908835      47.2989966
    endloop
  endfacet
  facet normal              -1               0               0  
    outer loop
      vertex               0      2.86038601      46.2797996
      vertex               0      2.70974251      48.4910521
      vertex               0      4.91908835      47.2989966
    endloop
  endfacet
  facet normal              -1               0              -0  
    outer loop
      vertex               0      1.12694786      47.5920561
      vertex               0      2.86038601      46.2797996
      vertex               0               0      45.3890904
    endloop
  endfacet
  facet normal              -1               0               0  
    outer loop
      vertex               0      2.86038601      46.2797996
      vertex               0      4.91908835      47.2989966
      vertex               0      5.20084182      44.1410638
    endloop
  endfacet
  facet normal              -1               0               0  
    outer loop
      vertex               0               0      42.9723091
      vertex               0               0      45.3890904
      vertex               0      2.50991839      44.1806998
    endloop
  endfacet
  facet normal              -1               0               0  
    outer loop
      vertex               0      4.09243709      49.4161375
      vertex               0      2.94064481      50.4288722
      vertex               0      4.36630749      51.0676405
    endloop
  endfacet
  facet normal              -1               0               0  
    outer loop
      vertex               0      4.36630749      51.0676405
      vertex               0               0      52.0050914
      vertex               0              10      52.8799781
    endloop
  endfacet
  facet normal              -1               0               0  
    outer loop
      vertex               0      4.09243709      49.4161375
      vertex               0      4.36630749      51.0676405
      vertex               0      7.30352057      49.4069758
    endloop
  endfacet
  facet normal              -1               0               0  
    outer loop
      vertex               0      4.91908835      47.2989966
      vertex               0      4.09243709      49.4161375
      vertex               0      7.30352057      49.4069758
    endloop
  endfacet
  facet normal              -1               0               0  
    outer loop
      vertex               0      7.30352057      49.4069758
      vertex               0      4.36630749      51.0676405
      vertex               0              10      52.8799781
    endloop
  endfacet
  facet normal              -1               0              -0  
    outer loop
      vertex               0             100      60.7539578
      vertex               0             100      57.8451444
      vertex               0       95.301956      57.2017304
    endloop
  endfacet
  facet normal              -1               0               0  
    outer loop
      vertex               0      2.50991839      44.1806998
      vertex               0               0      45.3890904
      vertex               0      2.86038601      46.2797996
    endloop
  endfacet
  facet normal              -1               0               0  
    outer loop
      vertex               0      2.50991839      44.1806998
      vertex               0      2.86038601      46.2797996
      vertex               0      5.20084182      44.1410638
    endloop
  endfacet
  facet normal              -1               0              -0  
    outer loop
      vertex               0      2.50991839      44.1806998
      vertex               0      5.20084182      44.1410638
      vertex               0      3.27628308      40.5363091
    endloop
  endfacet
  facet normal              -1               0               0  
    outer loop
      vertex               0               0      42.9723091
      vertex               0      2.50991839      44.1806998
      vertex               0      3.27628308      40.5363091
    endloop
  endfacet
  facet normal              -1               0               0  
    outer loop
      vertex               0               0      39.9210904
      vertex               0               0      42.9723091
      vertex               0      3.27628308      40.5363091
    endloop
  endfacet
  facet normal              -1               0               0  
    outer loop
      vertex               0      5.20084182      44.1410638
      vertex               0      4.91908835      47.2989966
      vertex               0      8.58971081      46.0349571
    endloop
  endfacet
  facet normal              -1               0               0  
    outer loop
      vertex               0      4.91908835      47.2989966
      vertex               0      7.30352057      49.4069758
      vertex               0      8.58971081      46.0349571
    endloop
  endfacet
  facet normal              -1               0              -0  
    outer loop
      vertex               0       95.301956      57.2017304
      vertex               0             100      57.8451444
      vertex               0      96.6717862       53.143386
    endloop
  endfacet
  facet normal              -1              -0               0  
    outer loop
      vertex               0             100      60.7539578
      vertex               0       95.301956      57.2017304
      vertex               0              90      59.8790712
    endloop
  endfacet
  facet normal              -1               0              -0  
    outer loop
      vertex               0             100      57.8451444
      vertex               0             100      54.1791455
      vertex               0      96.6717862       53.143386
    endloop
  endfacet
  facet normal              -1               0               0  
    outer loop
      vertex               0      96.6717862       53.143386
      vertex               0             100      54.1791455
      vertex               0             100      49.6038959
    endloop
  endfacet
  facet normal              -1               0               0  
    outer loop
      vertex               0               0      36.1113075
      vertex               0               0      39.9210904
      vertex               0      3.27628308      40.5363091
    endloop
  endfacet
  facet normal              -1               0              -0  
    outer loop
      vertex               0      5.20084182      44.1410638
      vertex               0      8.58971081      46.0349571
      vertex               0      8.49752024      41.5153386
    endloop
  endfacet
  facet normal              -1               0               0  
    outer loop
      vertex               0      7.30352057      49.4069758
      vertex               0              10      52.8799781
      vertex               0      10.6834392      48.6281497
    endloop
  endfacet
  facet normal              -1               0               0  
    outer loop
      vertex               0      8.58971081      46.0349571
      vertex               0      7.30352057      49.4069758
      vertex               0      10.6834392      48.6281497
    endloop
  endfacet
  facet normal              -1               0               0  
    outer loop
      vertex               0      8.58971081      46.0349571
      vertex               0      10.6834392      48.6281497
      vertex               0      12.8269457       45.227832
    endloop
  endfacet
  facet normal              -1              -0               0  
    outer loop
      vertex               0       95.301956      57.2017304
      vertex               0      90.5871692       53.247012
      vertex               0              90      59.8790712
    endloop
  endfacet
  facet normal              -1               0               0  
    outer loop
      vertex               0      10.6834392      48.6281497
      vertex               0              10      52.8799781
      vertex               0      14.6741795      49.5283969
    endloop
  endfacet
  facet normal              -1               0               0  
    outer loop
      vertex               0      14.6741795      49.5283969
      vertex               0              10      52.8799781
      vertex               0              20      53.7548647
    endloop
  endfacet
  facet normal              -1               0              -0  
    outer loop
      vertex               0      10.6834392      48.6281497
      vertex               0      14.6741795      49.5283969
      vertex               0      12.8269457       45.227832
    endloop
  endfacet
  facet normal              -1               0               0  
    outer loop
      vertex               0      3.27628308      40.5363091
      vertex               0      5.20084182      44.1410638
      vertex               0      8.49752024      41.5153386
    endloop
  endfacet
  facet normal              -1               0               0  
    outer loop
      vertex               0      8.49752024      41.5153386
      vertex               0      8.58971081      46.0349571
      vertex               0      12.8269457       45.227832
    endloop
  endfacet
  facet normal              -1               0               0  
    outer loop
      vertex               0               0      31.4194496
      vertex               0               0      36.1113075
      vertex               0      6.21569214      35.0951417
    endloop
  endfacet
  facet normal              -1               0               0  
    outer loop
      vertex               0               0      36.1113075
      vertex               0      3.27628308      40.5363091
      vertex               0      6.21569214      35.0951417
    endloop
  endfacet
  facet normal              -1               0              -0  
    outer loop
      vertex               0      3.27628308      40.5363091
      vertex               0      8.49752024      41.5153386
      vertex               0      6.21569214      35.0951417
    endloop
  endfacet
  facet normal              -1               0              -0  
    outer loop
      vertex               0               0      31.4194496
      vertex               0      6.21569214      35.0951417
      vertex               0      4.97110265      27.3275119
    endloop
  endfacet
  facet normal              -1               0               0  
    outer loop
      vertex               0               0      25.7380871
      vertex               0               0      31.4194496
      vertex               0      4.97110265      27.3275119
    endloop
  endfacet
  facet normal              -1               0               0  
    outer loop
      vertex               0               0      25.7380871
      vertex               0      4.97110265      27.3275119
      vertex               0      5.74385107       20.961411
    endloop
  endfacet
  facet normal              -1              -0              -0  
    outer loop
      vertex               0             100      49.6038959
      vertex               0             100      43.9628795
      vertex               0       94.141592      46.7833877
    endloop
  endfacet
  facet normal              -1               0               0  
    outer loop
      vertex               0      8.49752024      41.5153386
      vertex               0      12.8269457       45.227832
      vertex               0       14.836577      38.1025044
    endloop
  endfacet
  facet normal              -1               0              -0  
    outer loop
      vertex               0      14.6741795      49.5283969
      vertex               0              20      53.7548647
      vertex               0      19.0722732      47.3190043
    endloop
  endfacet
  facet normal              -1               0               0  
    outer loop
      vertex               0      4.97110265      27.3275119
      vertex               0      6.21569214      35.0951417
      vertex               0       11.928362      30.6535705
    endloop
  endfacet
  facet normal              -1               0              -0  
    outer loop
      vertex               0      96.6717862       53.143386
      vertex               0             100      49.6038959
      vertex               0       94.141592      46.7833877
    endloop
  endfacet
  facet normal              -1               0              -0  
    outer loop
      vertex               0       94.141592      46.7833877
      vertex               0             100      43.9628795
      vertex               0       94.213901      38.6270717
    endloop
  endfacet
  facet normal              -1               0               0  
    outer loop
      vertex               0      19.0722732      47.3190043
      vertex               0              20      53.7548647
      vertex               0      26.1031538      48.5047291
    endloop
  endfacet
  facet normal              -1               0              -0  
    outer loop
      vertex               0      14.6741795      49.5283969
      vertex               0      19.0722732      47.3190043
      vertex               0      12.8269457       45.227832
    endloop
  endfacet
  facet normal              -1               0              -0  
    outer loop
      vertex               0      12.8269457       45.227832
      vertex               0      19.0722732      47.3190043
      vertex               0       14.836577      38.1025044
    endloop
  endfacet
  facet normal              -1              -0              -0  
    outer loop
      vertex               0             100      43.9628795
      vertex               0             100       37.110706
      vertex               0       94.213901      38.6270717
    endloop
  endfacet
  facet normal              -1               0               0  
    outer loop
      vertex               0       94.213901      38.6270717
      vertex               0             100       37.110706
      vertex               0             100      28.9358131
    endloop
  endfacet
  facet normal              -1               0              -0  
    outer loop
      vertex               0      8.49752024      41.5153386
      vertex               0       14.836577      38.1025044
      vertex               0      6.21569214      35.0951417
    endloop
  endfacet
  facet normal              -1               0               0  
    outer loop
      vertex               0      5.74385107       20.961411
      vertex               0      4.97110265      27.3275119
      vertex               0      13.2827119      23.1883085
    endloop
  endfacet
  facet normal              -1               0              -0  
    outer loop
      vertex               0               0      25.7380871
      vertex               0      5.74385107       20.961411
      vertex               0               0      16.0126135
    endloop
  endfacet
  facet normal              -1               0               0  
    outer loop
      vertex               0               0      16.0126135
      vertex               0      5.74385107       20.961411
      vertex               0      10.4654408      12.5405338
    endloop
  endfacet
  facet normal              -1               0               0  
    outer loop
      vertex               0       11.928362      30.6535705
      vertex               0      6.21569214      35.0951417
      vertex               0       14.836577      38.1025044
    endloop
  endfacet
  facet normal              -1               0               0  
    outer loop
      vertex               0      4.97110265      27.3275119
      vertex               0       11.928362      30.6535705
      vertex               0      13.2827119      23.1883085
    endloop
  endfacet
  facet normal              -1               0               0  
    outer loop
      vertex               0      13.2827119      23.1883085
      vertex               0       11.928362      30.6535705
      vertex               0      22.5207407      28.7197585
    endloop
  endfacet
  facet normal              -1               0               0  
    outer loop
      vertex               0      26.1031538      48.5047291
      vertex               0              20      53.7548647
      vertex               0              30      54.6297513
    endloop
  endfacet
  facet normal              -1               0               0  
    outer loop
      vertex               0      26.1031538      48.5047291
      vertex               0              30      54.6297513
      vertex               0      34.5127014      45.9482174
    endloop
  endfacet
  facet normal              -1               0              -0  
    outer loop
      vertex               0      19.0722732      47.3190043
      vertex               0      26.1031538      48.5047291
      vertex               0      25.1488277      40.5003776
    endloop
  endfacet
  facet normal              -1              -0              -0  
    outer loop
      vertex               0       94.141592      46.7833877
      vertex               0       94.213901      38.6270717
      vertex               0      85.6585414      43.0420637
    endloop
  endfacet
  facet normal              -1              -0              -0  
    outer loop
      vertex               0       95.301956      57.2017304
      vertex               0      96.6717862       53.143386
      vertex               0      90.5871692       53.247012
    endloop
  endfacet
  facet normal              -1               0              -0  
    outer loop
      vertex               0      90.5871692       53.247012
      vertex               0      96.6717862       53.143386
      vertex               0       94.141592      46.7833877
    endloop
  endfacet
  facet normal              -1              -0              -0  
    outer loop
      vertex               0              90      59.8790712
      vertex               0      90.5871692       53.247012
      vertex               0              80      59.0041845
    endloop
  endfacet
  facet normal              -1               0              -0  
    outer loop
      vertex               0      90.5871692       53.247012
      vertex               0       94.141592      46.7833877
      vertex               0      85.6585414      43.0420637
    endloop
  endfacet
  facet normal              -1               0               0  
    outer loop
      vertex               0       11.928362      30.6535705
      vertex               0       14.836577      38.1025044
      vertex               0      22.5207407      28.7197585
    endloop
  endfacet
  facet normal              -1               0               0  
    outer loop
      vertex               0      25.1488277      40.5003776
      vertex               0      26.1031538      48.5047291
      vertex               0      34.5127014      45.9482174
    endloop
  endfacet
  facet normal              -1               0              -0  
    outer loop
      vertex               0      19.0722732      47.3190043
      vertex               0      25.1488277      40.5003776
      vertex               0       14.836577      38.1025044
    endloop
  endfacet
  facet normal              -1               0              -0  
    outer loop
      vertex               0      5.74385107       20.961411
      vertex               0      13.2827119      23.1883085
      vertex               0      10.4654408      12.5405338
    endloop
  endfacet
  facet normal              -1               0              -0  
    outer loop
      vertex               0      85.6585414      43.0420637
      vertex               0       94.213901      38.6270717
      vertex               0       87.755622      31.2092846
    endloop
  endfacet
  facet normal              -1               0              -0  
    outer loop
      vertex               0              40       55.504638
      vertex               0              50      56.3795246
      vertex               0      45.7894507      44.3380258
    endloop
  endfacet
  facet normal              -1               0              -0  
    outer loop
      vertex               0              60      57.2544112
      vertex               0              70      58.1292979
      vertex               0      65.4863928      46.3380751
    endloop
  endfacet
  facet normal              -1               0              -0  
    outer loop
      vertex               0              50      56.3795246
      vertex               0              60      57.2544112
      vertex               0      55.7840428      46.9331935
    endloop
  endfacet
  facet normal              -1               0              -0  
    outer loop
      vertex               0              30      54.6297513
      vertex               0              40       55.504638
      vertex               0      34.5127014      45.9482174
    endloop
  endfacet
  facet normal              -1               0               0  
    outer loop
      vertex               0      34.5127014      45.9482174
      vertex               0              40       55.504638
      vertex               0      45.7894507      44.3380258
    endloop
  endfacet
  facet normal              -1               0              -0  
    outer loop
      vertex               0      34.5127014      45.9482174
      vertex               0      45.7894507      44.3380258
      vertex               0      36.6710292      31.4082528
    endloop
  endfacet
  facet normal              -1               0              -0  
    outer loop
      vertex               0              70      58.1292979
      vertex               0              80      59.0041845
      vertex               0      75.9086027      48.1813646
    endloop
  endfacet
  facet normal              -1               0              -0  
    outer loop
      vertex               0               0      16.0126135
      vertex               0      10.4654408      12.5405338
      vertex               0               0               0
    endloop
  endfacet
  facet normal              -1               0               0  
    outer loop
      vertex               0      13.2827119      23.1883085
      vertex               0      22.5207407      28.7197585
      vertex               0      24.1097173      15.5861194
    endloop
  endfacet
  facet normal              -1               0              -0  
    outer loop
      vertex               0       14.836577      38.1025044
      vertex               0      25.1488277      40.5003776
      vertex               0      22.5207407      28.7197585
    endloop
  endfacet
  facet normal              -1               0               0  
    outer loop
      vertex               0       87.755622      31.2092846
      vertex               0       94.213901      38.6270717
      vertex               0             100      28.9358131
    endloop
  endfacet
  facet normal              -1              -0              -0  
    outer loop
      vertex               0      85.6585414      43.0420637
      vertex               0       87.755622      31.2092846
      vertex               0      74.8216097      36.4245343
    endloop
  endfacet
  facet normal              -1              -0               0  
    outer loop
      vertex               0      90.5871692       53.247012
      vertex               0      85.6585414      43.0420637
      vertex               0      75.9086027      48.1813646
    endloop
  endfacet
  facet normal              -1               0              -0  
    outer loop
      vertex               0      75.9086027      48.1813646
      vertex               0      85.6585414      43.0420637
      vertex               0      74.8216097      36.4245343
    endloop
  endfacet
  facet normal              -1              -0               0  
    outer loop
      vertex               0      75.9086027      48.1813646
      vertex               0      74.8216097      36.4245343
      vertex               0      65.4863928      46.3380751
    endloop
  endfacet
  facet normal              -1              -0               0  
    outer loop
      vertex               0      75.9086027      48.1813646
      vertex               0      65.4863928      46.3380751
      vertex               0              70      58.1292979
    endloop
  endfacet
  facet normal              -1               0               0  
    outer loop
      vertex               0      45.7894507      44.3380258
      vertex               0              50      56.3795246
      vertex               0      55.7840428      46.9331935
    endloop
  endfacet
  facet normal              -1              -0              -0  
    outer loop
      vertex               0      45.7894507      44.3380258
      vertex               0      57.6443707      30.3559308
      vertex               0      36.6710292      31.4082528
    endloop
  endfacet
  facet normal              -1               0               0  
    outer loop
      vertex               0      55.7840428      46.9331935
      vertex               0              60      57.2544112
      vertex               0      65.4863928      46.3380751
    endloop
  endfacet
  facet normal              -1               0              -0  
    outer loop
      vertex               0      55.7840428      46.9331935
      vertex               0      65.4863928      46.3380751
      vertex               0      57.6443707      30.3559308
    endloop
  endfacet
  facet normal              -1               0               0  
    outer loop
      vertex               0      75.9086027      48.1813646
      vertex               0              80      59.0041845
      vertex               0      90.5871692       53.247012
    endloop
  endfacet
  facet normal              -1              -0              -0  
    outer loop
      vertex               0             100      28.9358131
      vertex               0             100       17.281851
      vertex               0       87.755622      31.2092846
    endloop
  endfacet
  facet normal              -1               0               0  
    outer loop
      vertex               0      22.5207407      28.7197585
      vertex               0      25.1488277      40.5003776
      vertex               0      36.6710292      31.4082528
    endloop
  endfacet
  facet normal              -1               0               0  
    outer loop
      vertex               0      25.1488277      40.5003776
      vertex               0      34.5127014      45.9482174
      vertex               0      36.6710292      31.4082528
    endloop
  endfacet
  facet normal              -1               0               0  
    outer loop
      vertex               0      24.1097173      15.5861194
      vertex               0      22.5207407      28.7197585
      vertex               0      36.6710292      31.4082528
    endloop
  endfacet
  facet normal              -1               0              -0  
    outer loop
      vertex               0      13.2827119      23.1883085
      vertex               0      24.1097173      15.5861194
      vertex               0      10.4654408      12.5405338
    endloop
  endfacet
  facet normal              -1               0               0  
    outer loop
      vertex               0               0               0
      vertex               0      10.4654408      12.5405338
      vertex               0              20               0
    endloop
  endfacet
  facet normal              -1               0              -0  
    outer loop
      vertex               0      74.8216097      36.4245343
      vertex               0       87.755622      31.2092846
      vertex               0      76.4761289      19.4204868
    endloop
  endfacet
  facet normal              -1               0               0  
    outer loop
      vertex               0              20               0
      vertex               0      10.4654408      12.5405338
      vertex               0      24.1097173      15.5861194
    endloop
  endfacet
  facet normal              -1              -0              -0  
    outer loop
      vertex               0             100       17.281851
      vertex               0             100               0
      vertex               0              80               0
    endloop
  endfacet
  facet normal              -1               0               0  
    outer loop
      vertex               0      76.4761289      19.4204868
      vertex               0       87.755622      31.2092846
      vertex               0             100       17.281851
    endloop
  endfacet
  facet normal              -1              -0              -0  
    outer loop
      vertex               0      74.8216097      36.4245343
      vertex               0      76.4761289      19.4204868
      vertex               0      57.6443707      30.3559308
    endloop
  endfacet
  facet normal              -1               0               0  
    outer loop
      vertex               0              20               0
      vertex               0      24.1097173      15.5861194
      vertex               0              40               0
    endloop
  endfacet
  facet normal              -1               0              -0  
    outer loop
      vertex               0      57.6443707      30.3559308
      vertex               0      76.4761289      19.4204868
      vertex               0              60               0
    endloop
  endfacet
  facet normal              -1              -0               0  
    outer loop
      vertex               0      74.8216097      36.4245343
      vertex               0      57.6443707      30.3559308
      vertex               0      65.4863928      46.3380751
    endloop
  endfacet
  facet normal              -1              -0              -0  
    outer loop
      vertex               0      55.7840428      46.9331935
      vertex               0      57.6443707      30.3559308
      vertex               0      45.7894507      44.3380258
    endloop
  endfacet
  facet normal              -1               0              -0  
    outer loop
      vertex               0      36.6710292      31.4082528
      vertex               0      57.6443707      30.3559308
      vertex               0      43.6850234      15.4700606
    endloop
  endfacet
  facet normal              -1               0               0  
    outer loop
      vertex               0      43.6850234      15.4700606
      vertex               0      57.6443707      30.3559308
      vertex               0              60               0
    endloop
  endfacet
  facet normal              -1              -0              -0  
    outer loop
      vertex               0      43.6850234      15.4700606
      vertex               0              60               0
      vertex               0              40               0
    endloop
  endfacet
  facet normal              -1              -0               0  
    outer loop
      vertex               0      43.6850234      15.4700606
      vertex               0              40               0
      vertex               0      24.1097173      15.5861194
    endloop
  endfacet
  facet normal              -1              -0              -0  
    outer loop
      vertex               0      36.6710292      31.4082528
      vertex               0      43.6850234      15.4700606
      vertex               0      24.1097173      15.5861194
    endloop
  endfacet
  facet normal              -1               0               0  
    outer loop
      vertex               0              80               0
      vertex               0              60               0
      vertex               0      76.4761289      19.4204868
    endloop
  endfacet
  facet normal              -1               0               0  
    outer loop
      vertex               0              80               0
      vertex               0      76.4761289      19.4204868
      vertex               0             100       17.281851
    endloop
  endfacet
  facet normal              -0              -1               0  
    outer loop
      vertex             100               0      50.7994404
      vertex             100               0      51.4814444
      vertex      98.7750814               0      50.9148151
    endloop
  endfacet
  facet normal              -0              -1               0  
    outer loop
      vertex             100               0      51.4814444
      vertex             100               0      52.0050914
      vertex      98.8989107               0      51.4213781
    endloop
  endfacet
  facet normal               0              -1               0  
    outer loop
      vertex               0               0      52.0050914
      vertex      1.48635714               0      50.7923432
      vertex      3.88739099               0      51.0027744
    endloop
  endfacet
  facet normal              -0              -1               0  
    outer loop
      vertex      98.8989107               0      51.4213781
      vertex             100               0      52.0050914
      vertex      96.8205615               0      51.2841617
    endloop
  endfacet
  facet normal               0              -1               0  
    outer loop
      vertex             100               0      51.4814444
      vertex      98.8989107               0      51.4213781
      vertex      98.7750814               0      50.9148151
    endloop
  endfacet
  facet normal               0              -1               0  
    outer loop
      vertex               0               0      52.0050914
      vertex               0               0      51.4814444
      vertex      1.48635714               0      50.7923432
    endloop
  endfacet
  facet normal               0              -1               0  
    outer loop
      vertex               0               0      52.0050914
      vertex      3.88739099               0      51.0027744
      vertex              10               0      52.0050914
    endloop
  endfacet
  facet normal              -0              -1               0  
    outer loop
      vertex      98.7750814               0      50.9148151
      vertex      98.8989107               0      51.4213781
      vertex      96.8205615               0      51.2841617
    endloop
  endfacet
  facet normal               0              -1               0  
    outer loop
      vertex               0               0      51.4814444
      vertex               0               0      50.7994404
      vertex      1.48635714               0      50.7923432
    endloop
  endfacet
  facet normal              -0              -1              -0  
    outer loop
      vertex      1.48635714               0      50.7923432
      vertex               0               0      50.7994404
      vertex               0               0      49.9134142
    endloop
  endfacet
  facet normal               0              -1              -0  
    outer loop
      vertex      3.88739099               0      51.0027744
      vertex      2.91250057               0      50.0329314
      vertex      5.03809725               0      50.1784148
    endloop
  endfacet
  facet normal              -0              -1              -0  
    outer loop
      vertex             100               0      50.7994404
      vertex      98.7750814               0      50.9148151
      vertex      99.1437917               0      50.0309295
    endloop
  endfacet
  facet normal               0              -1               0  
    outer loop
      vertex      96.8205615               0      51.2841617
      vertex             100               0      52.0050914
      vertex              90               0      52.0050914
    endloop
  endfacet
  facet normal              -0              -1              -0  
    outer loop
      vertex      98.7750814               0      50.9148151
      vertex      96.8205615               0      51.2841617
      vertex      97.4179091               0      50.3350331
    endloop
  endfacet
  facet normal               0              -1              -0  
    outer loop
      vertex      3.88739099               0      51.0027744
      vertex      1.48635714               0      50.7923432
      vertex      2.91250057               0      50.0329314
    endloop
  endfacet
  facet normal               0              -1               0  
    outer loop
      vertex      3.88739099               0      51.0027744
      vertex      5.03809725               0      50.1784148
      vertex              10               0      52.0050914
    endloop
  endfacet
  facet normal              -0              -1               0  
    outer loop
      vertex             100               0      49.9134142
      vertex             100               0      50.7994404
      vertex      99.1437917               0      50.0309295
    endloop
  endfacet
  facet normal              -0              -1              -0  
    outer loop
      vertex             100               0      49.9134142
      vertex      99.1437917               0      50.0309295
      vertex             100               0      48.7660714
    endloop
  endfacet
  facet normal              -0              -1               0  
    outer loop
      vertex      99.1437917               0      50.0309295
      vertex      98.7750814               0      50.9148151
      vertex      97.4179091               0      50.3350331
    endloop
  endfacet
  facet normal              -0              -1               0  
    outer loop
      vertex      97.4179091               0      50.3350331
      vertex      96.8205615               0      51.2841617
      vertex      96.2368286               0      49.6333629
    endloop
  endfacet
  facet normal              -0              -1               0  
    outer loop
      vertex      2.91250057               0      50.0329314
      vertex      1.48635714               0      50.7923432
      vertex      1.21991554               0      49.0705122
    endloop
  endfacet
  facet normal              -0              -1              -0  
    outer loop
      vertex      99.1437917               0      50.0309295
      vertex      97.4179091               0      50.3350331
      vertex      98.2903359               0      49.3312412
    endloop
  endfacet
  facet normal               0              -1               0  
    outer loop
      vertex               0               0      49.9134142
      vertex               0               0      48.7660714
      vertex      1.21991554               0      49.0705122
    endloop
  endfacet
  facet normal               0              -1               0  
    outer loop
      vertex      95.2408555               0      50.8156881
      vertex      96.8205615               0      51.2841617
      vertex              90               0      52.0050914
    endloop
  endfacet
  facet normal               0              -1              -0  
    outer loop
      vertex      96.8205615               0      51.2841617
      vertex      95.2408555               0      50.8156881
      vertex      96.2368286               0      49.6333629
    endloop
  endfacet
  facet normal               0              -1              -0  
    outer loop
      vertex      5.03809725               0      50.1784148
      vertex      2.91250057               0      50.0329314
      vertex      3.18168651               0      49.0033608
    endloop
  endfacet
  facet normal               0              -1               0  
    outer loop
      vertex      5.03809725               0      50.1784148
      vertex      6.42959369               0      49.7313168
      vertex              10               0      52.0050914
    endloop
  endfacet
  facet normal              -0              -1               0  
    outer loop
      vertex      98.2903359               0      49.3312412
      vertex      97.4179091               0      50.3350331
      vertex      96.2368286               0      49.6333629
    endloop
  endfacet
  facet normal               0              -1              -0  
    outer loop
      vertex      99.1437917               0      50.0309295
      vertex      98.2903359               0      49.3312412
      vertex             100               0      48.7660714
    endloop
  endfacet
  facet normal               0              -1              -0  
    outer loop
      vertex      1.21991554               0      49.0705122
      vertex               0               0      48.7660714
      vertex      1.63558305               0      47.3690863
    endloop
  endfacet
  facet normal               0              -1               0  
    outer loop
      vertex               0               0      49.9134142
      vertex      1.21991554               0      49.0705122
      vertex      1.48635714               0      50.7923432
    endloop
  endfacet
  facet normal               0              -1              -0  
    outer loop
      vertex      2.91250057               0      50.0329314
      vertex      1.21991554               0      49.0705122
      vertex      3.18168651               0      49.0033608
    endloop
  endfacet
  facet normal              -0              -1              -0  
    outer loop
      vertex      98.2903359               0      49.3312412
      vertex      96.2368286               0      49.6333629
      vertex      96.9052634               0      47.9884714
    endloop
  endfacet
  facet normal              -0              -1              -0  
    outer loop
      vertex      3.18168651               0      49.0033608
      vertex      1.21991554               0      49.0705122
      vertex      1.63558305               0      47.3690863
    endloop
  endfacet
  facet normal              -0              -1               0  
    outer loop
      vertex             100               0      47.2865804
      vertex             100               0      48.7660714
      vertex      98.4634929               0      48.0263259
    endloop
  endfacet
  facet normal               0              -1               0  
    outer loop
      vertex               0               0      48.7660714
      vertex               0               0      47.2865804
      vertex      1.63558305               0      47.3690863
    endloop
  endfacet
  facet normal               0              -1              -0  
    outer loop
      vertex      1.63558305               0      47.3690863
      vertex               0               0      47.2865804
      vertex               0               0      45.3890904
    endloop
  endfacet
  facet normal              -0              -1               0  
    outer loop
      vertex      96.2368286               0      49.6333629
      vertex      95.2408555               0      50.8156881
      vertex      94.2137249               0      50.3250316
    endloop
  endfacet
  facet normal               0              -1               0  
    outer loop
      vertex      3.18168651               0      49.0033608
      vertex      4.53756095               0      47.8872891
      vertex      6.42959369               0      49.7313168
    endloop
  endfacet
  facet normal               0              -1               0  
    outer loop
      vertex      98.4634929               0      48.0263259
      vertex             100               0      48.7660714
      vertex      98.2903359               0      49.3312412
    endloop
  endfacet
  facet normal              -0              -1               0  
    outer loop
      vertex      98.4634929               0      48.0263259
      vertex      98.2903359               0      49.3312412
      vertex      96.9052634               0      47.9884714
    endloop
  endfacet
  facet normal              -0              -1               0  
    outer loop
      vertex             100               0      47.2865804
      vertex      98.4634929               0      48.0263259
      vertex      98.1515176               0      45.6381479
    endloop
  endfacet
  facet normal               0              -1              -0  
    outer loop
      vertex      98.4634929               0      48.0263259
      vertex      96.9052634               0      47.9884714
      vertex      98.1515176               0      45.6381479
    endloop
  endfacet
  facet normal               0              -1               0  
    outer loop
      vertex      94.2137249               0      50.3250316
      vertex      95.2408555               0      50.8156881
      vertex              90               0      52.0050914
    endloop
  endfacet
  facet normal              -0              -1              -0  
    outer loop
      vertex      96.2368286               0      49.6333629
      vertex      94.2137249               0      50.3250316
      vertex       95.194756               0        48.95052
    endloop
  endfacet
  facet normal               0              -1               0  
    outer loop
      vertex      3.18168651               0      49.0033608
      vertex      6.42959369               0      49.7313168
      vertex      5.03809725               0      50.1784148
    endloop
  endfacet
  facet normal              -0              -1               0  
    outer loop
      vertex             100               0      45.3890904
      vertex             100               0      47.2865804
      vertex      98.1515176               0      45.6381479
    endloop
  endfacet
  facet normal              -0              -1              -0  
    outer loop
      vertex             100               0      45.3890904
      vertex      98.1515176               0      45.6381479
      vertex             100               0      42.9723091
    endloop
  endfacet
  facet normal              -0              -1               0  
    outer loop
      vertex      96.9052634               0      47.9884714
      vertex      96.2368286               0      49.6333629
      vertex       95.194756               0        48.95052
    endloop
  endfacet
  facet normal              -0              -1               0  
    outer loop
      vertex      96.9052634               0      47.9884714
      vertex       95.194756               0        48.95052
      vertex      94.8803042               0       46.269472
    endloop
  endfacet
  facet normal               0              -1              -0  
    outer loop
      vertex      3.18168651               0      49.0033608
      vertex      1.63558305               0      47.3690863
      vertex      4.53756095               0      47.8872891
    endloop
  endfacet
  facet normal              -0              -1               0  
    outer loop
      vertex       95.194756               0        48.95052
      vertex      94.2137249               0      50.3250316
      vertex      92.9729785               0       49.698483
    endloop
  endfacet
  facet normal               0              -1              -0  
    outer loop
      vertex      6.42959369               0      49.7313168
      vertex      4.53756095               0      47.8872891
      vertex      7.60878281               0      48.6539424
    endloop
  endfacet
  facet normal               0              -1               0  
    outer loop
      vertex               0               0      45.3890904
      vertex               0               0      42.9723091
      vertex      2.50991839               0      44.1806998
    endloop
  endfacet
  facet normal               0              -1               0  
    outer loop
      vertex      92.9729785               0       49.698483
      vertex      94.2137249               0      50.3250316
      vertex              90               0      52.0050914
    endloop
  endfacet
  facet normal              -0              -1               0  
    outer loop
      vertex       95.194756               0        48.95052
      vertex      92.9729785               0       49.698483
      vertex      92.1631841               0      47.7857298
    endloop
  endfacet
  facet normal               0              -1              -0  
    outer loop
      vertex      7.60878281               0      48.6539424
      vertex      4.53756095               0      47.8872891
      vertex      6.48374475               0      46.0831086
    endloop
  endfacet
  facet normal               0              -1               0  
    outer loop
      vertex      6.42959369               0      49.7313168
      vertex      7.60878281               0      48.6539424
      vertex              10               0      52.0050914
    endloop
  endfacet
  facet normal              -0              -1               0  
    outer loop
      vertex      98.1515176               0      45.6381479
      vertex      96.9052634               0      47.9884714
      vertex      94.8803042               0       46.269472
    endloop
  endfacet
  facet normal               0              -1              -0  
    outer loop
      vertex      1.63558305               0      47.3690863
      vertex               0               0      45.3890904
      vertex      2.50991839               0      44.1806998
    endloop
  endfacet
  facet normal              -0              -1               0  
    outer loop
      vertex      94.8803042               0       46.269472
      vertex       95.194756               0        48.95052
      vertex      92.1631841               0      47.7857298
    endloop
  endfacet
  facet normal              -0              -1               0  
    outer loop
      vertex      94.8803042               0       46.269472
      vertex      92.1631841               0      47.7857298
      vertex      92.0086034               0      43.6669507
    endloop
  endfacet
  facet normal               0              -1              -0  
    outer loop
      vertex      4.53756095               0      47.8872891
      vertex      1.63558305               0      47.3690863
      vertex      2.50991839               0      44.1806998
    endloop
  endfacet
  facet normal               0              -1              -0  
    outer loop
      vertex      2.50991839               0      44.1806998
      vertex               0               0      42.9723091
      vertex      2.47893904               0      40.5965392
    endloop
  endfacet
  facet normal              -0              -1               0  
    outer loop
      vertex             100               0      39.9210904
      vertex             100               0      42.9723091
      vertex      96.4195769               0      42.0861641
    endloop
  endfacet
  facet normal               0              -1               0  
    outer loop
      vertex               0               0      42.9723091
      vertex               0               0      39.9210904
      vertex      2.47893904               0      40.5965392
    endloop
  endfacet
  facet normal               0              -1              -0  
    outer loop
      vertex      2.47893904               0      40.5965392
      vertex               0               0      39.9210904
      vertex               0               0      36.1113075
    endloop
  endfacet
  facet normal               0              -1               0  
    outer loop
      vertex      92.1631841               0      47.7857298
      vertex      92.9729785               0       49.698483
      vertex              90               0      52.0050914
    endloop
  endfacet
  facet normal              -0              -1               0  
    outer loop
      vertex      6.48374475               0      46.0831086
      vertex      4.53756095               0      47.8872891
      vertex      2.50991839               0      44.1806998
    endloop
  endfacet
  facet normal               0              -1              -0  
    outer loop
      vertex      7.60878281               0      48.6539424
      vertex      6.48374475               0      46.0831086
      vertex      10.5930147               0      47.5629061
    endloop
  endfacet
  facet normal              -0              -1               0  
    outer loop
      vertex             100               0      42.9723091
      vertex      98.1515176               0      45.6381479
      vertex      96.4195769               0      42.0861641
    endloop
  endfacet
  facet normal               0              -1              -0  
    outer loop
      vertex      2.50991839               0      44.1806998
      vertex      2.47893904               0      40.5965392
      vertex      5.70677213               0      42.5116628
    endloop
  endfacet
  facet normal              -0              -1              -0  
    outer loop
      vertex      98.1515176               0      45.6381479
      vertex      94.8803042               0       46.269472
      vertex      96.4195769               0      42.0861641
    endloop
  endfacet
  facet normal              -0              -1              -0  
    outer loop
      vertex             100               0      39.9210904
      vertex      96.4195769               0      42.0861641
      vertex      96.8703062               0      36.9554636
    endloop
  endfacet
  facet normal               0              -1              -0  
    outer loop
      vertex      10.5930147               0      47.5629061
      vertex      6.48374475               0      46.0831086
      vertex      9.87361416               0      43.2575709
    endloop
  endfacet
  facet normal               0              -1               0  
    outer loop
      vertex      7.60878281               0      48.6539424
      vertex      10.5930147               0      47.5629061
      vertex              10               0      52.0050914
    endloop
  endfacet
  facet normal              -0              -1               0  
    outer loop
      vertex             100               0      36.1113075
      vertex             100               0      39.9210904
      vertex      96.8703062               0      36.9554636
    endloop
  endfacet
  facet normal              -0              -1              -0  
    outer loop
      vertex             100               0      36.1113075
      vertex      96.8703062               0      36.9554636
      vertex             100               0      31.4194496
    endloop
  endfacet
  facet normal              -0              -1               0  
    outer loop
      vertex      92.0086034               0      43.6669507
      vertex      92.1631841               0      47.7857298
      vertex      87.1364334               0      46.6433597
    endloop
  endfacet
  facet normal               0              -1              -0  
    outer loop
      vertex      94.8803042               0       46.269472
      vertex      92.0086034               0      43.6669507
      vertex      96.4195769               0      42.0861641
    endloop
  endfacet
  facet normal               0              -1              -0  
    outer loop
      vertex      5.70677213               0      42.5116628
      vertex      2.47893904               0      40.5965392
      vertex      7.18764431               0      38.4403954
    endloop
  endfacet
  facet normal               0              -1               0  
    outer loop
      vertex      2.50991839               0      44.1806998
      vertex      5.70677213               0      42.5116628
      vertex      6.48374475               0      46.0831086
    endloop
  endfacet
  facet normal               0              -1              -0  
    outer loop
      vertex      6.48374475               0      46.0831086
      vertex      5.70677213               0      42.5116628
      vertex      9.87361416               0      43.2575709
    endloop
  endfacet
  facet normal               0              -1              -0  
    outer loop
      vertex      9.87361416               0      43.2575709
      vertex      5.70677213               0      42.5116628
      vertex      7.18764431               0      38.4403954
    endloop
  endfacet
  facet normal              -0              -1               0  
    outer loop
      vertex      96.8703062               0      36.9554636
      vertex      96.4195769               0      42.0861641
      vertex      93.0263072               0      39.1797151
    endloop
  endfacet
  facet normal               0              -1              -0  
    outer loop
      vertex      10.5930147               0      47.5629061
      vertex      9.87361416               0      43.2575709
      vertex      15.1247217               0      45.7038937
    endloop
  endfacet
  facet normal               0              -1               0  
    outer loop
      vertex              10               0      52.0050914
      vertex      10.5930147               0      47.5629061
      vertex      14.7072412               0      49.6202758
    endloop
  endfacet
  facet normal               0              -1               0  
    outer loop
      vertex               0               0      36.1113075
      vertex               0               0      31.4194496
      vertex      4.87267113               0      33.7653786
    endloop
  endfacet
  facet normal               0              -1               0  
    outer loop
      vertex      87.1364334               0      46.6433597
      vertex      92.1631841               0      47.7857298
      vertex              90               0      52.0050914
    endloop
  endfacet
  facet normal              -0              -1              -0  
    outer loop
      vertex      92.0086034               0      43.6669507
      vertex      87.1364334               0      46.6433597
      vertex       87.273512               0      40.4182494
    endloop
  endfacet
  facet normal              -0              -1               0  
    outer loop
      vertex      7.18764431               0      38.4403954
      vertex      2.47893904               0      40.5965392
      vertex               0               0      36.1113075
    endloop
  endfacet
  facet normal               0              -1               0  
    outer loop
      vertex      93.0263072               0      39.1797151
      vertex      96.4195769               0      42.0861641
      vertex      92.0086034               0      43.6669507
    endloop
  endfacet
  facet normal              -0              -1               0  
    outer loop
      vertex      93.0263072               0      39.1797151
      vertex      92.0086034               0      43.6669507
      vertex       87.273512               0      40.4182494
    endloop
  endfacet
  facet normal              -0              -1               0  
    outer loop
      vertex      96.8703062               0      36.9554636
      vertex      93.0263072               0      39.1797151
      vertex      90.9953632               0      34.3050633
    endloop
  endfacet
  facet normal              -0              -1              -0  
    outer loop
      vertex      93.0263072               0      39.1797151
      vertex       87.273512               0      40.4182494
      vertex      90.9953632               0      34.3050633
    endloop
  endfacet
  facet normal               0              -1              -0  
    outer loop
      vertex      15.1247217               0      45.7038937
      vertex      9.87361416               0      43.2575709
      vertex      14.7485197               0      39.1942199
    endloop
  endfacet
  facet normal               0              -1               0  
    outer loop
      vertex      10.5930147               0      47.5629061
      vertex      15.1247217               0      45.7038937
      vertex      14.7072412               0      49.6202758
    endloop
  endfacet
  facet normal               0              -1               0  
    outer loop
      vertex      14.7072412               0      49.6202758
      vertex      15.1247217               0      45.7038937
      vertex              20               0      52.0050914
    endloop
  endfacet
  facet normal               0              -1               0  
    outer loop
      vertex              10               0      52.0050914
      vertex      14.7072412               0      49.6202758
      vertex              20               0      52.0050914
    endloop
  endfacet
  facet normal               0              -1              -0  
    outer loop
      vertex      4.87267113               0      33.7653786
      vertex               0               0      31.4194496
      vertex      4.97110265               0      27.3275119
    endloop
  endfacet
  facet normal               0              -1               0  
    outer loop
      vertex               0               0      36.1113075
      vertex      4.87267113               0      33.7653786
      vertex      7.18764431               0      38.4403954
    endloop
  endfacet
  facet normal               0              -1              -0  
    outer loop
      vertex      7.18764431               0      38.4403954
      vertex      4.87267113               0      33.7653786
      vertex      12.1954534               0      33.5799477
    endloop
  endfacet
  facet normal              -0              -1               0  
    outer loop
      vertex             100               0      25.7380871
      vertex             100               0      31.4194496
      vertex       94.099691               0      28.5787684
    endloop
  endfacet
  facet normal               0              -1               0  
    outer loop
      vertex               0               0      31.4194496
      vertex               0               0      25.7380871
      vertex      4.97110265               0      27.3275119
    endloop
  endfacet
  facet normal               0              -1              -0  
    outer loop
      vertex      4.97110265               0      27.3275119
      vertex               0               0      25.7380871
      vertex      4.64040455               0      19.7932567
    endloop
  endfacet
  facet normal              -0              -1               0  
    outer loop
      vertex       87.273512               0      40.4182494
      vertex      87.1364334               0      46.6433597
      vertex      81.3733011               0      43.9790454
    endloop
  endfacet
  facet normal               0              -1               0  
    outer loop
      vertex      87.1364334               0      46.6433597
      vertex              90               0      52.0050914
      vertex              80               0      52.0050914
    endloop
  endfacet
  facet normal               0              -1              -0  
    outer loop
      vertex      96.8703062               0      36.9554636
      vertex      90.9953632               0      34.3050633
      vertex             100               0      31.4194496
    endloop
  endfacet
  facet normal              -0              -1               0  
    outer loop
      vertex      14.7485197               0      39.1942199
      vertex      9.87361416               0      43.2575709
      vertex      7.18764431               0      38.4403954
    endloop
  endfacet
  facet normal               0              -1              -0  
    outer loop
      vertex      15.1247217               0      45.7038937
      vertex      14.7485197               0      39.1942199
      vertex       21.614989               0      42.4761482
    endloop
  endfacet
  facet normal               0              -1               0  
    outer loop
      vertex      4.87267113               0      33.7653786
      vertex      4.97110265               0      27.3275119
      vertex      12.1954534               0      33.5799477
    endloop
  endfacet
  facet normal               0              -1               0  
    outer loop
      vertex       94.099691               0      28.5787684
      vertex             100               0      31.4194496
      vertex      90.9953632               0      34.3050633
    endloop
  endfacet
  facet normal              -0              -1               0  
    outer loop
      vertex       94.099691               0      28.5787684
      vertex      90.9953632               0      34.3050633
      vertex      85.2561644               0      27.8173363
    endloop
  endfacet
  facet normal              -0              -1               0  
    outer loop
      vertex             100               0      25.7380871
      vertex       94.099691               0      28.5787684
      vertex      93.9805005               0      20.7831669
    endloop
  endfacet
  facet normal               0              -1               0  
    outer loop
      vertex      81.3733011               0      43.9790454
      vertex      87.1364334               0      46.6433597
      vertex              80               0      52.0050914
    endloop
  endfacet
  facet normal              -0              -1               0  
    outer loop
      vertex       87.273512               0      40.4182494
      vertex      81.3733011               0      43.9790454
      vertex      80.4415615               0      35.7664608
    endloop
  endfacet
  facet normal               0              -1               0  
    outer loop
      vertex      7.18764431               0      38.4403954
      vertex      12.1954534               0      33.5799477
      vertex      14.7485197               0      39.1942199
    endloop
  endfacet
  facet normal               0              -1              -0  
    outer loop
      vertex      14.7485197               0      39.1942199
      vertex      12.1954534               0      33.5799477
      vertex      22.6451063               0      32.2156467
    endloop
  endfacet
  facet normal              -0              -1              -0  
    outer loop
      vertex      4.64040455               0      19.7932567
      vertex               0               0      25.7380871
      vertex               0               0      16.0126135
    endloop
  endfacet
  facet normal               0              -1              -0  
    outer loop
      vertex      4.64040455               0      19.7932567
      vertex               0               0      16.0126135
      vertex      8.74726303               0      10.0142875
    endloop
  endfacet
  facet normal               0              -1              -0  
    outer loop
      vertex      4.97110265               0      27.3275119
      vertex      4.64040455               0      19.7932567
      vertex      13.2827119               0      23.1883085
    endloop
  endfacet
  facet normal               0              -1              -0  
    outer loop
      vertex       21.614989               0      42.4761482
      vertex      14.7485197               0      39.1942199
      vertex      22.6451063               0      32.2156467
    endloop
  endfacet
  facet normal               0              -1               0  
    outer loop
      vertex      15.1247217               0      45.7038937
      vertex       21.614989               0      42.4761482
      vertex              20               0      52.0050914
    endloop
  endfacet
  facet normal              -0              -1               0  
    outer loop
      vertex      93.9805005               0      20.7831669
      vertex       94.099691               0      28.5787684
      vertex      85.2561644               0      27.8173363
    endloop
  endfacet
  facet normal               0              -1              -0  
    outer loop
      vertex             100               0      25.7380871
      vertex      93.9805005               0      20.7831669
      vertex             100               0      16.0126135
    endloop
  endfacet
  facet normal              -0              -1               0  
    outer loop
      vertex             100               0      16.0126135
      vertex      93.9805005               0      20.7831669
      vertex       90.670211               0      10.4232445
    endloop
  endfacet
  facet normal               0              -1               0  
    outer loop
      vertex      81.3733011               0      43.9790454
      vertex              80               0      52.0050914
      vertex              70               0      52.0050914
    endloop
  endfacet
  facet normal              -0              -1               0  
    outer loop
      vertex      90.9953632               0      34.3050633
      vertex       87.273512               0      40.4182494
      vertex      80.4415615               0      35.7664608
    endloop
  endfacet
  facet normal              -0              -1               0  
    outer loop
      vertex      80.4415615               0      35.7664608
      vertex      81.3733011               0      43.9790454
      vertex      71.9555429               0      40.8883687
    endloop
  endfacet
  facet normal               0              -1               0  
    outer loop
      vertex      85.2561644               0      27.8173363
      vertex      90.9953632               0      34.3050633
      vertex      80.4415615               0      35.7664608
    endloop
  endfacet
  facet normal               0              -1              -0  
    outer loop
      vertex      13.2827119               0      23.1883085
      vertex      4.64040455               0      19.7932567
      vertex      8.74726303               0      10.0142875
    endloop
  endfacet
  facet normal               0              -1               0  
    outer loop
      vertex      4.97110265               0      27.3275119
      vertex      13.2827119               0      23.1883085
      vertex      12.1954534               0      33.5799477
    endloop
  endfacet
  facet normal              -0              -1               0  
    outer loop
      vertex      85.2561644               0      27.8173363
      vertex      80.4415615               0      35.7664608
      vertex      72.4117199               0      25.4703599
    endloop
  endfacet
  facet normal               0              -1               0  
    outer loop
      vertex              20               0      52.0050914
      vertex       21.614989               0      42.4761482
      vertex              30               0      52.0050914
    endloop
  endfacet
  facet normal               0              -1               0  
    outer loop
      vertex      71.9555429               0      40.8883687
      vertex      81.3733011               0      43.9790454
      vertex              70               0      52.0050914
    endloop
  endfacet
  facet normal              -0              -1              -0  
    outer loop
      vertex      80.4415615               0      35.7664608
      vertex      71.9555429               0      40.8883687
      vertex      72.4117199               0      25.4703599
    endloop
  endfacet
  facet normal              -0              -1              -0  
    outer loop
      vertex              60               0      52.0050914
      vertex              50               0      52.0050914
      vertex      58.4628643               0      39.1129669
    endloop
  endfacet
  facet normal              -0              -1              -0  
    outer loop
      vertex              40               0      52.0050914
      vertex              30               0      52.0050914
      vertex              35               0      41.6197148
    endloop
  endfacet
  facet normal              -0              -1              -0  
    outer loop
      vertex              50               0      52.0050914
      vertex              40               0      52.0050914
      vertex              45               0      41.6197148
    endloop
  endfacet
  facet normal              -0              -1              -0  
    outer loop
      vertex              70               0      52.0050914
      vertex              60               0      52.0050914
      vertex      71.9555429               0      40.8883687
    endloop
  endfacet
  facet normal              -0              -1              -0  
    outer loop
      vertex      22.6451063               0      32.2156467
      vertex      12.1954534               0      33.5799477
      vertex      13.2827119               0      23.1883085
    endloop
  endfacet
  facet normal               0              -1               0  
    outer loop
      vertex       21.614989               0      42.4761482
      vertex      22.6451063               0      32.2156467
      vertex              35               0      41.6197148
    endloop
  endfacet
  facet normal              -0              -1              -0  
    outer loop
      vertex      8.74726303               0      10.0142875
      vertex               0               0      16.0126135
      vertex               0               0               0
    endloop
  endfacet
  facet normal               0              -1               0  
    outer loop
      vertex       90.670211               0      10.4232445
      vertex      93.9805005               0      20.7831669
      vertex      85.2561644               0      27.8173363
    endloop
  endfacet
  facet normal               0              -1              -0  
    outer loop
      vertex             100               0      16.0126135
      vertex       90.670211               0      10.4232445
      vertex             100               0               0
    endloop
  endfacet
  facet normal              -0              -1               0  
    outer loop
      vertex      58.4628643               0      39.1129669
      vertex              50               0      52.0050914
      vertex              45               0      41.6197148
    endloop
  endfacet
  facet normal              -0              -1              -0  
    outer loop
      vertex      58.4628643               0      39.1129669
      vertex              45               0      41.6197148
      vertex      51.4099228               0       22.689175
    endloop
  endfacet
  facet normal              -0              -1               0  
    outer loop
      vertex              35               0      41.6197148
      vertex              30               0      52.0050914
      vertex       21.614989               0      42.4761482
    endloop
  endfacet
  facet normal              -0              -1               0  
    outer loop
      vertex              45               0      41.6197148
      vertex              40               0      52.0050914
      vertex              35               0      41.6197148
    endloop
  endfacet
  facet normal               0              -1              -0  
    outer loop
      vertex              45               0      41.6197148
      vertex      36.0478168               0      27.4252608
      vertex      51.4099228               0       22.689175
    endloop
  endfacet
  facet normal               0              -1              -0  
    outer loop
      vertex              60               0      52.0050914
      vertex      58.4628643               0      39.1129669
      vertex      71.9555429               0      40.8883687
    endloop
  endfacet
  facet normal               0              -1              -0  
    outer loop
      vertex      85.2561644               0      27.8173363
      vertex      72.4117199               0      25.4703599
      vertex       90.670211               0      10.4232445
    endloop
  endfacet
  facet normal               0              -1              -0  
    outer loop
      vertex      22.6451063               0      32.2156467
      vertex      13.2827119               0      23.1883085
      vertex      23.4538164               0      15.4739172
    endloop
  endfacet
  facet normal               0              -1              -0  
    outer loop
      vertex      13.2827119               0      23.1883085
      vertex      8.74726303               0      10.0142875
      vertex      23.4538164               0      15.4739172
    endloop
  endfacet
  facet normal               0              -1              -0  
    outer loop
      vertex      8.74726303               0      10.0142875
      vertex               0               0               0
      vertex              20               0               0
    endloop
  endfacet
  facet normal              -0              -1               0  
    outer loop
      vertex             100               0               0
      vertex       90.670211               0      10.4232445
      vertex              80               0               0
    endloop
  endfacet
  facet normal              -0              -1               0  
    outer loop
      vertex      72.4117199               0      25.4703599
      vertex      71.9555429               0      40.8883687
      vertex      58.4628643               0      39.1129669
    endloop
  endfacet
  facet normal               0              -1              -0  
    outer loop
      vertex              35               0      41.6197148
      vertex      22.6451063               0      32.2156467
      vertex      36.0478168               0      27.4252608
    endloop
  endfacet
  facet normal               0              -1               0  
    outer loop
      vertex      8.74726303               0      10.0142875
      vertex              20               0               0
      vertex      23.4538164               0      15.4739172
    endloop
  endfacet
  facet normal               0              -1               0  
    outer loop
      vertex              80               0               0
      vertex       90.670211               0      10.4232445
      vertex      72.4117199               0      25.4703599
    endloop
  endfacet
  facet normal              -0              -1              -0  
    outer loop
      vertex      36.0478168               0      27.4252608
      vertex      22.6451063               0      32.2156467
      vertex      23.4538164               0      15.4739172
    endloop
  endfacet
  facet normal               0              -1              -0  
    outer loop
      vertex      36.0478168               0      27.4252608
      vertex      23.4538164               0      15.4739172
      vertex              40               0               0
    endloop
  endfacet
  facet normal               0              -1               0  
    outer loop
      vertex              35               0      41.6197148
      vertex      36.0478168               0      27.4252608
      vertex              45               0      41.6197148
    endloop
  endfacet
  facet normal              -0              -1              -0  
    outer loop
      vertex      51.4099228               0       22.689175
      vertex      36.0478168               0      27.4252608
      vertex              40               0               0
    endloop
  endfacet
  facet normal               0              -1              -0  
    outer loop
      vertex      58.4628643               0      39.1129669
      vertex      51.4099228               0       22.689175
      vertex      72.4117199               0      25.4703599
    endloop
  endfacet
  facet normal               0              -1              -0  
    outer loop
      vertex      23.4538164               0      15.4739172
      vertex              20               0               0
      vertex              40               0               0
    endloop
  endfacet
  facet normal               0              -1               0  
    outer loop
      vertex              40               0               0
      vertex              60               0               0
      vertex      51.4099228               0       22.689175
    endloop
  endfacet
  facet normal               0              -1               0  
    outer loop
      vertex              60               0               0
      vertex              80               0               0
      vertex      72.4117199               0      25.4703599
    endloop
  endfacet
  facet normal               0              -1              -0  
    outer loop
      vertex      72.4117199               0      25.4703599
      vertex      51.4099228               0       22.689175
      vertex              60               0               0
    endloop
  endfacet
  facet normal               1               0               0  
    outer loop
      vertex             100               0      52.0050914
      vertex             100               0      51.4814444
      vertex             100     0.920457773      51.2637256
    endloop
  endfacet
  facet normal               1              -0               0  
    outer loop
      vertex             100               0      51.4814444
      vertex             100               0      50.7994404
      vertex             100     0.663279159      50.9373113
    endloop
  endfacet
  facet normal               1               0               0  
    outer loop
      vertex             100     0.920457773      51.2637256
      vertex             100               0      51.4814444
      vertex             100     0.663279159      50.9373113
    endloop
  endfacet
  facet normal               1              -0               0  
    outer loop
      vertex             100               0      52.0050914
      vertex             100      4.93854983       51.152465
      vertex             100              10      52.8799781
    endloop
  endfacet
  facet normal               1               0               0  
    outer loop
      vertex             100     0.920457773      51.2637256
      vertex             100     0.663279159      50.9373113
      vertex             100       1.4203339      50.6994579
    endloop
  endfacet
  facet normal               1              -0               0  
    outer loop
      vertex             100               0      50.7994404
      vertex             100               0      49.9134142
      vertex             100     0.918827987      50.2894856
    endloop
  endfacet
  facet normal               1               0               0  
    outer loop
      vertex             100     0.663279159      50.9373113
      vertex             100               0      50.7994404
      vertex             100     0.918827987      50.2894856
    endloop
  endfacet
  facet normal               1               0               0  
    outer loop
      vertex             100       1.4203339      50.6994579
      vertex             100     0.663279159      50.9373113
      vertex             100     0.918827987      50.2894856
    endloop
  endfacet
  facet normal               1              -0              -0  
    outer loop
      vertex             100     0.920457773      51.2637256
      vertex             100      2.41674086       51.045281
      vertex             100               0      52.0050914
    endloop
  endfacet
  facet normal               1              -0               0  
    outer loop
      vertex             100               0      49.9134142
      vertex             100               0      48.7660714
      vertex             100      1.19155866      49.3397428
    endloop
  endfacet
  facet normal               1               0               0  
    outer loop
      vertex             100     0.918827987      50.2894856
      vertex             100               0      49.9134142
      vertex             100      1.19155866      49.3397428
    endloop
  endfacet
  facet normal               1              -0               0  
    outer loop
      vertex             100     0.918827987      50.2894856
      vertex             100      1.19155866      49.3397428
      vertex             100      2.18236373      49.9614862
    endloop
  endfacet
  facet normal               1               0               0  
    outer loop
      vertex             100      1.19155866      49.3397428
      vertex             100               0      48.7660714
      vertex             100      1.12694786      47.5920561
    endloop
  endfacet
  facet normal               1              -0               0  
    outer loop
      vertex             100               0      48.7660714
      vertex             100               0      47.2865804
      vertex             100      1.12694786      47.5920561
    endloop
  endfacet
  facet normal               1               0               0  
    outer loop
      vertex             100      1.12694786      47.5920561
      vertex             100               0      47.2865804
      vertex             100               0      45.3890904
    endloop
  endfacet
  facet normal               1               0               0  
    outer loop
      vertex             100       1.4203339      50.6994579
      vertex             100     0.918827987      50.2894856
      vertex             100      2.18236373      49.9614862
    endloop
  endfacet
  facet normal               1               0               0  
    outer loop
      vertex             100      2.18236373      49.9614862
      vertex             100      1.19155866      49.3397428
      vertex             100      2.70974251      48.4910521
    endloop
  endfacet
  facet normal               1              -0               0  
    outer loop
      vertex             100      1.19155866      49.3397428
      vertex             100      1.12694786      47.5920561
      vertex             100      2.70974251      48.4910521
    endloop
  endfacet
  facet normal               1              -0               0  
    outer loop
      vertex             100       1.4203339      50.6994579
      vertex             100      2.18236373      49.9614862
      vertex             100      2.41674086       51.045281
    endloop
  endfacet
  facet normal               1              -0               0  
    outer loop
      vertex             100      2.18236373      49.9614862
      vertex             100      2.70974251      48.4910521
      vertex             100      4.07839096      49.5592291
    endloop
  endfacet
  facet normal               1               0               0  
    outer loop
      vertex             100      2.70974251      48.4910521
      vertex             100      1.12694786      47.5920561
      vertex             100      2.86038601      46.2797996
    endloop
  endfacet
  facet normal               1               0               0  
    outer loop
      vertex             100      2.41674086       51.045281
      vertex             100      2.18236373      49.9614862
      vertex             100      4.07839096      49.5592291
    endloop
  endfacet
  facet normal               1               0              -0  
    outer loop
      vertex             100       1.4203339      50.6994579
      vertex             100      2.41674086       51.045281
      vertex             100     0.920457773      51.2637256
    endloop
  endfacet
  facet normal               1               0               0  
    outer loop
      vertex             100      4.07839096      49.5592291
      vertex             100      2.70974251      48.4910521
      vertex             100      4.91908835      47.2989966
    endloop
  endfacet
  facet normal               1               0               0  
    outer loop
      vertex             100      2.86038601      46.2797996
      vertex             100      1.12694786      47.5920561
      vertex             100               0      45.3890904
    endloop
  endfacet
  facet normal               1              -0               0  
    outer loop
      vertex             100      2.70974251      48.4910521
      vertex             100      2.86038601      46.2797996
      vertex             100      4.91908835      47.2989966
    endloop
  endfacet
  facet normal               1               0               0  
    outer loop
      vertex             100      4.91908835      47.2989966
      vertex             100      2.86038601      46.2797996
      vertex             100      5.20084182      44.1410638
    endloop
  endfacet
  facet normal               1  -5.6618792e-15               0  
    outer loop
      vertex             100               0      45.3890904
      vertex             100               0      42.9723091
      vertex             100      2.50991839      44.1806998
    endloop
  endfacet
  facet normal               1              -0               0  
    outer loop
      vertex             100      2.41674086       51.045281
      vertex             100      4.07839096      49.5592291
      vertex             100      4.93854983       51.152465
    endloop
  endfacet
  facet normal               1 -4.29571773e-15  2.31917928e-15  
    outer loop
      vertex             100      4.93854983       51.152465
      vertex             100      4.07839096      49.5592291
      vertex             100      7.30386048      49.4060939
    endloop
  endfacet
  facet normal               1               0              -0  
    outer loop
      vertex             100      2.41674086       51.045281
      vertex             100      4.93854983       51.152465
      vertex             100               0      52.0050914
    endloop
  endfacet
  facet normal               1 -4.48502673e-15 -1.66821342e-15  
    outer loop
      vertex             100      4.07839096      49.5592291
      vertex             100      4.91908835      47.2989966
      vertex             100      7.30386048      49.4060939
    endloop
  endfacet
  facet normal               1 -1.89933566e-15  5.56487421e-15  
    outer loop
      vertex             100      4.93854983       51.152465
      vertex             100      7.30386048      49.4060939
      vertex             100              10      52.8799781
    endloop
  endfacet
  facet normal               1               0              -0  
    outer loop
      vertex             100             100      57.8451444
      vertex             100             100      60.7539578
      vertex             100       95.301956      57.2017304
    endloop
  endfacet
  facet normal               1 -3.43788352e-15 -4.61940656e-15  
    outer loop
      vertex             100      2.50991839      44.1806998
      vertex             100               0      42.9723091
      vertex             100      3.27546004      40.5346259
    endloop
  endfacet
  facet normal               1 -2.22374931e-15  7.14125476e-15  
    outer loop
      vertex             100               0      45.3890904
      vertex             100      2.50991839      44.1806998
      vertex             100      2.86038601      46.2797996
    endloop
  endfacet
  facet normal               1  5.36755107e-15  5.87380435e-15  
    outer loop
      vertex             100      2.86038601      46.2797996
      vertex             100      2.50991839      44.1806998
      vertex             100      5.20084182      44.1410638
    endloop
  endfacet
  facet normal               1  5.23982828e-15  -2.7974057e-15  
    outer loop
      vertex             100      5.20084182      44.1410638
      vertex             100      2.50991839      44.1806998
      vertex             100      3.27546004      40.5346259
    endloop
  endfacet
  facet normal               1              -0               0  
    outer loop
      vertex             100               0      42.9723091
      vertex             100               0      39.9210904
      vertex             100      3.27546004      40.5346259
    endloop
  endfacet
  facet normal               1               0               0  
    outer loop
      vertex             100      3.27546004      40.5346259
      vertex             100               0      39.9210904
      vertex             100               0      36.1113075
    endloop
  endfacet
  facet normal               1              -0               0  
    outer loop
      vertex             100      4.91908835      47.2989966
      vertex             100      5.20084182      44.1410638
      vertex             100      8.58971081      46.0349571
    endloop
  endfacet
  facet normal               1 -1.67117011e-15 -4.85288214e-15  
    outer loop
      vertex             100      7.30386048      49.4060939
      vertex             100      4.91908835      47.2989966
      vertex             100      8.58971081      46.0349571
    endloop
  endfacet
  facet normal               1               0              -0  
    outer loop
      vertex             100       95.301956      57.2017304
      vertex             100             100      60.7539578
      vertex             100              90      59.8790712
    endloop
  endfacet
  facet normal               1               0               0  
    outer loop
      vertex             100             100      57.8451444
      vertex             100       95.301956      57.2017304
      vertex             100             100      54.1791455
    endloop
  endfacet
  facet normal               1               0               0  
    outer loop
      vertex             100             100      54.1791455
      vertex             100       95.301956      57.2017304
      vertex             100      96.0061434      52.2030343
    endloop
  endfacet
  facet normal               1               0               0  
    outer loop
      vertex             100             100      54.1791455
      vertex             100      96.0061434      52.2030343
      vertex             100             100      49.6038959
    endloop
  endfacet
  facet normal               1               0               0  
    outer loop
      vertex             100      8.58971081      46.0349571
      vertex             100      5.20084182      44.1410638
      vertex             100      8.96845832      41.3783283
    endloop
  endfacet
  facet normal               1               0               0  
    outer loop
      vertex             100      96.0061434      52.2030343
      vertex             100       95.301956      57.2017304
      vertex             100       88.240354      52.4621697
    endloop
  endfacet
  facet normal               1  4.36518073e-15   7.0287847e-16  
    outer loop
      vertex             100              10      52.8799781
      vertex             100      7.30386048      49.4060939
      vertex             100      10.6854786      48.6228579
    endloop
  endfacet
  facet normal               1  3.53863995e-15 -2.86570793e-15  
    outer loop
      vertex             100      10.6854786      48.6228579
      vertex             100      7.30386048      49.4060939
      vertex             100      8.58971081      46.0349571
    endloop
  endfacet
  facet normal               1               0               0  
    outer loop
      vertex             100      10.6854786      48.6228579
      vertex             100      8.58971081      46.0349571
      vertex             100      12.8226411      45.2122694
    endloop
  endfacet
  facet normal               1              -0               0  
    outer loop
      vertex             100              10      52.8799781
      vertex             100      10.6854786      48.6228579
      vertex             100      14.6886813      49.5175004
    endloop
  endfacet
  facet normal               1              -0               0  
    outer loop
      vertex             100      5.20084182      44.1410638
      vertex             100      3.27546004      40.5346259
      vertex             100      8.96845832      41.3783283
    endloop
  endfacet
  facet normal               1              -0               0  
    outer loop
      vertex             100      8.58971081      46.0349571
      vertex             100      8.96845832      41.3783283
      vertex             100      12.8226411      45.2122694
    endloop
  endfacet
  facet normal               1               0               0  
    outer loop
      vertex             100      14.6886813      49.5175004
      vertex             100      10.6854786      48.6228579
      vertex             100      12.8226411      45.2122694
    endloop
  endfacet
  facet normal               1              -0               0  
    outer loop
      vertex             100              10      52.8799781
      vertex             100      14.6886813      49.5175004
      vertex             100              20      53.7548647
    endloop
  endfacet
  facet normal               1              -0               0  
    outer loop
      vertex             100               0      36.1113075
      vertex             100               0      31.4194496
      vertex             100      6.24900173      35.0375822
    endloop
  endfacet
  facet normal               1               0               0  
    outer loop
      vertex             100      3.27546004      40.5346259
      vertex             100               0      36.1113075
      vertex             100      6.24900173      35.0375822
    endloop
  endfacet
  facet normal               1  1.18045751e-15 -2.03880895e-15  
    outer loop
      vertex             100      6.24900173      35.0375822
      vertex             100               0      31.4194496
      vertex             100      4.97110265      27.3275119
    endloop
  endfacet
  facet normal               1               0              -0  
    outer loop
      vertex             100             100      43.9628795
      vertex             100             100      49.6038959
      vertex             100       94.141592      46.7833877
    endloop
  endfacet
  facet normal               1  2.85869267e-15               0  
    outer loop
      vertex             100               0      31.4194496
      vertex             100               0      25.7380871
      vertex             100      4.97110265      27.3275119
    endloop
  endfacet
  facet normal               1  1.37776082e-15  4.63177887e-15  
    outer loop
      vertex             100      4.97110265      27.3275119
      vertex             100               0      25.7380871
      vertex             100      5.74385107       20.961411
    endloop
  endfacet
  facet normal               1               0               0  
    outer loop
      vertex             100      12.8226411      45.2122694
      vertex             100      8.96845832      41.3783283
      vertex             100      14.7962478      38.0200249
    endloop
  endfacet
  facet normal               1               0               0  
    outer loop
      vertex             100              20      53.7548647
      vertex             100      14.6886813      49.5175004
      vertex             100      19.0722732      47.3190043
    endloop
  endfacet
  facet normal               1               0               0  
    outer loop
      vertex             100      8.96845832      41.3783283
      vertex             100      3.27546004      40.5346259
      vertex             100      6.24900173      35.0375822
    endloop
  endfacet
  facet normal               1 -1.26138505e-15 -1.63408782e-15  
    outer loop
      vertex             100      6.24900173      35.0375822
      vertex             100      4.97110265      27.3275119
      vertex             100       11.928362      30.6535705
    endloop
  endfacet
  facet normal               1               0               0  
    outer loop
      vertex             100             100      49.6038959
      vertex             100      96.0061434      52.2030343
      vertex             100       94.141592      46.7833877
    endloop
  endfacet
  facet normal               1               0               0  
    outer loop
      vertex             100             100      43.9628795
      vertex             100       94.141592      46.7833877
      vertex             100       94.213901      38.6270717
    endloop
  endfacet
  facet normal               1               0               0  
    outer loop
      vertex             100      19.0722732      47.3190043
      vertex             100      14.6886813      49.5175004
      vertex             100      12.8226411      45.2122694
    endloop
  endfacet
  facet normal               1               0               0  
    outer loop
      vertex             100      19.0722732      47.3190043
      vertex             100      12.8226411      45.2122694
      vertex             100      14.7962478      38.0200249
    endloop
  endfacet
  facet normal               1              -0               0  
    outer loop
      vertex             100              20      53.7548647
      vertex             100      19.0722732      47.3190043
      vertex             100      26.1031538      48.5047291
    endloop
  endfacet
  facet normal               1               0              -0  
    outer loop
      vertex             100             100       37.110706
      vertex             100             100      43.9628795
      vertex             100       94.213901      38.6270717
    endloop
  endfacet
  facet normal               1               0               0  
    outer loop
      vertex             100             100       37.110706
      vertex             100       94.213901      38.6270717
      vertex             100             100      28.9358131
    endloop
  endfacet
  facet normal               1               0               0  
    outer loop
      vertex             100      14.7962478      38.0200249
      vertex             100      8.96845832      41.3783283
      vertex             100      6.24900173      35.0375822
    endloop
  endfacet
  facet normal               1 -2.47409874e-15               0  
    outer loop
      vertex             100      5.74385107       20.961411
      vertex             100               0      25.7380871
      vertex             100               0      16.0126135
    endloop
  endfacet
  facet normal               1 -6.87831511e-16 -2.07324161e-15  
    outer loop
      vertex             100      5.74385107       20.961411
      vertex             100               0      16.0126135
      vertex             100      10.4654408      12.5405338
    endloop
  endfacet
  facet normal               1 -1.27312747e-15  4.31000111e-15  
    outer loop
      vertex             100      4.97110265      27.3275119
      vertex             100      5.74385107       20.961411
      vertex             100      13.2827119      23.1883085
    endloop
  endfacet
  facet normal               1 -2.71699749e-15  1.41067914e-15  
    outer loop
      vertex             100       11.928362      30.6535705
      vertex             100      4.97110265      27.3275119
      vertex             100      13.2827119      23.1883085
    endloop
  endfacet
  facet normal               1  2.61322371e-16  1.95100676e-15  
    outer loop
      vertex             100       11.928362      30.6535705
      vertex             100      13.2827119      23.1883085
      vertex             100       21.071603      29.4289036
    endloop
  endfacet
  facet normal               1              -0               0  
    outer loop
      vertex             100      6.24900173      35.0375822
      vertex             100       11.928362      30.6535705
      vertex             100      14.7962478      38.0200249
    endloop
  endfacet
  facet normal               1 -2.73892245e-16  1.62407306e-15  
    outer loop
      vertex             100      26.1031538      48.5047291
      vertex             100      19.0722732      47.3190043
      vertex             100      25.8713804       39.715509
    endloop
  endfacet
  facet normal               1              -0               0  
    outer loop
      vertex             100              20      53.7548647
      vertex             100      26.1031538      48.5047291
      vertex             100              30      54.6297513
    endloop
  endfacet
  facet normal               1               0               0  
    outer loop
      vertex             100              30      54.6297513
      vertex             100      26.1031538      48.5047291
      vertex             100      34.9029794      45.4250055
    endloop
  endfacet
  facet normal               1               0               0  
    outer loop
      vertex             100       94.213901      38.6270717
      vertex             100       94.141592      46.7833877
      vertex             100      85.6585414      43.0420637
    endloop
  endfacet
  facet normal               1               0               0  
    outer loop
      vertex             100       95.301956      57.2017304
      vertex             100              90      59.8790712
      vertex             100       88.240354      52.4621697
    endloop
  endfacet
  facet normal               1               0              -0  
    outer loop
      vertex             100       88.240354      52.4621697
      vertex             100              90      59.8790712
      vertex             100              80      59.0041845
    endloop
  endfacet
  facet normal               1               0               0  
    outer loop
      vertex             100      96.0061434      52.2030343
      vertex             100       88.240354      52.4621697
      vertex             100       94.141592      46.7833877
    endloop
  endfacet
  facet normal               1               0               0  
    outer loop
      vertex             100       94.141592      46.7833877
      vertex             100       88.240354      52.4621697
      vertex             100      85.6585414      43.0420637
    endloop
  endfacet
  facet normal               1               0               0  
    outer loop
      vertex             100      14.7962478      38.0200249
      vertex             100       11.928362      30.6535705
      vertex             100       21.071603      29.4289036
    endloop
  endfacet
  facet normal               1 -1.38029977e-15  6.34714475e-16  
    outer loop
      vertex             100      25.8713804       39.715509
      vertex             100      19.0722732      47.3190043
      vertex             100      14.7962478      38.0200249
    endloop
  endfacet
  facet normal               1  5.60683586e-16  1.60206514e-15  
    outer loop
      vertex             100      26.1031538      48.5047291
      vertex             100      25.8713804       39.715509
      vertex             100      34.9029794      45.4250055
    endloop
  endfacet
  facet normal               1  4.27659958e-16 -1.44778503e-15  
    outer loop
      vertex             100      13.2827119      23.1883085
      vertex             100      5.74385107       20.961411
      vertex             100      10.4654408      12.5405338
    endloop
  endfacet
  facet normal               1               0               0  
    outer loop
      vertex             100       94.213901      38.6270717
      vertex             100      85.6585414      43.0420637
      vertex             100       87.755622      31.2092846
    endloop
  endfacet
  facet normal               1               0               0  
    outer loop
      vertex             100              60      57.2544112
      vertex             100              50      56.3795246
      vertex             100      51.0021435      44.7855165
    endloop
  endfacet
  facet normal               1               0               0  
    outer loop
      vertex             100              80      59.0041845
      vertex             100              70      58.1292979
      vertex             100      75.9086027      48.1813646
    endloop
  endfacet
  facet normal               1               0               0  
    outer loop
      vertex             100              40       55.504638
      vertex             100              30      54.6297513
      vertex             100      34.9029794      45.4250055
    endloop
  endfacet
  facet normal               1              -0              -0  
    outer loop
      vertex             100              40       55.504638
      vertex             100      51.0021435      44.7855165
      vertex             100              50      56.3795246
    endloop
  endfacet
  facet normal               1               0               0  
    outer loop
      vertex             100              40       55.504638
      vertex             100      34.9029794      45.4250055
      vertex             100      51.0021435      44.7855165
    endloop
  endfacet
  facet normal               1               0               0  
    outer loop
      vertex             100              70      58.1292979
      vertex             100              60      57.2544112
      vertex             100      64.4996226      45.8677896
    endloop
  endfacet
  facet normal               1               0               0  
    outer loop
      vertex             100      10.4654408      12.5405338
      vertex             100               0      16.0126135
      vertex             100               0               0
    endloop
  endfacet
  facet normal               1 -1.15407863e-15 -8.42992795e-16  
    outer loop
      vertex             100      25.8713804       39.715509
      vertex             100      14.7962478      38.0200249
      vertex             100       21.071603      29.4289036
    endloop
  endfacet
  facet normal               1  1.38333581e-16  2.10450916e-15  
    outer loop
      vertex             100       21.071603      29.4289036
      vertex             100      13.2827119      23.1883085
      vertex             100      23.5434924      15.7612725
    endloop
  endfacet
  facet normal               1               0               0  
    outer loop
      vertex             100       87.755622      31.2092846
      vertex             100      85.6585414      43.0420637
      vertex             100      74.0746954      36.8983417
    endloop
  endfacet
  facet normal               1               0               0  
    outer loop
      vertex             100       94.213901      38.6270717
      vertex             100       87.755622      31.2092846
      vertex             100             100      28.9358131
    endloop
  endfacet
  facet normal               1               0              -0  
    outer loop
      vertex             100      85.6585414      43.0420637
      vertex             100       88.240354      52.4621697
      vertex             100      75.9086027      48.1813646
    endloop
  endfacet
  facet normal               1               0               0  
    outer loop
      vertex             100      85.6585414      43.0420637
      vertex             100      75.9086027      48.1813646
      vertex             100      74.0746954      36.8983417
    endloop
  endfacet
  facet normal               1               0              -0  
    outer loop
      vertex             100      74.0746954      36.8983417
      vertex             100      75.9086027      48.1813646
      vertex             100      64.4996226      45.8677896
    endloop
  endfacet
  facet normal               1               0              -0  
    outer loop
      vertex             100      64.4996226      45.8677896
      vertex             100      75.9086027      48.1813646
      vertex             100              70      58.1292979
    endloop
  endfacet
  facet normal               1              -0               0  
    outer loop
      vertex             100              60      57.2544112
      vertex             100      51.0021435      44.7855165
      vertex             100      64.4996226      45.8677896
    endloop
  endfacet
  facet normal               1              -0               0  
    outer loop
      vertex             100      64.4996226      45.8677896
      vertex             100       57.474966      25.1694406
      vertex             100      74.0746954      36.8983417
    endloop
  endfacet
  facet normal               1              -0               0  
    outer loop
      vertex             100              80      59.0041845
      vertex             100      75.9086027      48.1813646
      vertex             100       88.240354      52.4621697
    endloop
  endfacet
  facet normal               1               0              -0  
    outer loop
      vertex             100             100       17.281851
      vertex             100             100      28.9358131
      vertex             100       87.755622      31.2092846
    endloop
  endfacet
  facet normal               1 -1.70810768e-18 -1.38069418e-15  
    outer loop
      vertex             100      25.8713804       39.715509
      vertex             100       21.071603      29.4289036
      vertex             100      36.4411988      29.4098893
    endloop
  endfacet
  facet normal               1  1.48339015e-15  1.42476609e-16  
    outer loop
      vertex             100      34.9029794      45.4250055
      vertex             100      25.8713804       39.715509
      vertex             100      36.4411988      29.4098893
    endloop
  endfacet
  facet normal               1 -1.97312614e-15 -8.12566349e-16  
    outer loop
      vertex             100      23.5434924      15.7612725
      vertex             100      13.2827119      23.1883085
      vertex             100      10.4654408      12.5405338
    endloop
  endfacet
  facet normal               1  2.57319015e-18  2.07995592e-15  
    outer loop
      vertex             100       21.071603      29.4289036
      vertex             100      23.5434924      15.7612725
      vertex             100      36.4411988      29.4098893
    endloop
  endfacet
  facet normal               1              -0               0  
    outer loop
      vertex             100      10.4654408      12.5405338
      vertex             100               0               0
      vertex             100              20               0
    endloop
  endfacet
  facet normal               1               0               0  
    outer loop
      vertex             100       87.755622      31.2092846
      vertex             100      74.0746954      36.8983417
      vertex             100      76.3071019      19.2245471
    endloop
  endfacet
  facet normal               1              -0               0  
    outer loop
      vertex             100      34.9029794      45.4250055
      vertex             100      36.4411988      29.4098893
      vertex             100      51.0021435      44.7855165
    endloop
  endfacet
  facet normal               1  -1.8304964e-15 -1.39172515e-15  
    outer loop
      vertex             100      10.4654408      12.5405338
      vertex             100              20               0
      vertex             100      23.5434924      15.7612725
    endloop
  endfacet
  facet normal               1               0               0  
    outer loop
      vertex             100      76.3071019      19.2245471
      vertex             100      74.0746954      36.8983417
      vertex             100       57.474966      25.1694406
    endloop
  endfacet
  facet normal               1               0               0  
    outer loop
      vertex             100       87.755622      31.2092846
      vertex             100      76.3071019      19.2245471
      vertex             100             100       17.281851
    endloop
  endfacet
  facet normal               1               0 -1.80326235e-15  
    outer loop
      vertex             100      23.5434924      15.7612725
      vertex             100              20               0
      vertex             100              40               0
    endloop
  endfacet
  facet normal               1               0              -0  
    outer loop
      vertex             100             100               0
      vertex             100             100       17.281851
      vertex             100              80               0
    endloop
  endfacet
  facet normal               1               0              -0  
    outer loop
      vertex             100       57.474966      25.1694406
      vertex             100      64.4996226      45.8677896
      vertex             100      51.0021435      44.7855165
    endloop
  endfacet
  facet normal               1               0               0  
    outer loop
      vertex             100       57.474966      25.1694406
      vertex             100      51.0021435      44.7855165
      vertex             100      36.4411988      29.4098893
    endloop
  endfacet
  facet normal               1               0               0  
    outer loop
      vertex             100       57.474966      25.1694406
      vertex             100      36.4411988      29.4098893
      vertex             100              40               0
    endloop
  endfacet
  facet normal               1               0               0  
    outer loop
      vertex             100      76.3071019      19.2245471
      vertex             100       57.474966      25.1694406
      vertex             100              60               0
    endloop
  endfacet
  facet normal               1               0              -0  
    outer loop
      vertex             100              40               0
      vertex             100              60               0
      vertex             100       57.474966      25.1694406
    endloop
  endfacet
  facet normal               1               0              -0  
    outer loop
      vertex             100              60               0
      vertex             100              80               0
      vertex             100      76.3071019      19.2245471
    endloop
  endfacet
  facet normal               1  1.95347823e-15  2.36384457e-16  
    outer loop
      vertex             100      36.4411988      29.4098893
      vertex             100      23.5434924      15.7612725
      vertex             100              40               0
    endloop
  endfacet
  facet normal               1              -0               0  
    outer loop
      vertex             100      76.3071019      19.2245471
      vertex             100              80               0
      vertex             100             100       17.281851
    endloop
  endfacet
  facet normal              -0               1               0  
    outer loop
      vertex               0             100      57.8451444
      vertex               0             100      60.7539578
      vertex      4.09543388             100      58.4063291
    endloop
  endfacet
  facet normal               0               1               0  
    outer loop
      vertex             100             100      60.7539578
      vertex             100             100      57.8451444
      vertex      95.9045661             100      58.4063291
    endloop
  endfacet
  facet normal               0               1              -0  
    outer loop
      vertex      4.09543388             100      58.4063291
      vertex               0             100      60.7539578
      vertex              10             100      60.7539578
    endloop
  endfacet
  facet normal              -0               1               0  
    outer loop
      vertex               0             100      57.8451444
      vertex      4.09543388             100      58.4063291
      vertex       3.1627128             100      54.8406549
    endloop
  endfacet
  facet normal               0               1               0  
    outer loop
      vertex      95.9045661             100      58.4063291
      vertex             100             100      57.8451444
      vertex      96.8372872             100      54.8406549
    endloop
  endfacet
  facet normal               0               1               0  
    outer loop
      vertex             100             100      60.7539578
      vertex      95.9045661             100      58.4063291
      vertex              90             100      60.7539578
    endloop
  endfacet
  facet normal              -0               1               0  
    outer loop
      vertex               0             100      54.1791455
      vertex               0             100      57.8451444
      vertex       3.1627128             100      54.8406549
    endloop
  endfacet
  facet normal              -0               1               0  
    outer loop
      vertex               0             100      54.1791455
      vertex       3.1627128             100      54.8406549
      vertex               0             100      49.6038959
    endloop
  endfacet
  facet normal               0               1               0  
    outer loop
      vertex             100             100      57.8451444
      vertex             100             100      54.1791455
      vertex      96.8372872             100      54.8406549
    endloop
  endfacet
  facet normal               0               1               0  
    outer loop
      vertex      96.8372872             100      54.8406549
      vertex             100             100      54.1791455
      vertex             100             100      49.6038959
    endloop
  endfacet
  facet normal              -0               1               0  
    outer loop
      vertex       3.1627128             100      54.8406549
      vertex      4.09543388             100      58.4063291
      vertex       7.6783758             100      56.1782419
    endloop
  endfacet
  facet normal -3.41133723e-15               1 -8.92349087e-16  
    outer loop
      vertex      95.9045661             100      58.4063291
      vertex      96.8372872             100      54.8406549
      vertex      92.3216242             100      56.1782419
    endloop
  endfacet
  facet normal               0               1              -0  
    outer loop
      vertex       7.6783758             100      56.1782419
      vertex      4.09543388             100      58.4063291
      vertex              10             100      60.7539578
    endloop
  endfacet
  facet normal              -0               1               0  
    outer loop
      vertex       7.6783758             100      56.1782419
      vertex              10             100      60.7539578
      vertex      13.7551871             100      54.5119258
    endloop
  endfacet
  facet normal              -0               1               0  
    outer loop
      vertex       3.1627128             100      54.8406549
      vertex       7.6783758             100      56.1782419
      vertex      7.48561048             100      51.6390926
    endloop
  endfacet
  facet normal -2.24793585e-15               1   3.0352671e-15  
    outer loop
      vertex      92.3216242             100      56.1782419
      vertex      96.8372872             100      54.8406549
      vertex      92.5143895             100      51.6390926
    endloop
  endfacet
  facet normal -1.54686966e-15               1 -3.89056168e-15  
    outer loop
      vertex      95.9045661             100      58.4063291
      vertex      92.3216242             100      56.1782419
      vertex              90             100      60.7539578
    endloop
  endfacet
  facet normal  2.80052121e-15               1 -1.68478488e-15  
    outer loop
      vertex              90             100      60.7539578
      vertex      92.3216242             100      56.1782419
      vertex      86.2448129             100      54.5119258
    endloop
  endfacet
  facet normal              -0               1               0  
    outer loop
      vertex               0             100      43.9628795
      vertex               0             100      49.6038959
      vertex      6.08525808             100      45.9644789
    endloop
  endfacet
  facet normal               0               1               0  
    outer loop
      vertex             100             100      49.6038959
      vertex             100             100      43.9628795
      vertex      93.9147419             100      45.9644789
    endloop
  endfacet
  facet normal              -0               1               0  
    outer loop
      vertex      7.48561048             100      51.6390926
      vertex       7.6783758             100      56.1782419
      vertex      13.7551871             100      54.5119258
    endloop
  endfacet
  facet normal               0               1               0  
    outer loop
      vertex       3.1627128             100      54.8406549
      vertex      7.48561048             100      51.6390926
      vertex               0             100      49.6038959
    endloop
  endfacet
  facet normal              -0               1               0  
    outer loop
      vertex      92.5143895             100      51.6390926
      vertex      96.8372872             100      54.8406549
      vertex             100             100      49.6038959
    endloop
  endfacet
  facet normal  1.46302679e-15               1  3.19286158e-15  
    outer loop
      vertex      92.3216242             100      56.1782419
      vertex      92.5143895             100      51.6390926
      vertex      86.2448129             100      54.5119258
    endloop
  endfacet
  facet normal               0               1              -0  
    outer loop
      vertex      6.08525808             100      45.9644789
      vertex               0             100      49.6038959
      vertex      7.48561048             100      51.6390926
    endloop
  endfacet
  facet normal              -0               1               0  
    outer loop
      vertex      6.08525808             100      45.9644789
      vertex      7.48561048             100      51.6390926
      vertex      14.6602647             100       46.534284
    endloop
  endfacet
  facet normal              -0               1               0  
    outer loop
      vertex               0             100      43.9628795
      vertex      6.08525808             100      45.9644789
      vertex      8.28041527             100      38.0822425
    endloop
  endfacet
  facet normal               0               1               0  
    outer loop
      vertex      93.9147419             100      45.9644789
      vertex             100             100      43.9628795
      vertex      91.7195847             100      38.0822425
    endloop
  endfacet
  facet normal               0               1               0  
    outer loop
      vertex             100             100      49.6038959
      vertex      93.9147419             100      45.9644789
      vertex      92.5143895             100      51.6390926
    endloop
  endfacet
  facet normal               0               1               0  
    outer loop
      vertex      92.5143895             100      51.6390926
      vertex      93.9147419             100      45.9644789
      vertex      85.3397353             100       46.534284
    endloop
  endfacet
  facet normal              -0               1              -0  
    outer loop
      vertex      13.7551871             100      54.5119258
      vertex              10             100      60.7539578
      vertex              20             100      60.7539578
    endloop
  endfacet
  facet normal               0               1               0  
    outer loop
      vertex              90             100      60.7539578
      vertex      86.2448129             100      54.5119258
      vertex              80             100      60.7539578
    endloop
  endfacet
  facet normal              -0               1               0  
    outer loop
      vertex               0             100       37.110706
      vertex               0             100      43.9628795
      vertex      8.28041527             100      38.0822425
    endloop
  endfacet
  facet normal              -0               1               0  
    outer loop
      vertex               0             100       37.110706
      vertex      8.28041527             100      38.0822425
      vertex               0             100      28.9358131
    endloop
  endfacet
  facet normal               0               1               0  
    outer loop
      vertex             100             100      43.9628795
      vertex             100             100       37.110706
      vertex      91.7195847             100      38.0822425
    endloop
  endfacet
  facet normal               0               1               0  
    outer loop
      vertex      91.7195847             100      38.0822425
      vertex             100             100       37.110706
      vertex             100             100      28.9358131
    endloop
  endfacet
  facet normal              -0               1               0  
    outer loop
      vertex      7.48561048             100      51.6390926
      vertex      13.7551871             100      54.5119258
      vertex      14.6602647             100       46.534284
    endloop
  endfacet
  facet normal               0               1               0  
    outer loop
      vertex      86.2448129             100      54.5119258
      vertex      92.5143895             100      51.6390926
      vertex      85.3397353             100       46.534284
    endloop
  endfacet
  facet normal               0               1              -0  
    outer loop
      vertex      8.28041527             100      38.0822425
      vertex      6.08525808             100      45.9644789
      vertex      14.6602647             100       46.534284
    endloop
  endfacet
  facet normal               0               1               0  
    outer loop
      vertex      93.9147419             100      45.9644789
      vertex      91.7195847             100      38.0822425
      vertex      85.3397353             100       46.534284
    endloop
  endfacet
  facet normal              -0               1               0  
    outer loop
      vertex      13.7551871             100      54.5119258
      vertex              20             100      60.7539578
      vertex      22.7068719             100      51.2120204
    endloop
  endfacet
  facet normal               0               1               0  
    outer loop
      vertex              80             100      60.7539578
      vertex      86.2448129             100      54.5119258
      vertex      77.2931281             100      51.2120204
    endloop
  endfacet
  facet normal              -0               1              -0  
    outer loop
      vertex      14.6602647             100       46.534284
      vertex      13.7551871             100      54.5119258
      vertex      22.7068719             100      51.2120204
    endloop
  endfacet
  facet normal               0               1               0  
    outer loop
      vertex      86.2448129             100      54.5119258
      vertex      85.3397353             100       46.534284
      vertex      77.2931281             100      51.2120204
    endloop
  endfacet
  facet normal              -0               1               0  
    outer loop
      vertex      14.6602647             100       46.534284
      vertex      22.7068719             100      51.2120204
      vertex      24.8650553             100      37.7452546
    endloop
  endfacet
  facet normal               0               1               0  
    outer loop
      vertex      77.2931281             100      51.2120204
      vertex      85.3397353             100       46.534284
      vertex      75.1526533             100      37.7452546
    endloop
  endfacet
  facet normal              -0               1              -0  
    outer loop
      vertex      22.7068719             100      51.2120204
      vertex              20             100      60.7539578
      vertex              30             100      60.7539578
    endloop
  endfacet
  facet normal               0               1               0  
    outer loop
      vertex              80             100      60.7539578
      vertex      77.2931281             100      51.2120204
      vertex              70             100      60.7539578
    endloop
  endfacet
  facet normal              -0               1               0  
    outer loop
      vertex              40             100      60.7539578
      vertex              50             100      60.7539578
      vertex            45.8             100      51.7691598
    endloop
  endfacet
  facet normal               0               1 -1.36835237e-15  
    outer loop
      vertex              60             100      60.7539578
      vertex              70             100      60.7539578
      vertex              65             100      50.3685811
    endloop
  endfacet
  facet normal              -0               1               0  
    outer loop
      vertex              50             100      60.7539578
      vertex              60             100      60.7539578
      vertex              54             100        51.53573
    endloop
  endfacet
  facet normal              -0               1               0  
    outer loop
      vertex              30             100      60.7539578
      vertex              40             100      60.7539578
      vertex              35             100      50.3685811
    endloop
  endfacet
  facet normal              -0               1               0  
    outer loop
      vertex      8.28041527             100      38.0822425
      vertex      14.6602647             100       46.534284
      vertex      24.8650553             100      37.7452546
    endloop
  endfacet
  facet normal               0               1               0  
    outer loop
      vertex      85.3397353             100       46.534284
      vertex      91.7195847             100      38.0822425
      vertex      75.1526533             100      37.7452546
    endloop
  endfacet
  facet normal              -0               1               0  
    outer loop
      vertex            45.8             100      51.7691598
      vertex              50             100      60.7539578
      vertex              54             100        51.53573
    endloop
  endfacet
  facet normal               0               1               0  
    outer loop
      vertex            45.8             100      51.7691598
      vertex              54             100        51.53573
      vertex      50.0619802             100      37.0091537
    endloop
  endfacet
  facet normal -1.09839905e-15               1 -8.39532334e-16  
    outer loop
      vertex              65             100      50.3685811
      vertex              70             100      60.7539578
      vertex      77.2931281             100      51.2120204
    endloop
  endfacet
  facet normal  1.20843901e-15               1 -7.86554012e-16  
    outer loop
      vertex              54             100        51.53573
      vertex              60             100      60.7539578
      vertex              65             100      50.3685811
    endloop
  endfacet
  facet normal  1.25577487e-15               1 -3.40428891e-16  
    outer loop
      vertex              54             100        51.53573
      vertex              65             100      50.3685811
      vertex      50.0619802             100      37.0091537
    endloop
  endfacet
  facet normal              -0               1               0  
    outer loop
      vertex              35             100      50.3685811
      vertex              40             100      60.7539578
      vertex            45.8             100      51.7691598
    endloop
  endfacet
  facet normal              -0               1               0  
    outer loop
      vertex              35             100      50.3685811
      vertex            45.8             100      51.7691598
      vertex      50.0619802             100      37.0091537
    endloop
  endfacet
  facet normal               0               1               0  
    outer loop
      vertex              30             100      60.7539578
      vertex              35             100      50.3685811
      vertex      22.7068719             100      51.2120204
    endloop
  endfacet
  facet normal              -0               1               0  
    outer loop
      vertex               0             100       17.281851
      vertex               0             100      28.9358131
      vertex      13.3458552             100      23.6899923
    endloop
  endfacet
  facet normal               0               1               0  
    outer loop
      vertex             100             100      28.9358131
      vertex             100             100       17.281851
      vertex      86.6541448             100      23.6899923
    endloop
  endfacet
  facet normal              -0               1              -0  
    outer loop
      vertex      24.8650553             100      37.7452546
      vertex      22.7068719             100      51.2120204
      vertex              35             100      50.3685811
    endloop
  endfacet
  facet normal -1.16874542e-15               1  1.85766217e-16  
    outer loop
      vertex      77.2931281             100      51.2120204
      vertex      75.1526533             100      37.7452546
      vertex              65             100      50.3685811
    endloop
  endfacet
  facet normal              -0               1               0  
    outer loop
      vertex               0             100      28.9358131
      vertex      8.28041527             100      38.0822425
      vertex      13.3458552             100      23.6899923
    endloop
  endfacet
  facet normal               0               1               0  
    outer loop
      vertex      91.7195847             100      38.0822425
      vertex             100             100      28.9358131
      vertex      86.6541448             100      23.6899923
    endloop
  endfacet
  facet normal              -0               1               0  
    outer loop
      vertex               0             100       17.281851
      vertex      13.3458552             100      23.6899923
      vertex              20             100               0
    endloop
  endfacet
  facet normal               0               1               0  
    outer loop
      vertex      86.6541448             100      23.6899923
      vertex             100             100       17.281851
      vertex              80             100               0
    endloop
  endfacet
  facet normal              -0               1               0  
    outer loop
      vertex      24.8650553             100      37.7452546
      vertex              35             100      50.3685811
      vertex      50.0619802             100      37.0091537
    endloop
  endfacet
  facet normal -3.22658444e-17               1  1.09981079e-15  
    outer loop
      vertex              65             100      50.3685811
      vertex      75.1526533             100      37.7452546
      vertex      50.0619802             100      37.0091537
    endloop
  endfacet
  facet normal              -0               1              -0  
    outer loop
      vertex      13.3458552             100      23.6899923
      vertex      8.28041527             100      38.0822425
      vertex      24.8650553             100      37.7452546
    endloop
  endfacet
  facet normal               0               1               0  
    outer loop
      vertex      91.7195847             100      38.0822425
      vertex      86.6541448             100      23.6899923
      vertex      75.1526533             100      37.7452546
    endloop
  endfacet
  facet normal              -0               1               0  
    outer loop
      vertex               0             100               0
      vertex               0             100       17.281851
      vertex              20             100               0
    endloop
  endfacet
  facet normal               0               1               0  
    outer loop
      vertex             100             100       17.281851
      vertex             100             100               0
      vertex              80             100               0
    endloop
  endfacet
  facet normal               0               1  -8.2046408e-16  
    outer loop
      vertex              60             100               0
      vertex              40             100               0
      vertex              50             100      17.3205081
    endloop
  endfacet
  facet normal -7.10542736e-16               1  -4.1023204e-16  
    outer loop
      vertex              50             100      17.3205081
      vertex              40             100               0
      vertex              30             100      17.3205081
    endloop
  endfacet
  facet normal               0               1  -8.2046408e-16  
    outer loop
      vertex              60             100               0
      vertex              50             100      17.3205081
      vertex              70             100      17.3205081
    endloop
  endfacet
  facet normal               0               1               0  
    outer loop
      vertex              30             100      17.3205081
      vertex              40             100               0
      vertex              20             100               0
    endloop
  endfacet
  facet normal -7.10542736e-16               1  7.24015995e-16  
    outer loop
      vertex              50             100      17.3205081
      vertex              30             100      17.3205081
      vertex      50.0619802             100      37.0091537
    endloop
  endfacet
  facet normal               0               1  7.21779193e-16  
    outer loop
      vertex              50             100      17.3205081
      vertex      50.0619802             100      37.0091537
      vertex              70             100      17.3205081
    endloop
  endfacet
  facet normal               0               1               0  
    outer loop
      vertex              30             100      17.3205081
      vertex              20             100               0
      vertex      13.3458552             100      23.6899923
    endloop
  endfacet
  facet normal               0               1              -0  
    outer loop
      vertex              30             100      17.3205081
      vertex      13.3458552             100      23.6899923
      vertex      24.8650553             100      37.7452546
    endloop
  endfacet
  facet normal               0               1  -8.2046408e-16  
    outer loop
      vertex              80             100               0
      vertex              60             100               0
      vertex              70             100      17.3205081
    endloop
  endfacet
  facet normal  9.55990581e-16               1  -2.6852266e-16  
    outer loop
      vertex              80             100               0
      vertex              70             100      17.3205081
      vertex      86.6541448             100      23.6899923
    endloop
  endfacet
  facet normal  6.49896784e-16               1  5.31813792e-16  
    outer loop
      vertex      86.6541448             100      23.6899923
      vertex              70             100      17.3205081
      vertex      75.1526533             100      37.7452546
    endloop
  endfacet
  facet normal              -0               1              -0  
    outer loop
      vertex              30             100      17.3205081
      vertex      24.8650553             100      37.7452546
      vertex      50.0619802             100      37.0091537
    endloop
  endfacet
  facet normal -2.05643419e-17               1  7.00954385e-16  
    outer loop
      vertex      75.1526533             100      37.7452546
      vertex              70             100      17.3205081
      vertex      50.0619802             100      37.0091537
    endloop
  endfacet
  facet normal               0   -0.0871557427     0.996194698  
    outer loop
      vertex               0               0      52.0050914
      vertex              10               0      52.0050914
      vertex               0              10      52.8799781
    endloop
  endfacet
  facet normal               0   -0.0871557427     0.996194698  
    outer loop
      vertex              80               0      52.0050914
      vertex              90               0      52.0050914
      vertex      88.5993042      10.3608581      52.9115491
    endloop
  endfacet
  facet normal -7.07838906e-16   -0.0871557427     0.996194698  
    outer loop
      vertex              40             100      60.7539578
      vertex              30             100      60.7539578
      vertex              35      89.6541429      59.8488126
    endloop
  endfacet
  facet normal               0   -0.0871557427     0.996194698  
    outer loop
      vertex              40               0      52.0050914
      vertex              50               0      52.0050914
      vertex              45      10.3458571      52.9102367
    endloop
  endfacet
  facet normal  7.07838906e-16   -0.0871557427     0.996194698  
    outer loop
      vertex              80             100      60.7539578
      vertex              70             100      60.7539578
      vertex              75      89.6541429      59.8488126
    endloop
  endfacet
  facet normal  7.07838906e-16   -0.0871557427     0.996194698  
    outer loop
      vertex              20               0      52.0050914
      vertex              30               0      52.0050914
      vertex         23.3749      11.3198897      52.9954535
    endloop
  endfacet
  facet normal               0   -0.0871557427     0.996194698  
    outer loop
      vertex             100             100      60.7539578
      vertex              90             100      60.7539578
      vertex             100              90      59.8790712
    endloop
  endfacet
  facet normal  7.07838906e-16   -0.0871557427     0.996194698  
    outer loop
      vertex              20             100      60.7539578
      vertex              10             100      60.7539578
      vertex      11.4006958      89.6391419      59.8475002
    endloop
  endfacet
  facet normal               0   -0.0871557427     0.996194698  
    outer loop
      vertex              60               0      52.0050914
      vertex              70               0      52.0050914
      vertex              65      10.3458571      52.9102367
    endloop
  endfacet
  facet normal               0   -0.0871557427     0.996194698  
    outer loop
      vertex              60             100      60.7539578
      vertex              50             100      60.7539578
      vertex              55      89.6541429      59.8488126
    endloop
  endfacet
  facet normal -7.07838906e-16   -0.0871557427     0.996194698  
    outer loop
      vertex              10               0      52.0050914
      vertex              20               0      52.0050914
      vertex         11.4642      10.3850434       52.913665
    endloop
  endfacet
  facet normal               0   -0.0871557427     0.996194698  
    outer loop
      vertex              90               0      52.0050914
      vertex             100               0      52.0050914
      vertex             100              10      52.8799781
    endloop
  endfacet
  facet normal  7.07838906e-16   -0.0871557427     0.996194698  
    outer loop
      vertex              30             100      60.7539578
      vertex              20             100      60.7539578
      vertex              25      89.6541429      59.8488126
    endloop
  endfacet
  facet normal               0   -0.0871557427     0.996194698  
    outer loop
      vertex              50               0      52.0050914
      vertex              60               0      52.0050914
      vertex              54      9.18314966      52.8085129
    endloop
  endfacet
  facet normal               0   -0.0871557427     0.996194698  
    outer loop
      vertex              70             100      60.7539578
      vertex              60             100      60.7539578
      vertex              66      90.8168503      59.9505363
    endloop
  endfacet
  facet normal               0   -0.0871557427     0.996194698  
    outer loop
      vertex              30               0      52.0050914
      vertex              40               0      52.0050914
      vertex              35      10.3458571      52.9102367
    endloop
  endfacet
  facet normal -7.07838906e-16   -0.0871557427     0.996194698  
    outer loop
      vertex              90             100      60.7539578
      vertex              80             100      60.7539578
      vertex      88.5993042      89.6391419      59.8475002
    endloop
  endfacet
  facet normal -7.07838906e-16   -0.0871557427     0.996194698  
    outer loop
      vertex              10             100      60.7539578
      vertex               0             100      60.7539578
      vertex               0              90      59.8790712
    endloop
  endfacet
  facet normal               0   -0.0871557427     0.996194698  
    outer loop
      vertex              70               0      52.0050914
      vertex              80               0      52.0050914
      vertex              75      10.3458571      52.9102367
    endloop
  endfacet
  facet normal               0   -0.0871557427     0.996194698  
    outer loop
      vertex              50             100      60.7539578
      vertex              40             100      60.7539578
      vertex              46      90.8168503      59.9505363
    endloop
  endfacet
  facet normal  5.44113882e-16   -0.0871557427     0.996194698  
    outer loop
      vertex               0              20      53.7548647
      vertex               0              10      52.8799781
      vertex         11.4642      10.3850434       52.913665
    endloop
  endfacet
  facet normal -3.39489548e-16   -0.0871557427     0.996194698  
    outer loop
      vertex             100              60      57.2544112
      vertex             100              70      58.1292979
      vertex      89.5749529              65      57.6918546
    endloop
  endfacet
  facet normal  3.92035224e-16   -0.0871557427     0.996194698  
    outer loop
      vertex               0              60      57.2544112
      vertex               0              50      56.3795246
      vertex      9.25343994              54      56.7294793
    endloop
  endfacet
  facet normal -9.04325832e-16   -0.0871557427     0.996194698  
    outer loop
      vertex             100              20      53.7548647
      vertex             100              30      54.6297513
      vertex      86.5958255      21.8192914      53.9140321
    endloop
  endfacet
  facet normal -4.68665212e-16   -0.0871557427     0.996194698  
    outer loop
      vertex               0              80      59.0041845
      vertex               0              70      58.1292979
      vertex      13.4041745      78.1807086      58.8450171
    endloop
  endfacet
  facet normal  8.47395219e-16   -0.0871557427     0.996194698  
    outer loop
      vertex             100              80      59.0041845
      vertex             100              90      59.8790712
      vertex      88.5993042      89.6391419      59.8475002
    endloop
  endfacet
  facet normal -6.96077976e-18   -0.0871557427     0.996194698  
    outer loop
      vertex               0              40       55.504638
      vertex               0              30      54.6297513
      vertex      12.7111999      35.8706723      55.1433686
    endloop
  endfacet
  facet normal  -4.5831089e-16   -0.0871557427     0.996194698  
    outer loop
      vertex             100              40       55.504638
      vertex             100              50      56.3795246
      vertex      89.5749529              45      55.9420813
    endloop
  endfacet
  facet normal -8.53700964e-16   -0.0871557427     0.996194698  
    outer loop
      vertex               0              90      59.8790712
      vertex               0              80      59.0041845
      vertex      11.4006958      89.6391419      59.8475002
    endloop
  endfacet
  facet normal   3.4654822e-17   -0.0871557427     0.996194698  
    outer loop
      vertex             100              70      58.1292979
      vertex             100              80      59.0041845
      vertex      86.5958255      78.1807086      58.8450171
    endloop
  endfacet
  facet normal   4.5831089e-16   -0.0871557427     0.996194698  
    outer loop
      vertex               0              50      56.3795246
      vertex               0              40       55.504638
      vertex      10.4250471              45      55.9420813
    endloop
  endfacet
  facet normal  6.19568426e-16   -0.0871557427     0.996194698  
    outer loop
      vertex             100              30      54.6297513
      vertex             100              40       55.504638
      vertex      89.5749529              35      55.0671947
    endloop
  endfacet
  facet normal  1.01846865e-16   -0.0871557427     0.996194698  
    outer loop
      vertex               0              70      58.1292979
      vertex               0              60      57.2544112
      vertex      10.4250471              65      57.6918546
    endloop
  endfacet
  facet normal -2.01783864e-16   -0.0871557427     0.996194698  
    outer loop
      vertex             100              10      52.8799781
      vertex             100              20      53.7548647
      vertex      88.5993042      10.3608581      52.9115491
    endloop
  endfacet
  facet normal -2.72784885e-17   -0.0871557427     0.996194698  
    outer loop
      vertex               0              30      54.6297513
      vertex               0              20      53.7548647
      vertex         13.7852      21.9644034      53.9267277
    endloop
  endfacet
  facet normal  3.39489548e-16   -0.0871557427     0.996194698  
    outer loop
      vertex             100              50      56.3795246
      vertex             100              60      57.2544112
      vertex      89.5749529              55      56.8169679
    endloop
  endfacet
  facet normal -1.65501686e-16   -0.0871557427     0.996194698  
    outer loop
      vertex      88.5993042      10.3608581      52.9115491
      vertex              90               0      52.0050914
      vertex             100              10      52.8799781
    endloop
  endfacet
  facet normal  6.78755443e-16   -0.0871557427     0.996194698  
    outer loop
      vertex         23.3749      11.3198897      52.9954535
      vertex              30               0      52.0050914
      vertex              35      10.3458571      52.9102367
    endloop
  endfacet
  facet normal   6.3166014e-16   -0.0871557427     0.996194698  
    outer loop
      vertex         23.3749      11.3198897      52.9954535
      vertex              35      10.3458571      52.9102367
      vertex              30       25.224034      54.2119085
    endloop
  endfacet
  facet normal -6.31649613e-16   -0.0871557427     0.996194698  
    outer loop
      vertex         11.4642      10.3850434       52.913665
      vertex              20               0      52.0050914
      vertex         23.3749      11.3198897      52.9954535
    endloop
  endfacet
  facet normal -4.90473888e-16   -0.0871557427     0.996194698  
    outer loop
      vertex         11.4642      10.3850434       52.913665
      vertex         23.3749      11.3198897      52.9954535
      vertex         13.7852      21.9644034      53.9267277
    endloop
  endfacet
  facet normal  -2.2235726e-16   -0.0871557427     0.996194698  
    outer loop
      vertex              35      10.3458571      52.9102367
      vertex              40               0      52.0050914
      vertex              45      10.3458571      52.9102367
    endloop
  endfacet
  facet normal -5.52702446e-16   -0.0871557427     0.996194698  
    outer loop
      vertex              35      10.3458571      52.9102367
      vertex          49.875      21.9532567      53.9257525
      vertex              30       25.224034      54.2119085
    endloop
  endfacet
  facet normal   3.0405738e-16   -0.0871557427     0.996194698  
    outer loop
      vertex              45      10.3458571      52.9102367
      vertex              50               0      52.0050914
      vertex              54      9.18314966      52.8085129
    endloop
  endfacet
  facet normal  9.23884614e-17   -0.0871557427     0.996194698  
    outer loop
      vertex              45      10.3458571      52.9102367
      vertex              54      9.18314966      52.8085129
      vertex          49.875      21.9532567      53.9257525
    endloop
  endfacet
  facet normal  3.42088092e-17   -0.0871557427     0.996194698  
    outer loop
      vertex              65      10.3458571      52.9102367
      vertex              70               0      52.0050914
      vertex              75      10.3458571      52.9102367
    endloop
  endfacet
  facet normal  3.09639399e-17   -0.0871557427     0.996194698  
    outer loop
      vertex              65      10.3458571      52.9102367
      vertex              75      10.3458571      52.9102367
      vertex              70       25.224034      54.2119085
    endloop
  endfacet
  facet normal -3.76890464e-16   -0.0871557427     0.996194698  
    outer loop
      vertex              54      9.18314966      52.8085129
      vertex              60               0      52.0050914
      vertex              65      10.3458571      52.9102367
    endloop
  endfacet
  facet normal -2.04042787e-16   -0.0871557427     0.996194698  
    outer loop
      vertex              54      9.18314966      52.8085129
      vertex              65      10.3458571      52.9102367
      vertex          49.875      21.9532567      53.9257525
    endloop
  endfacet
  facet normal -1.00565681e-16   -0.0871557427     0.996194698  
    outer loop
      vertex              75      10.3458571      52.9102367
      vertex              80               0      52.0050914
      vertex      88.5993042      10.3608581      52.9115491
    endloop
  endfacet
  facet normal -9.92809416e-17   -0.0871557427     0.996194698  
    outer loop
      vertex              75      10.3458571      52.9102367
      vertex      88.5993042      10.3608581      52.9115491
      vertex      86.5958255      21.8192914      53.9140321
    endloop
  endfacet
  facet normal -1.19730832e-16   -0.0871557427     0.996194698  
    outer loop
      vertex              35      89.6541429      59.8488126
      vertex              30             100      60.7539578
      vertex              25      89.6541429      59.8488126
    endloop
  endfacet
  facet normal  -1.2385576e-16   -0.0871557427     0.996194698  
    outer loop
      vertex              35      89.6541429      59.8488126
      vertex              25      89.6541429      59.8488126
      vertex              30       74.775966      58.5471408
    endloop
  endfacet
  facet normal  -8.2750843e-16   -0.0871557427     0.996194698  
    outer loop
      vertex      11.4006958      89.6391419      59.8475002
      vertex              10             100      60.7539578
      vertex               0              90      59.8790712
    endloop
  endfacet
  facet normal  4.65116275e-16   -0.0871557427     0.996194698  
    outer loop
      vertex              25      89.6541429      59.8488126
      vertex              20             100      60.7539578
      vertex      11.4006958      89.6391419      59.8475002
    endloop
  endfacet
  facet normal  4.68041892e-16   -0.0871557427     0.996194698  
    outer loop
      vertex              25      89.6541429      59.8488126
      vertex      11.4006958      89.6391419      59.8475002
      vertex      13.4041745      78.1807086      58.8450171
    endloop
  endfacet
  facet normal -3.77121304e-16   -0.0871557427     0.996194698  
    outer loop
      vertex      88.5993042      89.6391419      59.8475002
      vertex              80             100      60.7539578
      vertex              75      89.6541429      59.8488126
    endloop
  endfacet
  facet normal -3.77542558e-16   -0.0871557427     0.996194698  
    outer loop
      vertex      88.5993042      89.6391419      59.8475002
      vertex              75      89.6541429      59.8488126
      vertex      86.5958255      78.1807086      58.8450171
    endloop
  endfacet
  facet normal  1.62163936e-16   -0.0871557427     0.996194698  
    outer loop
      vertex              75      89.6541429      59.8488126
      vertex              70             100      60.7539578
      vertex              66      90.8168503      59.9505363
    endloop
  endfacet
  facet normal  3.95799104e-17   -0.0871557427     0.996194698  
    outer loop
      vertex              75      89.6541429      59.8488126
      vertex              66      90.8168503      59.9505363
      vertex              70       74.775966      58.5471408
    endloop
  endfacet
  facet normal  1.05406558e-15   -0.0871557427     0.996194698  
    outer loop
      vertex              55      89.6541429      59.8488126
      vertex              50             100      60.7539578
      vertex              46      90.8168503      59.9505363
    endloop
  endfacet
  facet normal  1.07340717e-15   -0.0871557427     0.996194698  
    outer loop
      vertex              55      89.6541429      59.8488126
      vertex              46      90.8168503      59.9505363
      vertex              50       74.775966      58.5471408
    endloop
  endfacet
  facet normal -7.37394386e-16   -0.0871557427     0.996194698  
    outer loop
      vertex              66      90.8168503      59.9505363
      vertex              60             100      60.7539578
      vertex              55      89.6541429      59.8488126
    endloop
  endfacet
  facet normal  -6.5712341e-16   -0.0871557427     0.996194698  
    outer loop
      vertex              66      90.8168503      59.9505363
      vertex              55      89.6541429      59.8488126
      vertex              70       74.775966      58.5471408
    endloop
  endfacet
  facet normal -2.45798129e-16   -0.0871557427     0.996194698  
    outer loop
      vertex              46      90.8168503      59.9505363
      vertex              40             100      60.7539578
      vertex              35      89.6541429      59.8488126
    endloop
  endfacet
  facet normal -2.01534131e-16   -0.0871557427     0.996194698  
    outer loop
      vertex              46      90.8168503      59.9505363
      vertex              35      89.6541429      59.8488126
      vertex              50       74.775966      58.5471408
    endloop
  endfacet
  facet normal  5.03564706e-16   -0.0871557427     0.996194698  
    outer loop
      vertex              10               0      52.0050914
      vertex         11.4642      10.3850434       52.913665
      vertex               0              10      52.8799781
    endloop
  endfacet
  facet normal  7.99768091e-16   -0.0871557427     0.996194698  
    outer loop
      vertex              90             100      60.7539578
      vertex      88.5993042      89.6391419      59.8475002
      vertex             100              90      59.8790712
    endloop
  endfacet
  facet normal -1.74281433e-16   -0.0871557427     0.996194698  
    outer loop
      vertex      89.5749529              65      57.6918546
      vertex             100              70      58.1292979
      vertex      86.5958255      78.1807086      58.8450171
    endloop
  endfacet
  facet normal  2.91855953e-16   -0.0871557427     0.996194698  
    outer loop
      vertex      89.5749529              65      57.6918546
      vertex      86.5958255      78.1807086      58.8450171
      vertex              70       74.775966      58.5471408
    endloop
  endfacet
  facet normal -3.81815228e-16   -0.0871557427     0.996194698  
    outer loop
      vertex      12.7111999      35.8706723      55.1433686
      vertex               0              30      54.6297513
      vertex         13.7852      21.9644034      53.9267277
    endloop
  endfacet
  facet normal  3.94122735e-16   -0.0871557427     0.996194698  
    outer loop
      vertex      12.7111999      35.8706723      55.1433686
      vertex         13.7852      21.9644034      53.9267277
      vertex              30       25.224034      54.2119085
    endloop
  endfacet
  facet normal -8.91160065e-17   -0.0871557427     0.996194698  
    outer loop
      vertex      89.5749529              35      55.0671947
      vertex             100              40       55.504638
      vertex      89.5749529              45      55.9420813
    endloop
  endfacet
  facet normal  1.61394247e-16   -0.0871557427     0.996194698  
    outer loop
      vertex      89.5749529              35      55.0671947
      vertex      89.5749529              45      55.9420813
      vertex      78.8846255      43.7837777      55.8356756
    endloop
  endfacet
  facet normal  3.31134723e-16   -0.0871557427     0.996194698  
    outer loop
      vertex      86.5958255      21.8192914      53.9140321
      vertex             100              30      54.6297513
      vertex      89.5749529              35      55.0671947
    endloop
  endfacet
  facet normal  2.31938506e-16   -0.0871557427     0.996194698  
    outer loop
      vertex      86.5958255      21.8192914      53.9140321
      vertex      89.5749529              35      55.0671947
      vertex              70       25.224034      54.2119085
    endloop
  endfacet
  facet normal  2.30130602e-16   -0.0871557427     0.996194698  
    outer loop
      vertex      86.5958255      78.1807086      58.8450171
      vertex             100              80      59.0041845
      vertex      88.5993042      89.6391419      59.8475002
    endloop
  endfacet
  facet normal  2.28240282e-16   -0.0871557427     0.996194698  
    outer loop
      vertex         13.7852      21.9644034      53.9267277
      vertex               0              20      53.7548647
      vertex         11.4642      10.3850434       52.913665
    endloop
  endfacet
  facet normal  4.22446811e-16   -0.0871557427     0.996194698  
    outer loop
      vertex      9.25343994              54      56.7294793
      vertex               0              50      56.3795246
      vertex      10.4250471              45      55.9420813
    endloop
  endfacet
  facet normal  6.91314914e-17   -0.0871557427     0.996194698  
    outer loop
      vertex      9.25343994              54      56.7294793
      vertex      10.4250471              45      55.9420813
      vertex      25.4171055              50      56.3795246
    endloop
  endfacet
  facet normal  -5.9410671e-17   -0.0871557427     0.996194698  
    outer loop
      vertex      89.5749529              45      55.9420813
      vertex             100              50      56.3795246
      vertex      89.5749529              55      56.8169679
    endloop
  endfacet
  facet normal  3.47618378e-16   -0.0871557427     0.996194698  
    outer loop
      vertex      89.5749529              45      55.9420813
      vertex      89.5749529              55      56.8169679
      vertex      78.8846255      43.7837777      55.8356756
    endloop
  endfacet
  facet normal  2.23603431e-16   -0.0871557427     0.996194698  
    outer loop
      vertex      10.4250471              65      57.6918546
      vertex               0              60      57.2544112
      vertex      9.25343994              54      56.7294793
    endloop
  endfacet
  facet normal  3.87885097e-17   -0.0871557427     0.996194698  
    outer loop
      vertex      10.4250471              65      57.6918546
      vertex      9.25343994              54      56.7294793
      vertex      25.4171055              50      56.3795246
    endloop
  endfacet
  facet normal -1.51043909e-16   -0.0871557427     0.996194698  
    outer loop
      vertex      13.4041745      78.1807086      58.8450171
      vertex               0              70      58.1292979
      vertex      10.4250471              65      57.6918546
    endloop
  endfacet
  facet normal -4.09758027e-16   -0.0871557427     0.996194698  
    outer loop
      vertex      13.4041745      78.1807086      58.8450171
      vertex      10.4250471              65      57.6918546
      vertex              30       74.775966      58.5471408
    endloop
  endfacet
  facet normal  3.17468477e-16   -0.0871557427     0.996194698  
    outer loop
      vertex      10.4250471              45      55.9420813
      vertex               0              40       55.504638
      vertex      12.7111999      35.8706723      55.1433686
    endloop
  endfacet
  facet normal -4.77307892e-17   -0.0871557427     0.996194698  
    outer loop
      vertex      10.4250471              45      55.9420813
      vertex      12.7111999      35.8706723      55.1433686
      vertex      25.4171055              50      56.3795246
    endloop
  endfacet
  facet normal               0   -0.0871557427     0.996194698  
    outer loop
      vertex      89.5749529              55      56.8169679
      vertex             100              60      57.2544112
      vertex      89.5749529              65      57.6918546
    endloop
  endfacet
  facet normal  3.30499803e-16   -0.0871557427     0.996194698  
    outer loop
      vertex      89.5749529              55      56.8169679
      vertex      89.5749529              65      57.6918546
      vertex      74.5828945              60      57.2544112
    endloop
  endfacet
  facet normal -9.70679078e-16   -0.0871557427     0.996194698  
    outer loop
      vertex             100              20      53.7548647
      vertex      86.5958255      21.8192914      53.9140321
      vertex      88.5993042      10.3608581      52.9115491
    endloop
  endfacet
  facet normal -6.06305625e-16   -0.0871557427     0.996194698  
    outer loop
      vertex               0              80      59.0041845
      vertex      13.4041745      78.1807086      58.8450171
      vertex      11.4006958      89.6391419      59.8475002
    endloop
  endfacet
  facet normal  4.44878611e-16   -0.0871557427     0.996194698  
    outer loop
      vertex         23.3749      11.3198897      52.9954535
      vertex              30       25.224034      54.2119085
      vertex         13.7852      21.9644034      53.9267277
    endloop
  endfacet
  facet normal   3.9071627e-16   -0.0871557427     0.996194698  
    outer loop
      vertex              65      10.3458571      52.9102367
      vertex              70       25.224034      54.2119085
      vertex          49.875      21.9532567      53.9257525
    endloop
  endfacet
  facet normal -2.13435934e-16   -0.0871557427     0.996194698  
    outer loop
      vertex              45      10.3458571      52.9102367
      vertex          49.875      21.9532567      53.9257525
      vertex              35      10.3458571      52.9102367
    endloop
  endfacet
  facet normal  4.61851112e-16   -0.0871557427     0.996194698  
    outer loop
      vertex              70       25.224034      54.2119085
      vertex              75      10.3458571      52.9102367
      vertex      86.5958255      21.8192914      53.9140321
    endloop
  endfacet
  facet normal  -1.8578364e-16   -0.0871557427     0.996194698  
    outer loop
      vertex              35      89.6541429      59.8488126
      vertex              30       74.775966      58.5471408
      vertex              50       74.775966      58.5471408
    endloop
  endfacet
  facet normal  5.39703093e-16   -0.0871557427     0.996194698  
    outer loop
      vertex              55      89.6541429      59.8488126
      vertex              50       74.775966      58.5471408
      vertex              70       74.775966      58.5471408
    endloop
  endfacet
  facet normal -3.23295778e-16   -0.0871557427     0.996194698  
    outer loop
      vertex              30       74.775966      58.5471408
      vertex              25      89.6541429      59.8488126
      vertex      13.4041745      78.1807086      58.8450171
    endloop
  endfacet
  facet normal   3.6563213e-16   -0.0871557427     0.996194698  
    outer loop
      vertex              75      89.6541429      59.8488126
      vertex              70       74.775966      58.5471408
      vertex      86.5958255      78.1807086      58.8450171
    endloop
  endfacet
  facet normal -4.35277548e-16   -0.0871557427     0.996194698  
    outer loop
      vertex      89.5749529              35      55.0671947
      vertex      78.8846255      43.7837777      55.8356756
      vertex              70       25.224034      54.2119085
    endloop
  endfacet
  facet normal  3.44645178e-16   -0.0871557427     0.996194698  
    outer loop
      vertex              70       25.224034      54.2119085
      vertex              60      42.4786323      55.7214902
      vertex          49.875      21.9532567      53.9257525
    endloop
  endfacet
  facet normal  5.06764534e-16   -0.0871557427     0.996194698  
    outer loop
      vertex      74.5828945              60      57.2544112
      vertex      89.5749529              65      57.6918546
      vertex              70       74.775966      58.5471408
    endloop
  endfacet
  facet normal  5.39703093e-16   -0.0871557427     0.996194698  
    outer loop
      vertex      74.5828945              60      57.2544112
      vertex              70       74.775966      58.5471408
      vertex              50       74.775966      58.5471408
    endloop
  endfacet
  facet normal -5.58973433e-17   -0.0871557427     0.996194698  
    outer loop
      vertex      89.5749529              55      56.8169679
      vertex      74.5828945              60      57.2544112
      vertex      78.8846255      43.7837777      55.8356756
    endloop
  endfacet
  facet normal -4.92283781e-16   -0.0871557427     0.996194698  
    outer loop
      vertex              30       25.224034      54.2119085
      vertex          49.875      21.9532567      53.9257525
      vertex              40      42.4786323      55.7214902
    endloop
  endfacet
  facet normal  -1.8578364e-16   -0.0871557427     0.996194698  
    outer loop
      vertex              50       74.775966      58.5471408
      vertex              30       74.775966      58.5471408
      vertex              40      57.5213677       57.037559
    endloop
  endfacet
  facet normal -1.03458117e-16   -0.0871557427     0.996194698  
    outer loop
      vertex              40      42.4786323      55.7214902
      vertex          49.875      21.9532567      53.9257525
      vertex              60      42.4786323      55.7214902
    endloop
  endfacet
  facet normal -5.14361677e-16   -0.0871557427     0.996194698  
    outer loop
      vertex              30       25.224034      54.2119085
      vertex              40      42.4786323      55.7214902
      vertex      25.4171055              50      56.3795246
    endloop
  endfacet
  facet normal -3.14607084e-16   -0.0871557427     0.996194698  
    outer loop
      vertex      25.4171055              50      56.3795246
      vertex              40      42.4786323      55.7214902
      vertex              40      57.5213677       57.037559
    endloop
  endfacet
  facet normal -9.28918198e-17   -0.0871557427     0.996194698  
    outer loop
      vertex              40      57.5213677       57.037559
      vertex              40      42.4786323      55.7214902
      vertex              60      42.4786323      55.7214902
    endloop
  endfacet
  facet normal   1.4077267e-16   -0.0871557427     0.996194698  
    outer loop
      vertex      25.4171055              50      56.3795246
      vertex              40      57.5213677       57.037559
      vertex              30       74.775966      58.5471408
    endloop
  endfacet
  facet normal -1.98763465e-16   -0.0871557427     0.996194698  
    outer loop
      vertex              40      57.5213677       57.037559
      vertex              60      42.4786323      55.7214902
      vertex      74.5828945              60      57.2544112
    endloop
  endfacet
  facet normal -1.34593045e-16   -0.0871557427     0.996194698  
    outer loop
      vertex              40      57.5213677       57.037559
      vertex      74.5828945              60      57.2544112
      vertex              50       74.775966      58.5471408
    endloop
  endfacet
  facet normal   2.7152428e-16   -0.0871557427     0.996194698  
    outer loop
      vertex              60      42.4786323      55.7214902
      vertex              70       25.224034      54.2119085
      vertex      78.8846255      43.7837777      55.8356756
    endloop
  endfacet
  facet normal  2.76631088e-16   -0.0871557427     0.996194698  
    outer loop
      vertex              60      42.4786323      55.7214902
      vertex      78.8846255      43.7837777      55.8356756
      vertex      74.5828945              60      57.2544112
    endloop
  endfacet
  facet normal -3.37689342e-16   -0.0871557427     0.996194698  
    outer loop
      vertex      10.4250471              65      57.6918546
      vertex      25.4171055              50      56.3795246
      vertex              30       74.775966      58.5471408
    endloop
  endfacet
  facet normal   2.5642668e-16   -0.0871557427     0.996194698  
    outer loop
      vertex      25.4171055              50      56.3795246
      vertex      12.7111999      35.8706723      55.1433686
      vertex              30       25.224034      54.2119085
    endloop
  endfacet
endsolid GiD
