         2.5         92.5            5 1 
           5         92.5          2.5 2 
           5         97.5          7.5 3 
         7.5         97.5            5 4 
         2.5           95          7.5 5 
         7.5           95          2.5 6 
         2.5         82.5            5 7 
           5         82.5          2.5 8 
           5         87.5          7.5 9 
         7.5         87.5            5 10 
         2.5           85          7.5 11 
         7.5           85          2.5 12 
         2.5         72.5            5 13 
           5         72.5          2.5 14 
           5         77.5          7.5 15 
         7.5         77.5            5 16 
         2.5           75          7.5 17 
         7.5           75          2.5 18 
         2.5         62.5            5 19 
           5         62.5          2.5 20 
           5         67.5          7.5 21 
         7.5         67.5            5 22 
         2.5           65          7.5 23 
         7.5           65          2.5 24 
         2.5         52.5            5 25 
           5         52.5          2.5 26 
           5         57.5          7.5 27 
         7.5         57.5            5 28 
         2.5           55          7.5 29 
         7.5           55          2.5 30 
         2.5         42.5            5 31 
           5         42.5          2.5 32 
           5         47.5          7.5 33 
         7.5         47.5            5 34 
         2.5           45          7.5 35 
         7.5           45          2.5 36 
         2.5         32.5            5 37 
           5         32.5          2.5 38 
           5         37.5          7.5 39 
         7.5         37.5            5 40 
         2.5           35          7.5 41 
         7.5           35          2.5 42 
         2.5         22.5            5 43 
           5         22.5          2.5 44 
           5         27.5          7.5 45 
         7.5         27.5            5 46 
         2.5           25          7.5 47 
         7.5           25          2.5 48 
         2.5         12.5            5 49 
           5         12.5          2.5 50 
           5         17.5          7.5 51 
         7.5         17.5            5 52 
         2.5           15          7.5 53 
         7.5           15          2.5 54 
         7.5          2.5            5 55 
         7.5            5          2.5 56 
         2.5            5          7.5 57 
         2.5          7.5            5 58 
           5          2.5          7.5 59 
           5          7.5          2.5 60 
         2.5         92.5           15 61 
           5         92.5         12.5 62 
           5         97.5         17.5 63 
         7.5         97.5           15 64 
         2.5           95         17.5 65 
         7.5           95         12.5 66 
         2.5         82.5           15 67 
           5         82.5         12.5 68 
           5         87.5         17.5 69 
         7.5         87.5           15 70 
         2.5           85         17.5 71 
         7.5           85         12.5 72 
         2.5         72.5           15 73 
           5         72.5         12.5 74 
           5         77.5         17.5 75 
         7.5         77.5           15 76 
         2.5           75         17.5 77 
         7.5           75         12.5 78 
         2.5         62.5           15 79 
           5         62.5         12.5 80 
           5         67.5         17.5 81 
         7.5         67.5           15 82 
         2.5           65         17.5 83 
         7.5           65         12.5 84 
         2.5         52.5           15 85 
           5         52.5         12.5 86 
           5         57.5         17.5 87 
         7.5         57.5           15 88 
         2.5           55         17.5 89 
         7.5           55         12.5 90 
         2.5         42.5           15 91 
           5         42.5         12.5 92 
           5         47.5         17.5 93 
         7.5         47.5           15 94 
         2.5           45         17.5 95 
         7.5           45         12.5 96 
         2.5         32.5           15 97 
           5         32.5         12.5 98 
           5         37.5         17.5 99 
         7.5         37.5           15 100 
         2.5           35         17.5 101 
         7.5           35         12.5 102 
         2.5         22.5           15 103 
           5         22.5         12.5 104 
           5         27.5         17.5 105 
         7.5         27.5           15 106 
         2.5           25         17.5 107 
         7.5           25         12.5 108 
         2.5         12.5           15 109 
           5         12.5         12.5 110 
           5         17.5         17.5 111 
         7.5         17.5           15 112 
         2.5           15         17.5 113 
         7.5           15         12.5 114 
         7.5          2.5           15 115 
         7.5            5         12.5 116 
         2.5            5         17.5 117 
         2.5          7.5           15 118 
           5          2.5         17.5 119 
           5          7.5         12.5 120 
         2.5         92.5           25 121 
           5         92.5         22.5 122 
           5         97.5         27.5 123 
         7.5         97.5           25 124 
         2.5           95         27.5 125 
         7.5           95         22.5 126 
         2.5         82.5           25 127 
           5         82.5         22.5 128 
           5         87.5         27.5 129 
         7.5         87.5           25 130 
         2.5           85         27.5 131 
         7.5           85         22.5 132 
         2.5         72.5           25 133 
           5         72.5         22.5 134 
           5         77.5         27.5 135 
         7.5         77.5           25 136 
         2.5           75         27.5 137 
         7.5           75         22.5 138 
         2.5         62.5           25 139 
           5         62.5         22.5 140 
           5         67.5         27.5 141 
         7.5         67.5           25 142 
         2.5           65         27.5 143 
         7.5           65         22.5 144 
         2.5         52.5           25 145 
           5         52.5         22.5 146 
           5         57.5         27.5 147 
         7.5         57.5           25 148 
         2.5           55         27.5 149 
         7.5           55         22.5 150 
         2.5         42.5           25 151 
           5         42.5         22.5 152 
           5         47.5         27.5 153 
         7.5         47.5           25 154 
         2.5           45         27.5 155 
         7.5           45         22.5 156 
         2.5         32.5           25 157 
           5         32.5         22.5 158 
           5         37.5         27.5 159 
         7.5         37.5           25 160 
         2.5           35         27.5 161 
         7.5           35         22.5 162 
         2.5         22.5           25 163 
           5         22.5         22.5 164 
           5         27.5         27.5 165 
         7.5         27.5           25 166 
         2.5           25         27.5 167 
         7.5           25         22.5 168 
         2.5         12.5           25 169 
           5         12.5         22.5 170 
           5         17.5         27.5 171 
         7.5         17.5           25 172 
         2.5           15         27.5 173 
         7.5           15         22.5 174 
         7.5          2.5           25 175 
         7.5            5         22.5 176 
         2.5            5         27.5 177 
         2.5          7.5           25 178 
           5          2.5         27.5 179 
           5          7.5         22.5 180 
         2.5         92.5           35 181 
           5         92.5         32.5 182 
           5         97.5         37.5 183 
         7.5         97.5           35 184 
         2.5           95         37.5 185 
         7.5           95         32.5 186 
         2.5         82.5           35 187 
           5         82.5         32.5 188 
           5         87.5         37.5 189 
         7.5         87.5           35 190 
         2.5           85         37.5 191 
         7.5           85         32.5 192 
         2.5         72.5           35 193 
           5         72.5         32.5 194 
           5         77.5         37.5 195 
         7.5         77.5           35 196 
         2.5           75         37.5 197 
         7.5           75         32.5 198 
         2.5         62.5           35 199 
           5         62.5         32.5 200 
           5         67.5         37.5 201 
         7.5         67.5           35 202 
         2.5           65         37.5 203 
         7.5           65         32.5 204 
         2.5         52.5           35 205 
           5         52.5         32.5 206 
           5         57.5         37.5 207 
         7.5         57.5           35 208 
         2.5           55         37.5 209 
         7.5           55         32.5 210 
         2.5         42.5           35 211 
           5         42.5         32.5 212 
           5         47.5         37.5 213 
         7.5         47.5           35 214 
         2.5           45         37.5 215 
         7.5           45         32.5 216 
         2.5         32.5           35 217 
           5         32.5         32.5 218 
           5         37.5         37.5 219 
         7.5         37.5           35 220 
         2.5           35         37.5 221 
         7.5           35         32.5 222 
         2.5         22.5           35 223 
           5         22.5         32.5 224 
           5         27.5         37.5 225 
         7.5         27.5           35 226 
         2.5           25         37.5 227 
         7.5           25         32.5 228 
         2.5         12.5           35 229 
           5         12.5         32.5 230 
           5         17.5         37.5 231 
         7.5         17.5           35 232 
         2.5           15         37.5 233 
         7.5           15         32.5 234 
         7.5          2.5           35 235 
         7.5            5         32.5 236 
         2.5            5         37.5 237 
         2.5          7.5           35 238 
           5          2.5         37.5 239 
           5          7.5         32.5 240 
         2.5         92.5           45 241 
           5         92.5         42.5 242 
           5         97.5         47.5 243 
         7.5         97.5           45 244 
         2.5           95         47.5 245 
         7.5           95         42.5 246 
         2.5         82.5           45 247 
           5         82.5         42.5 248 
           5         87.5         47.5 249 
         7.5         87.5           45 250 
         2.5           85         47.5 251 
         7.5           85         42.5 252 
         2.5         72.5           45 253 
           5         72.5         42.5 254 
           5         77.5         47.5 255 
         7.5         77.5           45 256 
         2.5           75         47.5 257 
         7.5           75         42.5 258 
         2.5         62.5           45 259 
           5         62.5         42.5 260 
           5         67.5         47.5 261 
         7.5         67.5           45 262 
         2.5           65         47.5 263 
         7.5           65         42.5 264 
         2.5         52.5           45 265 
           5         52.5         42.5 266 
           5         57.5         47.5 267 
         7.5         57.5           45 268 
         2.5           55         47.5 269 
         7.5           55         42.5 270 
         2.5         42.5           45 271 
           5         42.5         42.5 272 
           5         47.5         47.5 273 
         7.5         47.5           45 274 
         2.5           45         47.5 275 
         7.5           45         42.5 276 
         2.5         32.5           45 277 
           5         32.5         42.5 278 
           5         37.5         47.5 279 
         7.5         37.5           45 280 
         2.5           35         47.5 281 
         7.5           35         42.5 282 
         2.5         22.5           45 283 
           5         22.5         42.5 284 
           5         27.5         47.5 285 
         7.5         27.5           45 286 
         2.5           25         47.5 287 
         7.5           25         42.5 288 
         2.5         12.5           45 289 
           5         12.5         42.5 290 
           5         17.5         47.5 291 
         7.5         17.5           45 292 
         2.5           15         47.5 293 
         7.5           15         42.5 294 
         7.5          2.5           45 295 
         7.5            5         42.5 296 
         2.5            5         47.5 297 
         2.5          7.5           45 298 
           5          2.5         47.5 299 
           5          7.5         42.5 300 
         2.5         92.5           55 301 
           5         92.5         52.5 302 
           5         97.5         57.5 303 
         7.5         97.5           55 304 
         2.5           95         57.5 305 
         7.5           95         52.5 306 
         2.5         82.5           55 307 
           5         82.5         52.5 308 
           5         87.5         57.5 309 
         7.5         87.5           55 310 
         2.5           85         57.5 311 
         7.5           85         52.5 312 
         2.5         72.5           55 313 
           5         72.5         52.5 314 
           5         77.5         57.5 315 
         7.5         77.5           55 316 
         2.5           75         57.5 317 
         7.5           75         52.5 318 
         2.5         62.5           55 319 
           5         62.5         52.5 320 
           5         67.5         57.5 321 
         7.5         67.5           55 322 
         2.5           65         57.5 323 
         7.5           65         52.5 324 
         2.5         52.5           55 325 
           5         52.5         52.5 326 
           5         57.5         57.5 327 
         7.5         57.5           55 328 
         2.5           55         57.5 329 
         7.5           55         52.5 330 
         2.5         42.5           55 331 
           5         42.5         52.5 332 
           5         47.5         57.5 333 
         7.5         47.5           55 334 
         2.5           45         57.5 335 
         7.5           45         52.5 336 
         2.5         32.5           55 337 
           5         32.5         52.5 338 
           5         37.5         57.5 339 
         7.5         37.5           55 340 
         2.5           35         57.5 341 
         7.5           35         52.5 342 
         2.5         22.5           55 343 
           5         22.5         52.5 344 
           5         27.5         57.5 345 
         7.5         27.5           55 346 
         2.5           25         57.5 347 
         7.5           25         52.5 348 
         2.5         12.5           55 349 
           5         12.5         52.5 350 
           5         17.5         57.5 351 
         7.5         17.5           55 352 
         2.5           15         57.5 353 
         7.5           15         52.5 354 
         7.5          2.5           55 355 
         7.5            5         52.5 356 
         2.5            5         57.5 357 
         2.5          7.5           55 358 
           5          2.5         57.5 359 
           5          7.5         52.5 360 
         2.5         92.5           65 361 
           5         92.5         62.5 362 
           5         97.5         67.5 363 
         7.5         97.5           65 364 
         2.5           95         67.5 365 
         7.5           95         62.5 366 
         2.5         82.5           65 367 
           5         82.5         62.5 368 
           5         87.5         67.5 369 
         7.5         87.5           65 370 
         2.5           85         67.5 371 
         7.5           85         62.5 372 
         2.5         72.5           65 373 
           5         72.5         62.5 374 
           5         77.5         67.5 375 
         7.5         77.5           65 376 
         2.5           75         67.5 377 
         7.5           75         62.5 378 
         2.5         62.5           65 379 
           5         62.5         62.5 380 
           5         67.5         67.5 381 
         7.5         67.5           65 382 
         2.5           65         67.5 383 
         7.5           65         62.5 384 
         2.5         52.5           65 385 
           5         52.5         62.5 386 
           5         57.5         67.5 387 
         7.5         57.5           65 388 
         2.5           55         67.5 389 
         7.5           55         62.5 390 
         2.5         42.5           65 391 
           5         42.5         62.5 392 
           5         47.5         67.5 393 
         7.5         47.5           65 394 
         2.5           45         67.5 395 
         7.5           45         62.5 396 
         2.5         32.5           65 397 
           5         32.5         62.5 398 
           5         37.5         67.5 399 
         7.5         37.5           65 400 
         2.5           35         67.5 401 
         7.5           35         62.5 402 
         2.5         22.5           65 403 
           5         22.5         62.5 404 
           5         27.5         67.5 405 
         7.5         27.5           65 406 
         2.5           25         67.5 407 
         7.5           25         62.5 408 
         2.5         12.5           65 409 
           5         12.5         62.5 410 
           5         17.5         67.5 411 
         7.5         17.5           65 412 
         2.5           15         67.5 413 
         7.5           15         62.5 414 
         7.5          2.5           65 415 
         7.5            5         62.5 416 
         2.5            5         67.5 417 
         2.5          7.5           65 418 
           5          2.5         67.5 419 
           5          7.5         62.5 420 
         2.5         92.5           75 421 
           5         92.5         72.5 422 
           5         97.5         77.5 423 
         7.5         97.5           75 424 
         2.5           95         77.5 425 
         7.5           95         72.5 426 
         2.5         82.5           75 427 
           5         82.5         72.5 428 
           5         87.5         77.5 429 
         7.5         87.5           75 430 
         2.5           85         77.5 431 
         7.5           85         72.5 432 
         2.5         72.5           75 433 
           5         72.5         72.5 434 
           5         77.5         77.5 435 
         7.5         77.5           75 436 
         2.5           75         77.5 437 
         7.5           75         72.5 438 
         2.5         62.5           75 439 
           5         62.5         72.5 440 
           5         67.5         77.5 441 
         7.5         67.5           75 442 
         2.5           65         77.5 443 
         7.5           65         72.5 444 
         2.5         52.5           75 445 
           5         52.5         72.5 446 
           5         57.5         77.5 447 
         7.5         57.5           75 448 
         2.5           55         77.5 449 
         7.5           55         72.5 450 
         2.5         42.5           75 451 
           5         42.5         72.5 452 
           5         47.5         77.5 453 
         7.5         47.5           75 454 
         2.5           45         77.5 455 
         7.5           45         72.5 456 
         2.5         32.5           75 457 
           5         32.5         72.5 458 
           5         37.5         77.5 459 
         7.5         37.5           75 460 
         2.5           35         77.5 461 
         7.5           35         72.5 462 
         2.5         22.5           75 463 
           5         22.5         72.5 464 
           5         27.5         77.5 465 
         7.5         27.5           75 466 
         2.5           25         77.5 467 
         7.5           25         72.5 468 
         2.5         12.5           75 469 
           5         12.5         72.5 470 
           5         17.5         77.5 471 
         7.5         17.5           75 472 
         2.5           15         77.5 473 
         7.5           15         72.5 474 
         7.5          2.5           75 475 
         7.5            5         72.5 476 
         2.5            5         77.5 477 
         2.5          7.5           75 478 
           5          2.5         77.5 479 
           5          7.5         72.5 480 
         2.5         92.5           85 481 
           5         92.5         82.5 482 
           5         97.5         87.5 483 
         7.5         97.5           85 484 
         2.5           95         87.5 485 
         7.5           95         82.5 486 
         2.5         82.5           85 487 
           5         82.5         82.5 488 
           5         87.5         87.5 489 
         7.5         87.5           85 490 
         2.5           85         87.5 491 
         7.5           85         82.5 492 
         2.5         72.5           85 493 
           5         72.5         82.5 494 
           5         77.5         87.5 495 
         7.5         77.5           85 496 
         2.5           75         87.5 497 
         7.5           75         82.5 498 
         2.5         62.5           85 499 
           5         62.5         82.5 500 
           5         67.5         87.5 501 
         7.5         67.5           85 502 
         2.5           65         87.5 503 
         7.5           65         82.5 504 
         2.5         52.5           85 505 
           5         52.5         82.5 506 
           5         57.5         87.5 507 
         7.5         57.5           85 508 
         2.5           55         87.5 509 
         7.5           55         82.5 510 
         2.5         42.5           85 511 
           5         42.5         82.5 512 
           5         47.5         87.5 513 
         7.5         47.5           85 514 
         2.5           45         87.5 515 
         7.5           45         82.5 516 
         2.5         32.5           85 517 
           5         32.5         82.5 518 
           5         37.5         87.5 519 
         7.5         37.5           85 520 
         2.5           35         87.5 521 
         7.5           35         82.5 522 
         2.5         22.5           85 523 
           5         22.5         82.5 524 
           5         27.5         87.5 525 
         7.5         27.5           85 526 
         2.5           25         87.5 527 
         7.5           25         82.5 528 
         2.5         12.5           85 529 
           5         12.5         82.5 530 
           5         17.5         87.5 531 
         7.5         17.5           85 532 
         2.5           15         87.5 533 
         7.5           15         82.5 534 
         7.5          2.5           85 535 
         7.5            5         82.5 536 
         2.5            5         87.5 537 
         2.5          7.5           85 538 
           5          2.5         87.5 539 
           5          7.5         82.5 540 
         7.5         97.5           95 541 
           5         97.5         92.5 542 
           5         92.5         97.5 543 
         2.5         92.5           95 544 
         7.5           95         97.5 545 
         2.5           95         92.5 546 
         7.5         87.5           95 547 
           5         87.5         92.5 548 
           5         82.5         97.5 549 
         2.5         82.5           95 550 
         7.5           85         97.5 551 
         2.5           85         92.5 552 
         7.5         77.5           95 553 
           5         77.5         92.5 554 
           5         72.5         97.5 555 
         2.5         72.5           95 556 
         7.5           75         97.5 557 
         2.5           75         92.5 558 
         7.5         67.5           95 559 
           5         67.5         92.5 560 
           5         62.5         97.5 561 
         2.5         62.5           95 562 
         7.5           65         97.5 563 
         2.5           65         92.5 564 
         7.5         57.5           95 565 
           5         57.5         92.5 566 
           5         52.5         97.5 567 
         2.5         52.5           95 568 
         7.5           55         97.5 569 
         2.5           55         92.5 570 
         7.5         47.5           95 571 
           5         47.5         92.5 572 
           5         42.5         97.5 573 
         2.5         42.5           95 574 
         7.5           45         97.5 575 
         2.5           45         92.5 576 
         7.5         37.5           95 577 
           5         37.5         92.5 578 
           5         32.5         97.5 579 
         2.5         32.5           95 580 
         7.5           35         97.5 581 
         2.5           35         92.5 582 
         7.5         27.5           95 583 
           5         27.5         92.5 584 
           5         22.5         97.5 585 
         2.5         22.5           95 586 
         7.5           25         97.5 587 
         2.5           25         92.5 588 
         7.5         17.5           95 589 
           5         17.5         92.5 590 
           5         12.5         97.5 591 
         2.5         12.5           95 592 
         7.5           15         97.5 593 
         2.5           15         92.5 594 
         2.5          7.5           95 595 
         2.5            5         92.5 596 
         7.5            5         97.5 597 
         7.5          2.5           95 598 
           5          7.5         97.5 599 
           5          2.5         92.5 600 
        17.5         92.5          2.5 601 
          15         92.5            5 602 
        17.5           95          7.5 603 
          15         97.5          7.5 604 
        12.5           95          2.5 605 
        12.5         97.5            5 606 
        12.5         82.5            5 607 
          15         82.5          2.5 608 
          15         87.5          7.5 609 
        17.5         87.5            5 610 
        12.5           85          7.5 611 
        17.5           85          2.5 612 
        12.5         72.5            5 613 
          15         72.5          2.5 614 
          15         77.5          7.5 615 
        17.5         77.5            5 616 
        12.5           75          7.5 617 
        17.5           75          2.5 618 
        12.5         62.5            5 619 
          15         62.5          2.5 620 
          15         67.5          7.5 621 
        17.5         67.5            5 622 
        12.5           65          7.5 623 
        17.5           65          2.5 624 
        12.5         52.5            5 625 
          15         52.5          2.5 626 
          15         57.5          7.5 627 
        17.5         57.5            5 628 
        12.5           55          7.5 629 
        17.5           55          2.5 630 
        12.5         42.5            5 631 
          15         42.5          2.5 632 
          15         47.5          7.5 633 
        17.5         47.5            5 634 
        12.5           45          7.5 635 
        17.5           45          2.5 636 
        12.5         32.5            5 637 
          15         32.5          2.5 638 
          15         37.5          7.5 639 
        17.5         37.5            5 640 
        12.5           35          7.5 641 
        17.5           35          2.5 642 
        12.5         22.5            5 643 
          15         22.5          2.5 644 
          15         27.5          7.5 645 
        17.5         27.5            5 646 
        12.5           25          7.5 647 
        17.5           25          2.5 648 
        12.5         12.5            5 649 
          15         12.5          2.5 650 
          15         17.5          7.5 651 
        17.5         17.5            5 652 
        12.5           15          7.5 653 
        17.5           15          2.5 654 
        17.5          2.5            5 655 
        17.5            5          2.5 656 
        12.5            5          7.5 657 
        12.5          7.5            5 658 
          15          2.5          7.5 659 
          15          7.5          2.5 660 
        17.5         92.5         12.5 661 
          15         92.5           15 662 
        17.5           95         17.5 663 
          15         97.5         17.5 664 
        12.5           95         12.5 665 
        12.5         97.5           15 666 
        12.5         82.5           15 667 
          15         82.5         12.5 668 
          15         87.5         17.5 669 
        17.5         87.5           15 670 
        12.5           85         17.5 671 
        17.5           85         12.5 672 
        12.5         72.5           15 673 
          15         72.5         12.5 674 
          15         77.5         17.5 675 
        17.5         77.5           15 676 
        12.5           75         17.5 677 
        17.5           75         12.5 678 
        12.5         62.5           15 679 
          15         62.5         12.5 680 
          15         67.5         17.5 681 
        17.5         67.5           15 682 
        12.5           65         17.5 683 
        17.5           65         12.5 684 
        12.5         52.5           15 685 
          15         52.5         12.5 686 
          15         57.5         17.5 687 
        17.5         57.5           15 688 
        12.5           55         17.5 689 
        17.5           55         12.5 690 
        12.5         42.5           15 691 
          15         42.5         12.5 692 
          15         47.5         17.5 693 
        17.5         47.5           15 694 
        12.5           45         17.5 695 
        17.5           45         12.5 696 
        12.5         32.5           15 697 
          15         32.5         12.5 698 
          15         37.5         17.5 699 
        17.5         37.5           15 700 
        12.5           35         17.5 701 
        17.5           35         12.5 702 
        12.5         22.5           15 703 
          15         22.5         12.5 704 
          15         27.5         17.5 705 
        17.5         27.5           15 706 
        12.5           25         17.5 707 
        17.5           25         12.5 708 
        12.5         12.5           15 709 
          15         12.5         12.5 710 
          15         17.5         17.5 711 
        17.5         17.5           15 712 
        12.5           15         17.5 713 
        17.5           15         12.5 714 
        17.5          2.5           15 715 
        17.5            5         12.5 716 
        12.5            5         17.5 717 
        12.5          7.5           15 718 
          15          2.5         17.5 719 
          15          7.5         12.5 720 
        17.5         92.5         22.5 721 
          15         92.5           25 722 
        17.5           95         27.5 723 
          15         97.5         27.5 724 
        12.5           95         22.5 725 
        12.5         97.5           25 726 
        12.5         82.5           25 727 
          15         82.5         22.5 728 
          15         87.5         27.5 729 
        17.5         87.5           25 730 
        12.5           85         27.5 731 
        17.5           85         22.5 732 
        12.5         72.5           25 733 
          15         72.5         22.5 734 
          15         77.5         27.5 735 
        17.5         77.5           25 736 
        12.5           75         27.5 737 
        17.5           75         22.5 738 
        12.5         62.5           25 739 
          15         62.5         22.5 740 
          15         67.5         27.5 741 
        17.5         67.5           25 742 
        12.5           65         27.5 743 
        17.5           65         22.5 744 
        12.5         52.5           25 745 
          15         52.5         22.5 746 
          15         57.5         27.5 747 
        17.5         57.5           25 748 
        12.5           55         27.5 749 
        17.5           55         22.5 750 
        12.5         42.5           25 751 
          15         42.5         22.5 752 
          15         47.5         27.5 753 
        17.5         47.5           25 754 
        12.5           45         27.5 755 
        17.5           45         22.5 756 
        12.5         32.5           25 757 
          15         32.5         22.5 758 
          15         37.5         27.5 759 
        17.5         37.5           25 760 
        12.5           35         27.5 761 
        17.5           35         22.5 762 
        12.5         22.5           25 763 
          15         22.5         22.5 764 
          15         27.5         27.5 765 
        17.5         27.5           25 766 
        12.5           25         27.5 767 
        17.5           25         22.5 768 
        12.5         12.5           25 769 
          15         12.5         22.5 770 
          15         17.5         27.5 771 
        17.5         17.5           25 772 
        12.5           15         27.5 773 
        17.5           15         22.5 774 
        17.5          2.5           25 775 
        17.5            5         22.5 776 
        12.5            5         27.5 777 
        12.5          7.5           25 778 
          15          2.5         27.5 779 
          15          7.5         22.5 780 
        17.5         92.5         32.5 781 
          15         92.5           35 782 
        17.5           95         37.5 783 
          15         97.5         37.5 784 
        12.5           95         32.5 785 
        12.5         97.5           35 786 
        12.5         82.5           35 787 
          15         82.5         32.5 788 
          15         87.5         37.5 789 
        17.5         87.5           35 790 
        12.5           85         37.5 791 
        17.5           85         32.5 792 
        12.5         72.5           35 793 
          15         72.5         32.5 794 
          15         77.5         37.5 795 
        17.5         77.5           35 796 
        12.5           75         37.5 797 
        17.5           75         32.5 798 
        12.5         62.5           35 799 
          15         62.5         32.5 800 
          15         67.5         37.5 801 
        17.5         67.5           35 802 
        12.5           65         37.5 803 
        17.5           65         32.5 804 
        12.5         52.5           35 805 
          15         52.5         32.5 806 
          15         57.5         37.5 807 
        17.5         57.5           35 808 
        12.5           55         37.5 809 
        17.5           55         32.5 810 
        12.5         42.5           35 811 
          15         42.5         32.5 812 
          15         47.5         37.5 813 
        17.5         47.5           35 814 
        12.5           45         37.5 815 
        17.5           45         32.5 816 
        12.5         32.5           35 817 
          15         32.5         32.5 818 
          15         37.5         37.5 819 
        17.5         37.5           35 820 
        12.5           35         37.5 821 
        17.5           35         32.5 822 
        12.5         22.5           35 823 
          15         22.5         32.5 824 
          15         27.5         37.5 825 
        17.5         27.5           35 826 
        12.5           25         37.5 827 
        17.5           25         32.5 828 
        12.5         12.5           35 829 
          15         12.5         32.5 830 
          15         17.5         37.5 831 
        17.5         17.5           35 832 
        12.5           15         37.5 833 
        17.5           15         32.5 834 
        17.5          2.5           35 835 
        17.5            5         32.5 836 
        12.5            5         37.5 837 
        12.5          7.5           35 838 
          15          2.5         37.5 839 
          15          7.5         32.5 840 
        17.5         92.5         42.5 841 
          15         92.5           45 842 
        17.5           95         47.5 843 
          15         97.5         47.5 844 
        12.5           95         42.5 845 
        12.5         97.5           45 846 
        12.5         82.5           45 847 
          15         82.5         42.5 848 
          15         87.5         47.5 849 
        17.5         87.5           45 850 
        12.5           85         47.5 851 
        17.5           85         42.5 852 
        12.5         72.5           45 853 
          15         72.5         42.5 854 
          15         77.5         47.5 855 
        17.5         77.5           45 856 
        12.5           75         47.5 857 
        17.5           75         42.5 858 
        12.5         62.5           45 859 
          15         62.5         42.5 860 
          15         67.5         47.5 861 
        17.5         67.5           45 862 
        12.5           65         47.5 863 
        17.5           65         42.5 864 
        12.5         52.5           45 865 
          15         52.5         42.5 866 
          15         57.5         47.5 867 
        17.5         57.5           45 868 
        12.5           55         47.5 869 
        17.5           55         42.5 870 
        12.5         42.5           45 871 
          15         42.5         42.5 872 
          15         47.5         47.5 873 
        17.5         47.5           45 874 
        12.5           45         47.5 875 
        17.5           45         42.5 876 
        12.5         32.5           45 877 
          15         32.5         42.5 878 
          15         37.5         47.5 879 
        17.5         37.5           45 880 
        12.5           35         47.5 881 
        17.5           35         42.5 882 
        12.5         22.5           45 883 
          15         22.5         42.5 884 
          15         27.5         47.5 885 
        17.5         27.5           45 886 
        12.5           25         47.5 887 
        17.5           25         42.5 888 
        12.5         12.5           45 889 
          15         12.5         42.5 890 
          15         17.5         47.5 891 
        17.5         17.5           45 892 
        12.5           15         47.5 893 
        17.5           15         42.5 894 
        17.5          2.5           45 895 
        17.5            5         42.5 896 
        12.5            5         47.5 897 
        12.5          7.5           45 898 
          15          2.5         47.5 899 
          15          7.5         42.5 900 
        17.5         92.5         52.5 901 
          15         92.5           55 902 
        17.5           95         57.5 903 
          15         97.5         57.5 904 
        12.5           95         52.5 905 
        12.5         97.5           55 906 
        12.5         82.5           55 907 
          15         82.5         52.5 908 
          15         87.5         57.5 909 
        17.5         87.5           55 910 
        12.5           85         57.5 911 
        17.5           85         52.5 912 
        12.5         72.5           55 913 
          15         72.5         52.5 914 
          15         77.5         57.5 915 
        17.5         77.5           55 916 
        12.5           75         57.5 917 
        17.5           75         52.5 918 
        12.5         62.5           55 919 
          15         62.5         52.5 920 
          15         67.5         57.5 921 
        17.5         67.5           55 922 
        12.5           65         57.5 923 
        17.5           65         52.5 924 
        12.5         52.5           55 925 
          15         52.5         52.5 926 
          15         57.5         57.5 927 
        17.5         57.5           55 928 
        12.5           55         57.5 929 
        17.5           55         52.5 930 
        12.5         42.5           55 931 
          15         42.5         52.5 932 
          15         47.5         57.5 933 
        17.5         47.5           55 934 
        12.5           45         57.5 935 
        17.5           45         52.5 936 
        12.5         32.5           55 937 
          15         32.5         52.5 938 
          15         37.5         57.5 939 
        17.5         37.5           55 940 
        12.5           35         57.5 941 
        17.5           35         52.5 942 
        12.5         22.5           55 943 
          15         22.5         52.5 944 
          15         27.5         57.5 945 
        17.5         27.5           55 946 
        12.5           25         57.5 947 
        17.5           25         52.5 948 
        12.5         12.5           55 949 
          15         12.5         52.5 950 
          15         17.5         57.5 951 
        17.5         17.5           55 952 
        12.5           15         57.5 953 
        17.5           15         52.5 954 
        17.5          2.5           55 955 
        17.5            5         52.5 956 
        12.5            5         57.5 957 
        12.5          7.5           55 958 
          15          2.5         57.5 959 
          15          7.5         52.5 960 
        17.5         92.5         62.5 961 
          15         92.5           65 962 
        17.5           95         67.5 963 
          15         97.5         67.5 964 
        12.5           95         62.5 965 
        12.5         97.5           65 966 
        12.5         82.5           65 967 
          15         82.5         62.5 968 
          15         87.5         67.5 969 
        17.5         87.5           65 970 
        12.5           85         67.5 971 
        17.5           85         62.5 972 
        12.5         72.5           65 973 
          15         72.5         62.5 974 
          15         77.5         67.5 975 
        17.5         77.5           65 976 
        12.5           75         67.5 977 
        17.5           75         62.5 978 
        12.5         62.5           65 979 
          15         62.5         62.5 980 
          15         67.5         67.5 981 
        17.5         67.5           65 982 
        12.5           65         67.5 983 
        17.5           65         62.5 984 
        12.5         52.5           65 985 
          15         52.5         62.5 986 
          15         57.5         67.5 987 
        17.5         57.5           65 988 
        12.5           55         67.5 989 
        17.5           55         62.5 990 
        12.5         42.5           65 991 
          15         42.5         62.5 992 
          15         47.5         67.5 993 
        17.5         47.5           65 994 
        12.5           45         67.5 995 
        17.5           45         62.5 996 
        12.5         32.5           65 997 
          15         32.5         62.5 998 
          15         37.5         67.5 999 
        17.5         37.5           65 1000 
        12.5           35         67.5 1001 
        17.5           35         62.5 1002 
        12.5         22.5           65 1003 
          15         22.5         62.5 1004 
          15         27.5         67.5 1005 
        17.5         27.5           65 1006 
        12.5           25         67.5 1007 
        17.5           25         62.5 1008 
        12.5         12.5           65 1009 
          15         12.5         62.5 1010 
          15         17.5         67.5 1011 
        17.5         17.5           65 1012 
        12.5           15         67.5 1013 
        17.5           15         62.5 1014 
        17.5          2.5           65 1015 
        17.5            5         62.5 1016 
        12.5            5         67.5 1017 
        12.5          7.5           65 1018 
          15          2.5         67.5 1019 
          15          7.5         62.5 1020 
        17.5         92.5         72.5 1021 
          15         92.5           75 1022 
        17.5           95         77.5 1023 
          15         97.5         77.5 1024 
        12.5           95         72.5 1025 
        12.5         97.5           75 1026 
        12.5         82.5           75 1027 
          15         82.5         72.5 1028 
          15         87.5         77.5 1029 
        17.5         87.5           75 1030 
        12.5           85         77.5 1031 
        17.5           85         72.5 1032 
        12.5         72.5           75 1033 
          15         72.5         72.5 1034 
          15         77.5         77.5 1035 
        17.5         77.5           75 1036 
        12.5           75         77.5 1037 
        17.5           75         72.5 1038 
        12.5         62.5           75 1039 
          15         62.5         72.5 1040 
          15         67.5         77.5 1041 
        17.5         67.5           75 1042 
        12.5           65         77.5 1043 
        17.5           65         72.5 1044 
        12.5         52.5           75 1045 
          15         52.5         72.5 1046 
          15         57.5         77.5 1047 
        17.5         57.5           75 1048 
        12.5           55         77.5 1049 
        17.5           55         72.5 1050 
        12.5         42.5           75 1051 
          15         42.5         72.5 1052 
          15         47.5         77.5 1053 
        17.5         47.5           75 1054 
        12.5           45         77.5 1055 
        17.5           45         72.5 1056 
        12.5         32.5           75 1057 
          15         32.5         72.5 1058 
          15         37.5         77.5 1059 
        17.5         37.5           75 1060 
        12.5           35         77.5 1061 
        17.5           35         72.5 1062 
        12.5         22.5           75 1063 
          15         22.5         72.5 1064 
          15         27.5         77.5 1065 
        17.5         27.5           75 1066 
        12.5           25         77.5 1067 
        17.5           25         72.5 1068 
        12.5         12.5           75 1069 
          15         12.5         72.5 1070 
          15         17.5         77.5 1071 
        17.5         17.5           75 1072 
        12.5           15         77.5 1073 
        17.5           15         72.5 1074 
        17.5          2.5           75 1075 
        17.5            5         72.5 1076 
        12.5            5         77.5 1077 
        12.5          7.5           75 1078 
          15          2.5         77.5 1079 
          15          7.5         72.5 1080 
        17.5         92.5         82.5 1081 
          15         92.5           85 1082 
        17.5           95         87.5 1083 
          15         97.5         87.5 1084 
        12.5           95         82.5 1085 
        12.5         97.5           85 1086 
        12.5         82.5           85 1087 
          15         82.5         82.5 1088 
          15         87.5         87.5 1089 
        17.5         87.5           85 1090 
        12.5           85         87.5 1091 
        17.5           85         82.5 1092 
        12.5         72.5           85 1093 
          15         72.5         82.5 1094 
          15         77.5         87.5 1095 
        17.5         77.5           85 1096 
        12.5           75         87.5 1097 
        17.5           75         82.5 1098 
        12.5         62.5           85 1099 
          15         62.5         82.5 1100 
          15         67.5         87.5 1101 
        17.5         67.5           85 1102 
        12.5           65         87.5 1103 
        17.5           65         82.5 1104 
        12.5         52.5           85 1105 
          15         52.5         82.5 1106 
          15         57.5         87.5 1107 
        17.5         57.5           85 1108 
        12.5           55         87.5 1109 
        17.5           55         82.5 1110 
        12.5         42.5           85 1111 
          15         42.5         82.5 1112 
          15         47.5         87.5 1113 
        17.5         47.5           85 1114 
        12.5           45         87.5 1115 
        17.5           45         82.5 1116 
        12.5         32.5           85 1117 
          15         32.5         82.5 1118 
          15         37.5         87.5 1119 
        17.5         37.5           85 1120 
        12.5           35         87.5 1121 
        17.5           35         82.5 1122 
        12.5         22.5           85 1123 
          15         22.5         82.5 1124 
          15         27.5         87.5 1125 
        17.5         27.5           85 1126 
        12.5           25         87.5 1127 
        17.5           25         82.5 1128 
        12.5         12.5           85 1129 
          15         12.5         82.5 1130 
          15         17.5         87.5 1131 
        17.5         17.5           85 1132 
        12.5           15         87.5 1133 
        17.5           15         82.5 1134 
        17.5          2.5           85 1135 
        17.5            5         82.5 1136 
        12.5            5         87.5 1137 
        12.5          7.5           85 1138 
          15          2.5         87.5 1139 
          15          7.5         82.5 1140 
        17.5         92.5         97.5 1141 
          15         92.5           95 1142 
        12.5           95         97.5 1143 
        12.5         97.5           95 1144 
        17.5           95         92.5 1145 
          15         97.5         92.5 1146 
        17.5         87.5           95 1147 
          15         87.5         92.5 1148 
          15         82.5         97.5 1149 
        12.5         82.5           95 1150 
        17.5           85         97.5 1151 
        12.5           85         92.5 1152 
        17.5         77.5           95 1153 
          15         77.5         92.5 1154 
          15         72.5         97.5 1155 
        12.5         72.5           95 1156 
        17.5           75         97.5 1157 
        12.5           75         92.5 1158 
        17.5         67.5           95 1159 
          15         67.5         92.5 1160 
          15         62.5         97.5 1161 
        12.5         62.5           95 1162 
        17.5           65         97.5 1163 
        12.5           65         92.5 1164 
        17.5         57.5           95 1165 
          15         57.5         92.5 1166 
          15         52.5         97.5 1167 
        12.5         52.5           95 1168 
        17.5           55         97.5 1169 
        12.5           55         92.5 1170 
        17.5         47.5           95 1171 
          15         47.5         92.5 1172 
          15         42.5         97.5 1173 
        12.5         42.5           95 1174 
        17.5           45         97.5 1175 
        12.5           45         92.5 1176 
        17.5         37.5           95 1177 
          15         37.5         92.5 1178 
          15         32.5         97.5 1179 
        12.5         32.5           95 1180 
        17.5           35         97.5 1181 
        12.5           35         92.5 1182 
        17.5         27.5           95 1183 
          15         27.5         92.5 1184 
          15         22.5         97.5 1185 
        12.5         22.5           95 1186 
        17.5           25         97.5 1187 
        12.5           25         92.5 1188 
        17.5         17.5           95 1189 
          15         17.5         92.5 1190 
          15         12.5         97.5 1191 
        12.5         12.5           95 1192 
        17.5           15         97.5 1193 
        12.5           15         92.5 1194 
        12.5          7.5           95 1195 
        12.5            5         92.5 1196 
        17.5            5         97.5 1197 
        17.5          2.5           95 1198 
          15          7.5         97.5 1199 
          15          2.5         92.5 1200 
        27.5         92.5          2.5 1201 
          25         92.5            5 1202 
        27.5           95          7.5 1203 
          25         97.5          7.5 1204 
        22.5           95          2.5 1205 
        22.5         97.5            5 1206 
        22.5         82.5            5 1207 
          25         82.5          2.5 1208 
          25         87.5          7.5 1209 
        27.5         87.5            5 1210 
        22.5           85          7.5 1211 
        27.5           85          2.5 1212 
        22.5         72.5            5 1213 
          25         72.5          2.5 1214 
          25         77.5          7.5 1215 
        27.5         77.5            5 1216 
        22.5           75          7.5 1217 
        27.5           75          2.5 1218 
        22.5         62.5            5 1219 
          25         62.5          2.5 1220 
          25         67.5          7.5 1221 
        27.5         67.5            5 1222 
        22.5           65          7.5 1223 
        27.5           65          2.5 1224 
        22.5         52.5            5 1225 
          25         52.5          2.5 1226 
          25         57.5          7.5 1227 
        27.5         57.5            5 1228 
        22.5           55          7.5 1229 
        27.5           55          2.5 1230 
        22.5         42.5            5 1231 
          25         42.5          2.5 1232 
          25         47.5          7.5 1233 
        27.5         47.5            5 1234 
        22.5           45          7.5 1235 
        27.5           45          2.5 1236 
        22.5         32.5            5 1237 
          25         32.5          2.5 1238 
          25         37.5          7.5 1239 
        27.5         37.5            5 1240 
        22.5           35          7.5 1241 
        27.5           35          2.5 1242 
        22.5         22.5            5 1243 
          25         22.5          2.5 1244 
          25         27.5          7.5 1245 
        27.5         27.5            5 1246 
        22.5           25          7.5 1247 
        27.5           25          2.5 1248 
        22.5         12.5            5 1249 
          25         12.5          2.5 1250 
          25         17.5          7.5 1251 
        27.5         17.5            5 1252 
        22.5           15          7.5 1253 
        27.5           15          2.5 1254 
        27.5          2.5            5 1255 
        27.5            5          2.5 1256 
        22.5            5          7.5 1257 
        22.5          7.5            5 1258 
          25          2.5          7.5 1259 
          25          7.5          2.5 1260 
        27.5         92.5         12.5 1261 
          25         92.5           15 1262 
        27.5           95         17.5 1263 
          25         97.5         17.5 1264 
        22.5           95         12.5 1265 
        22.5         97.5           15 1266 
        22.5         82.5           15 1267 
          25         82.5         12.5 1268 
          25         87.5         17.5 1269 
        27.5         87.5           15 1270 
        22.5           85         17.5 1271 
        27.5           85         12.5 1272 
        22.5         72.5           15 1273 
          25         72.5         12.5 1274 
          25         77.5         17.5 1275 
        27.5         77.5           15 1276 
        22.5           75         17.5 1277 
        27.5           75         12.5 1278 
        22.5         62.5           15 1279 
          25         62.5         12.5 1280 
          25         67.5         17.5 1281 
        27.5         67.5           15 1282 
        22.5           65         17.5 1283 
        27.5           65         12.5 1284 
        22.5         52.5           15 1285 
          25         52.5         12.5 1286 
          25         57.5         17.5 1287 
        27.5         57.5           15 1288 
        22.5           55         17.5 1289 
        27.5           55         12.5 1290 
        22.5         42.5           15 1291 
          25         42.5         12.5 1292 
          25         47.5         17.5 1293 
        27.5         47.5           15 1294 
        22.5           45         17.5 1295 
        27.5           45         12.5 1296 
        22.5         32.5           15 1297 
          25         32.5         12.5 1298 
          25         37.5         17.5 1299 
        27.5         37.5           15 1300 
        22.5           35         17.5 1301 
        27.5           35         12.5 1302 
        22.5         22.5           15 1303 
          25         22.5         12.5 1304 
          25         27.5         17.5 1305 
        27.5         27.5           15 1306 
        22.5           25         17.5 1307 
        27.5           25         12.5 1308 
        22.5         12.5           15 1309 
          25         12.5         12.5 1310 
          25         17.5         17.5 1311 
        27.5         17.5           15 1312 
        22.5           15         17.5 1313 
        27.5           15         12.5 1314 
        27.5          2.5           15 1315 
        27.5            5         12.5 1316 
        22.5            5         17.5 1317 
        22.5          7.5           15 1318 
          25          2.5         17.5 1319 
          25          7.5         12.5 1320 
        27.5         92.5         22.5 1321 
          25         92.5           25 1322 
        27.5           95         27.5 1323 
          25         97.5         27.5 1324 
        22.5           95         22.5 1325 
        22.5         97.5           25 1326 
        22.5         82.5           25 1327 
          25         82.5         22.5 1328 
          25         87.5         27.5 1329 
        27.5         87.5           25 1330 
        22.5           85         27.5 1331 
        27.5           85         22.5 1332 
        22.5         72.5           25 1333 
          25         72.5         22.5 1334 
          25         77.5         27.5 1335 
        27.5         77.5           25 1336 
        22.5           75         27.5 1337 
        27.5           75         22.5 1338 
        22.5         62.5           25 1339 
          25         62.5         22.5 1340 
          25         67.5         27.5 1341 
        27.5         67.5           25 1342 
        22.5           65         27.5 1343 
        27.5           65         22.5 1344 
        22.5         52.5           25 1345 
          25         52.5         22.5 1346 
          25         57.5         27.5 1347 
        27.5         57.5           25 1348 
        22.5           55         27.5 1349 
        27.5           55         22.5 1350 
        22.5         42.5           25 1351 
          25         42.5         22.5 1352 
          25         47.5         27.5 1353 
        27.5         47.5           25 1354 
        22.5           45         27.5 1355 
        27.5           45         22.5 1356 
        22.5         32.5           25 1357 
          25         32.5         22.5 1358 
          25         37.5         27.5 1359 
        27.5         37.5           25 1360 
        22.5           35         27.5 1361 
        27.5           35         22.5 1362 
        22.5         22.5           25 1363 
          25         22.5         22.5 1364 
          25         27.5         27.5 1365 
        27.5         27.5           25 1366 
        22.5           25         27.5 1367 
        27.5           25         22.5 1368 
        22.5         12.5           25 1369 
          25         12.5         22.5 1370 
          25         17.5         27.5 1371 
        27.5         17.5           25 1372 
        22.5           15         27.5 1373 
        27.5           15         22.5 1374 
        27.5          2.5           25 1375 
        27.5            5         22.5 1376 
        22.5            5         27.5 1377 
        22.5          7.5           25 1378 
          25          2.5         27.5 1379 
          25          7.5         22.5 1380 
        27.5         92.5         32.5 1381 
          25         92.5           35 1382 
        27.5           95         37.5 1383 
          25         97.5         37.5 1384 
        22.5           95         32.5 1385 
        22.5         97.5           35 1386 
        22.5         82.5           35 1387 
          25         82.5         32.5 1388 
          25         87.5         37.5 1389 
        27.5         87.5           35 1390 
        22.5           85         37.5 1391 
        27.5           85         32.5 1392 
        22.5         72.5           35 1393 
          25         72.5         32.5 1394 
          25         77.5         37.5 1395 
        27.5         77.5           35 1396 
        22.5           75         37.5 1397 
        27.5           75         32.5 1398 
        22.5         62.5           35 1399 
          25         62.5         32.5 1400 
          25         67.5         37.5 1401 
        27.5         67.5           35 1402 
        22.5           65         37.5 1403 
        27.5           65         32.5 1404 
        22.5         52.5           35 1405 
          25         52.5         32.5 1406 
          25         57.5         37.5 1407 
        27.5         57.5           35 1408 
        22.5           55         37.5 1409 
        27.5           55         32.5 1410 
        22.5         42.5           35 1411 
          25         42.5         32.5 1412 
          25         47.5         37.5 1413 
        27.5         47.5           35 1414 
        22.5           45         37.5 1415 
        27.5           45         32.5 1416 
        22.5         32.5           35 1417 
          25         32.5         32.5 1418 
          25         37.5         37.5 1419 
        27.5         37.5           35 1420 
        22.5           35         37.5 1421 
        27.5           35         32.5 1422 
        22.5         22.5           35 1423 
          25         22.5         32.5 1424 
          25         27.5         37.5 1425 
        27.5         27.5           35 1426 
        22.5           25         37.5 1427 
        27.5           25         32.5 1428 
        22.5         12.5           35 1429 
          25         12.5         32.5 1430 
          25         17.5         37.5 1431 
        27.5         17.5           35 1432 
        22.5           15         37.5 1433 
        27.5           15         32.5 1434 
        27.5          2.5           35 1435 
        27.5            5         32.5 1436 
        22.5            5         37.5 1437 
        22.5          7.5           35 1438 
          25          2.5         37.5 1439 
          25          7.5         32.5 1440 
        27.5         92.5         42.5 1441 
          25         92.5           45 1442 
        27.5           95         47.5 1443 
          25         97.5         47.5 1444 
        22.5           95         42.5 1445 
        22.5         97.5           45 1446 
        22.5         82.5           45 1447 
          25         82.5         42.5 1448 
          25         87.5         47.5 1449 
        27.5         87.5           45 1450 
        22.5           85         47.5 1451 
        27.5           85         42.5 1452 
        22.5         72.5           45 1453 
          25         72.5         42.5 1454 
          25         77.5         47.5 1455 
        27.5         77.5           45 1456 
        22.5           75         47.5 1457 
        27.5           75         42.5 1458 
        22.5         62.5           45 1459 
          25         62.5         42.5 1460 
          25         67.5         47.5 1461 
        27.5         67.5           45 1462 
        22.5           65         47.5 1463 
        27.5           65         42.5 1464 
        22.5         52.5           45 1465 
          25         52.5         42.5 1466 
          25         57.5         47.5 1467 
        27.5         57.5           45 1468 
        22.5           55         47.5 1469 
        27.5           55         42.5 1470 
        22.5         42.5           45 1471 
          25         42.5         42.5 1472 
          25         47.5         47.5 1473 
        27.5         47.5           45 1474 
        22.5           45         47.5 1475 
        27.5           45         42.5 1476 
        22.5         32.5           45 1477 
          25         32.5         42.5 1478 
          25         37.5         47.5 1479 
        27.5         37.5           45 1480 
        22.5           35         47.5 1481 
        27.5           35         42.5 1482 
        22.5         22.5           45 1483 
          25         22.5         42.5 1484 
          25         27.5         47.5 1485 
        27.5         27.5           45 1486 
        22.5           25         47.5 1487 
        27.5           25         42.5 1488 
        22.5         12.5           45 1489 
          25         12.5         42.5 1490 
          25         17.5         47.5 1491 
        27.5         17.5           45 1492 
        22.5           15         47.5 1493 
        27.5           15         42.5 1494 
        27.5          2.5           45 1495 
        27.5            5         42.5 1496 
        22.5            5         47.5 1497 
        22.5          7.5           45 1498 
          25          2.5         47.5 1499 
          25          7.5         42.5 1500 
        27.5         92.5         52.5 1501 
          25         92.5           55 1502 
        27.5           95         57.5 1503 
          25         97.5         57.5 1504 
        22.5           95         52.5 1505 
        22.5         97.5           55 1506 
        22.5         82.5           55 1507 
          25         82.5         52.5 1508 
          25         87.5         57.5 1509 
        27.5         87.5           55 1510 
        22.5           85         57.5 1511 
        27.5           85         52.5 1512 
        22.5         72.5           55 1513 
          25         72.5         52.5 1514 
          25         77.5         57.5 1515 
        27.5         77.5           55 1516 
        22.5           75         57.5 1517 
        27.5           75         52.5 1518 
        22.5         62.5           55 1519 
          25         62.5         52.5 1520 
          25         67.5         57.5 1521 
        27.5         67.5           55 1522 
        22.5           65         57.5 1523 
        27.5           65         52.5 1524 
        22.5         52.5           55 1525 
          25         52.5         52.5 1526 
          25         57.5         57.5 1527 
        27.5         57.5           55 1528 
        22.5           55         57.5 1529 
        27.5           55         52.5 1530 
        22.5         42.5           55 1531 
          25         42.5         52.5 1532 
          25         47.5         57.5 1533 
        27.5         47.5           55 1534 
        22.5           45         57.5 1535 
        27.5           45         52.5 1536 
        22.5         32.5           55 1537 
          25         32.5         52.5 1538 
          25         37.5         57.5 1539 
        27.5         37.5           55 1540 
        22.5           35         57.5 1541 
        27.5           35         52.5 1542 
        22.5         22.5           55 1543 
          25         22.5         52.5 1544 
          25         27.5         57.5 1545 
        27.5         27.5           55 1546 
        22.5           25         57.5 1547 
        27.5           25         52.5 1548 
        22.5         12.5           55 1549 
          25         12.5         52.5 1550 
          25         17.5         57.5 1551 
        27.5         17.5           55 1552 
        22.5           15         57.5 1553 
        27.5           15         52.5 1554 
        27.5          2.5           55 1555 
        27.5            5         52.5 1556 
        22.5            5         57.5 1557 
        22.5          7.5           55 1558 
          25          2.5         57.5 1559 
          25          7.5         52.5 1560 
        27.5         92.5         62.5 1561 
          25         92.5           65 1562 
        27.5           95         67.5 1563 
          25         97.5         67.5 1564 
        22.5           95         62.5 1565 
        22.5         97.5           65 1566 
        22.5         82.5           65 1567 
          25         82.5         62.5 1568 
          25         87.5         67.5 1569 
        27.5         87.5           65 1570 
        22.5           85         67.5 1571 
        27.5           85         62.5 1572 
        22.5         72.5           65 1573 
          25         72.5         62.5 1574 
          25         77.5         67.5 1575 
        27.5         77.5           65 1576 
        22.5           75         67.5 1577 
        27.5           75         62.5 1578 
        22.5         62.5           65 1579 
          25         62.5         62.5 1580 
          25         67.5         67.5 1581 
        27.5         67.5           65 1582 
        22.5           65         67.5 1583 
        27.5           65         62.5 1584 
        22.5         52.5           65 1585 
          25         52.5         62.5 1586 
          25         57.5         67.5 1587 
        27.5         57.5           65 1588 
        22.5           55         67.5 1589 
        27.5           55         62.5 1590 
        22.5         42.5           65 1591 
          25         42.5         62.5 1592 
          25         47.5         67.5 1593 
        27.5         47.5           65 1594 
        22.5           45         67.5 1595 
        27.5           45         62.5 1596 
        22.5         32.5           65 1597 
          25         32.5         62.5 1598 
          25         37.5         67.5 1599 
        27.5         37.5           65 1600 
        22.5           35         67.5 1601 
        27.5           35         62.5 1602 
        22.5         22.5           65 1603 
          25         22.5         62.5 1604 
          25         27.5         67.5 1605 
        27.5         27.5           65 1606 
        22.5           25         67.5 1607 
        27.5           25         62.5 1608 
        22.5         12.5           65 1609 
          25         12.5         62.5 1610 
          25         17.5         67.5 1611 
        27.5         17.5           65 1612 
        22.5           15         67.5 1613 
        27.5           15         62.5 1614 
        27.5          2.5           65 1615 
        27.5            5         62.5 1616 
        22.5            5         67.5 1617 
        22.5          7.5           65 1618 
          25          2.5         67.5 1619 
          25          7.5         62.5 1620 
        27.5         92.5         72.5 1621 
          25         92.5           75 1622 
        27.5           95         77.5 1623 
          25         97.5         77.5 1624 
        22.5           95         72.5 1625 
        22.5         97.5           75 1626 
        22.5         82.5           75 1627 
          25         82.5         72.5 1628 
          25         87.5         77.5 1629 
        27.5         87.5           75 1630 
        22.5           85         77.5 1631 
        27.5           85         72.5 1632 
        22.5         72.5           75 1633 
          25         72.5         72.5 1634 
          25         77.5         77.5 1635 
        27.5         77.5           75 1636 
        22.5           75         77.5 1637 
        27.5           75         72.5 1638 
        22.5         62.5           75 1639 
          25         62.5         72.5 1640 
          25         67.5         77.5 1641 
        27.5         67.5           75 1642 
        22.5           65         77.5 1643 
        27.5           65         72.5 1644 
        22.5         52.5           75 1645 
          25         52.5         72.5 1646 
          25         57.5         77.5 1647 
        27.5         57.5           75 1648 
        22.5           55         77.5 1649 
        27.5           55         72.5 1650 
        22.5         42.5           75 1651 
          25         42.5         72.5 1652 
          25         47.5         77.5 1653 
        27.5         47.5           75 1654 
        22.5           45         77.5 1655 
        27.5           45         72.5 1656 
        22.5         32.5           75 1657 
          25         32.5         72.5 1658 
          25         37.5         77.5 1659 
        27.5         37.5           75 1660 
        22.5           35         77.5 1661 
        27.5           35         72.5 1662 
        22.5         22.5           75 1663 
          25         22.5         72.5 1664 
          25         27.5         77.5 1665 
        27.5         27.5           75 1666 
        22.5           25         77.5 1667 
        27.5           25         72.5 1668 
        22.5         12.5           75 1669 
          25         12.5         72.5 1670 
          25         17.5         77.5 1671 
        27.5         17.5           75 1672 
        22.5           15         77.5 1673 
        27.5           15         72.5 1674 
        27.5          2.5           75 1675 
        27.5            5         72.5 1676 
        22.5            5         77.5 1677 
        22.5          7.5           75 1678 
          25          2.5         77.5 1679 
          25          7.5         72.5 1680 
        27.5         92.5         82.5 1681 
          25         92.5           85 1682 
        27.5           95         87.5 1683 
          25         97.5         87.5 1684 
        22.5           95         82.5 1685 
        22.5         97.5           85 1686 
        22.5         82.5           85 1687 
          25         82.5         82.5 1688 
          25         87.5         87.5 1689 
        27.5         87.5           85 1690 
        22.5           85         87.5 1691 
        27.5           85         82.5 1692 
        22.5         72.5           85 1693 
          25         72.5         82.5 1694 
          25         77.5         87.5 1695 
        27.5         77.5           85 1696 
        22.5           75         87.5 1697 
        27.5           75         82.5 1698 
        22.5         62.5           85 1699 
          25         62.5         82.5 1700 
          25         67.5         87.5 1701 
        27.5         67.5           85 1702 
        22.5           65         87.5 1703 
        27.5           65         82.5 1704 
        22.5         52.5           85 1705 
          25         52.5         82.5 1706 
          25         57.5         87.5 1707 
        27.5         57.5           85 1708 
        22.5           55         87.5 1709 
        27.5           55         82.5 1710 
        22.5         42.5           85 1711 
          25         42.5         82.5 1712 
          25         47.5         87.5 1713 
        27.5         47.5           85 1714 
        22.5           45         87.5 1715 
        27.5           45         82.5 1716 
        22.5         32.5           85 1717 
          25         32.5         82.5 1718 
          25         37.5         87.5 1719 
        27.5         37.5           85 1720 
        22.5           35         87.5 1721 
        27.5           35         82.5 1722 
        22.5         22.5           85 1723 
          25         22.5         82.5 1724 
          25         27.5         87.5 1725 
        27.5         27.5           85 1726 
        22.5           25         87.5 1727 
        27.5           25         82.5 1728 
        22.5         12.5           85 1729 
          25         12.5         82.5 1730 
          25         17.5         87.5 1731 
        27.5         17.5           85 1732 
        22.5           15         87.5 1733 
        27.5           15         82.5 1734 
        27.5          2.5           85 1735 
        27.5            5         82.5 1736 
        22.5            5         87.5 1737 
        22.5          7.5           85 1738 
          25          2.5         87.5 1739 
          25          7.5         82.5 1740 
        27.5         92.5         97.5 1741 
          25         92.5           95 1742 
        22.5           95         97.5 1743 
        22.5         97.5           95 1744 
        27.5           95         92.5 1745 
          25         97.5         92.5 1746 
        27.5         87.5           95 1747 
          25         87.5         92.5 1748 
          25         82.5         97.5 1749 
        22.5         82.5           95 1750 
        27.5           85         97.5 1751 
        22.5           85         92.5 1752 
        27.5         77.5           95 1753 
          25         77.5         92.5 1754 
          25         72.5         97.5 1755 
        22.5         72.5           95 1756 
        27.5           75         97.5 1757 
        22.5           75         92.5 1758 
        27.5         67.5           95 1759 
          25         67.5         92.5 1760 
          25         62.5         97.5 1761 
        22.5         62.5           95 1762 
        27.5           65         97.5 1763 
        22.5           65         92.5 1764 
        27.5         57.5           95 1765 
          25         57.5         92.5 1766 
          25         52.5         97.5 1767 
        22.5         52.5           95 1768 
        27.5           55         97.5 1769 
        22.5           55         92.5 1770 
        27.5         47.5           95 1771 
          25         47.5         92.5 1772 
          25         42.5         97.5 1773 
        22.5         42.5           95 1774 
        27.5           45         97.5 1775 
        22.5           45         92.5 1776 
        27.5         37.5           95 1777 
          25         37.5         92.5 1778 
          25         32.5         97.5 1779 
        22.5         32.5           95 1780 
        27.5           35         97.5 1781 
        22.5           35         92.5 1782 
        27.5         27.5           95 1783 
          25         27.5         92.5 1784 
          25         22.5         97.5 1785 
        22.5         22.5           95 1786 
        27.5           25         97.5 1787 
        22.5           25         92.5 1788 
        27.5         17.5           95 1789 
          25         17.5         92.5 1790 
          25         12.5         97.5 1791 
        22.5         12.5           95 1792 
        27.5           15         97.5 1793 
        22.5           15         92.5 1794 
        22.5          7.5           95 1795 
        22.5            5         92.5 1796 
        27.5            5         97.5 1797 
        27.5          2.5           95 1798 
          25          7.5         97.5 1799 
          25          2.5         92.5 1800 
        37.5         92.5          2.5 1801 
          35         92.5            5 1802 
        37.5           95          7.5 1803 
          35         97.5          7.5 1804 
        32.5           95          2.5 1805 
        32.5         97.5            5 1806 
        32.5         82.5            5 1807 
          35         82.5          2.5 1808 
          35         87.5          7.5 1809 
        37.5         87.5            5 1810 
        32.5           85          7.5 1811 
        37.5           85          2.5 1812 
        32.5         72.5            5 1813 
          35         72.5          2.5 1814 
          35         77.5          7.5 1815 
        37.5         77.5            5 1816 
        32.5           75          7.5 1817 
        37.5           75          2.5 1818 
        32.5         62.5            5 1819 
          35         62.5          2.5 1820 
          35         67.5          7.5 1821 
        37.5         67.5            5 1822 
        32.5           65          7.5 1823 
        37.5           65          2.5 1824 
        32.5         52.5            5 1825 
          35         52.5          2.5 1826 
          35         57.5          7.5 1827 
        37.5         57.5            5 1828 
        32.5           55          7.5 1829 
        37.5           55          2.5 1830 
        32.5         42.5            5 1831 
          35         42.5          2.5 1832 
          35         47.5          7.5 1833 
        37.5         47.5            5 1834 
        32.5           45          7.5 1835 
        37.5           45          2.5 1836 
        32.5         32.5            5 1837 
          35         32.5          2.5 1838 
          35         37.5          7.5 1839 
        37.5         37.5            5 1840 
        32.5           35          7.5 1841 
        37.5           35          2.5 1842 
        32.5         22.5            5 1843 
          35         22.5          2.5 1844 
          35         27.5          7.5 1845 
        37.5         27.5            5 1846 
        32.5           25          7.5 1847 
        37.5           25          2.5 1848 
        32.5         12.5            5 1849 
          35         12.5          2.5 1850 
          35         17.5          7.5 1851 
        37.5         17.5            5 1852 
        32.5           15          7.5 1853 
        37.5           15          2.5 1854 
        37.5          2.5            5 1855 
        37.5            5          2.5 1856 
        32.5            5          7.5 1857 
        32.5          7.5            5 1858 
          35          2.5          7.5 1859 
          35          7.5          2.5 1860 
        37.5         92.5         12.5 1861 
          35         92.5           15 1862 
        37.5           95         17.5 1863 
          35         97.5         17.5 1864 
        32.5           95         12.5 1865 
        32.5         97.5           15 1866 
        32.5         82.5           15 1867 
          35         82.5         12.5 1868 
          35         87.5         17.5 1869 
        37.5         87.5           15 1870 
        32.5           85         17.5 1871 
        37.5           85         12.5 1872 
        32.5         72.5           15 1873 
          35         72.5         12.5 1874 
          35         77.5         17.5 1875 
        37.5         77.5           15 1876 
        32.5           75         17.5 1877 
        37.5           75         12.5 1878 
        32.5         62.5           15 1879 
          35         62.5         12.5 1880 
          35         67.5         17.5 1881 
        37.5         67.5           15 1882 
        32.5           65         17.5 1883 
        37.5           65         12.5 1884 
        32.5         52.5           15 1885 
          35         52.5         12.5 1886 
          35         57.5         17.5 1887 
        37.5         57.5           15 1888 
        32.5           55         17.5 1889 
        37.5           55         12.5 1890 
        32.5         42.5           15 1891 
          35         42.5         12.5 1892 
          35         47.5         17.5 1893 
        37.5         47.5           15 1894 
        32.5           45         17.5 1895 
        37.5           45         12.5 1896 
        32.5         32.5           15 1897 
          35         32.5         12.5 1898 
          35         37.5         17.5 1899 
        37.5         37.5           15 1900 
        32.5           35         17.5 1901 
        37.5           35         12.5 1902 
        32.5         22.5           15 1903 
          35         22.5         12.5 1904 
          35         27.5         17.5 1905 
        37.5         27.5           15 1906 
        32.5           25         17.5 1907 
        37.5           25         12.5 1908 
        32.5         12.5           15 1909 
          35         12.5         12.5 1910 
          35         17.5         17.5 1911 
        37.5         17.5           15 1912 
        32.5           15         17.5 1913 
        37.5           15         12.5 1914 
        37.5          2.5           15 1915 
        37.5            5         12.5 1916 
        32.5            5         17.5 1917 
        32.5          7.5           15 1918 
          35          2.5         17.5 1919 
          35          7.5         12.5 1920 
        37.5         92.5         22.5 1921 
          35         92.5           25 1922 
        37.5           95         27.5 1923 
          35         97.5         27.5 1924 
        32.5           95         22.5 1925 
        32.5         97.5           25 1926 
        32.5         82.5           25 1927 
          35         82.5         22.5 1928 
          35         87.5         27.5 1929 
        37.5         87.5           25 1930 
        32.5           85         27.5 1931 
        37.5           85         22.5 1932 
        32.5         72.5           25 1933 
          35         72.5         22.5 1934 
          35         77.5         27.5 1935 
        37.5         77.5           25 1936 
        32.5           75         27.5 1937 
        37.5           75         22.5 1938 
        32.5         62.5           25 1939 
          35         62.5         22.5 1940 
          35         67.5         27.5 1941 
        37.5         67.5           25 1942 
        32.5           65         27.5 1943 
        37.5           65         22.5 1944 
        32.5         52.5           25 1945 
          35         52.5         22.5 1946 
          35         57.5         27.5 1947 
        37.5         57.5           25 1948 
        32.5           55         27.5 1949 
        37.5           55         22.5 1950 
        32.5         42.5           25 1951 
          35         42.5         22.5 1952 
          35         47.5         27.5 1953 
        37.5         47.5           25 1954 
        32.5           45         27.5 1955 
        37.5           45         22.5 1956 
        32.5         32.5           25 1957 
          35         32.5         22.5 1958 
          35         37.5         27.5 1959 
        37.5         37.5           25 1960 
        32.5           35         27.5 1961 
        37.5           35         22.5 1962 
        32.5         22.5           25 1963 
          35         22.5         22.5 1964 
          35         27.5         27.5 1965 
        37.5         27.5           25 1966 
        32.5           25         27.5 1967 
        37.5           25         22.5 1968 
        32.5         12.5           25 1969 
          35         12.5         22.5 1970 
          35         17.5         27.5 1971 
        37.5         17.5           25 1972 
        32.5           15         27.5 1973 
        37.5           15         22.5 1974 
        37.5          2.5           25 1975 
        37.5            5         22.5 1976 
        32.5            5         27.5 1977 
        32.5          7.5           25 1978 
          35          2.5         27.5 1979 
          35          7.5         22.5 1980 
        37.5         92.5         32.5 1981 
          35         92.5           35 1982 
        37.5           95         37.5 1983 
          35         97.5         37.5 1984 
        32.5           95         32.5 1985 
        32.5         97.5           35 1986 
        32.5         82.5           35 1987 
          35         82.5         32.5 1988 
          35         87.5         37.5 1989 
        37.5         87.5           35 1990 
        32.5           85         37.5 1991 
        37.5           85         32.5 1992 
        32.5         72.5           35 1993 
          35         72.5         32.5 1994 
          35         77.5         37.5 1995 
        37.5         77.5           35 1996 
        32.5           75         37.5 1997 
        37.5           75         32.5 1998 
        32.5         62.5           35 1999 
          35         62.5         32.5 2000 
          35         67.5         37.5 2001 
        37.5         67.5           35 2002 
        32.5           65         37.5 2003 
        37.5           65         32.5 2004 
        32.5         52.5           35 2005 
          35         52.5         32.5 2006 
          35         57.5         37.5 2007 
        37.5         57.5           35 2008 
        32.5           55         37.5 2009 
        37.5           55         32.5 2010 
        32.5         42.5           35 2011 
          35         42.5         32.5 2012 
          35         47.5         37.5 2013 
        37.5         47.5           35 2014 
        32.5           45         37.5 2015 
        37.5           45         32.5 2016 
        32.5         32.5           35 2017 
          35         32.5         32.5 2018 
          35         37.5         37.5 2019 
        37.5         37.5           35 2020 
        32.5           35         37.5 2021 
        37.5           35         32.5 2022 
        32.5         22.5           35 2023 
          35         22.5         32.5 2024 
          35         27.5         37.5 2025 
        37.5         27.5           35 2026 
        32.5           25         37.5 2027 
        37.5           25         32.5 2028 
        32.5         12.5           35 2029 
          35         12.5         32.5 2030 
          35         17.5         37.5 2031 
        37.5         17.5           35 2032 
        32.5           15         37.5 2033 
        37.5           15         32.5 2034 
        37.5          2.5           35 2035 
        37.5            5         32.5 2036 
        32.5            5         37.5 2037 
        32.5          7.5           35 2038 
          35          2.5         37.5 2039 
          35          7.5         32.5 2040 
        37.5         92.5         42.5 2041 
          35         92.5           45 2042 
        37.5           95         47.5 2043 
          35         97.5         47.5 2044 
        32.5           95         42.5 2045 
        32.5         97.5           45 2046 
        32.5         82.5           45 2047 
          35         82.5         42.5 2048 
          35         87.5         47.5 2049 
        37.5         87.5           45 2050 
        32.5           85         47.5 2051 
        37.5           85         42.5 2052 
        32.5         72.5           45 2053 
          35         72.5         42.5 2054 
          35         77.5         47.5 2055 
        37.5         77.5           45 2056 
        32.5           75         47.5 2057 
        37.5           75         42.5 2058 
        32.5         62.5           45 2059 
          35         62.5         42.5 2060 
          35         67.5         47.5 2061 
        37.5         67.5           45 2062 
        32.5           65         47.5 2063 
        37.5           65         42.5 2064 
        32.5         52.5           45 2065 
          35         52.5         42.5 2066 
          35         57.5         47.5 2067 
        37.5         57.5           45 2068 
        32.5           55         47.5 2069 
        37.5           55         42.5 2070 
        32.5         42.5           45 2071 
          35         42.5         42.5 2072 
          35         47.5         47.5 2073 
        37.5         47.5           45 2074 
        32.5           45         47.5 2075 
        37.5           45         42.5 2076 
        32.5         32.5           45 2077 
          35         32.5         42.5 2078 
          35         37.5         47.5 2079 
        37.5         37.5           45 2080 
        32.5           35         47.5 2081 
        37.5           35         42.5 2082 
        32.5         22.5           45 2083 
          35         22.5         42.5 2084 
          35         27.5         47.5 2085 
        37.5         27.5           45 2086 
        32.5           25         47.5 2087 
        37.5           25         42.5 2088 
        32.5         12.5           45 2089 
          35         12.5         42.5 2090 
          35         17.5         47.5 2091 
        37.5         17.5           45 2092 
        32.5           15         47.5 2093 
        37.5           15         42.5 2094 
        37.5          2.5           45 2095 
        37.5            5         42.5 2096 
        32.5            5         47.5 2097 
        32.5          7.5           45 2098 
          35          2.5         47.5 2099 
          35          7.5         42.5 2100 
        37.5         92.5         52.5 2101 
          35         92.5           55 2102 
        37.5           95         57.5 2103 
          35         97.5         57.5 2104 
        32.5           95         52.5 2105 
        32.5         97.5           55 2106 
        32.5         82.5           55 2107 
          35         82.5         52.5 2108 
          35         87.5         57.5 2109 
        37.5         87.5           55 2110 
        32.5           85         57.5 2111 
        37.5           85         52.5 2112 
        32.5         72.5           55 2113 
          35         72.5         52.5 2114 
          35         77.5         57.5 2115 
        37.5         77.5           55 2116 
        32.5           75         57.5 2117 
        37.5           75         52.5 2118 
        32.5         62.5           55 2119 
          35         62.5         52.5 2120 
          35         67.5         57.5 2121 
        37.5         67.5           55 2122 
        32.5           65         57.5 2123 
        37.5           65         52.5 2124 
        32.5         52.5           55 2125 
          35         52.5         52.5 2126 
          35         57.5         57.5 2127 
        37.5         57.5           55 2128 
        32.5           55         57.5 2129 
        37.5           55         52.5 2130 
        32.5         42.5           55 2131 
          35         42.5         52.5 2132 
          35         47.5         57.5 2133 
        37.5         47.5           55 2134 
        32.5           45         57.5 2135 
        37.5           45         52.5 2136 
        32.5         32.5           55 2137 
          35         32.5         52.5 2138 
          35         37.5         57.5 2139 
        37.5         37.5           55 2140 
        32.5           35         57.5 2141 
        37.5           35         52.5 2142 
        32.5         22.5           55 2143 
          35         22.5         52.5 2144 
          35         27.5         57.5 2145 
        37.5         27.5           55 2146 
        32.5           25         57.5 2147 
        37.5           25         52.5 2148 
        32.5         12.5           55 2149 
          35         12.5         52.5 2150 
          35         17.5         57.5 2151 
        37.5         17.5           55 2152 
        32.5           15         57.5 2153 
        37.5           15         52.5 2154 
        37.5          2.5           55 2155 
        37.5            5         52.5 2156 
        32.5            5         57.5 2157 
        32.5          7.5           55 2158 
          35          2.5         57.5 2159 
          35          7.5         52.5 2160 
        37.5         92.5         62.5 2161 
          35         92.5           65 2162 
        37.5           95         67.5 2163 
          35         97.5         67.5 2164 
        32.5           95         62.5 2165 
        32.5         97.5           65 2166 
        32.5         82.5           65 2167 
          35         82.5         62.5 2168 
          35         87.5         67.5 2169 
        37.5         87.5           65 2170 
        32.5           85         67.5 2171 
        37.5           85         62.5 2172 
        32.5         72.5           65 2173 
          35         72.5         62.5 2174 
          35         77.5         67.5 2175 
        37.5         77.5           65 2176 
        32.5           75         67.5 2177 
        37.5           75         62.5 2178 
        32.5         62.5           65 2179 
          35         62.5         62.5 2180 
          35         67.5         67.5 2181 
        37.5         67.5           65 2182 
        32.5           65         67.5 2183 
        37.5           65         62.5 2184 
        32.5         52.5           65 2185 
          35         52.5         62.5 2186 
          35         57.5         67.5 2187 
        37.5         57.5           65 2188 
        32.5           55         67.5 2189 
        37.5           55         62.5 2190 
        32.5         42.5           65 2191 
          35         42.5         62.5 2192 
          35         47.5         67.5 2193 
        37.5         47.5           65 2194 
        32.5           45         67.5 2195 
        37.5           45         62.5 2196 
        32.5         32.5           65 2197 
          35         32.5         62.5 2198 
          35         37.5         67.5 2199 
        37.5         37.5           65 2200 
        32.5           35         67.5 2201 
        37.5           35         62.5 2202 
        32.5         22.5           65 2203 
          35         22.5         62.5 2204 
          35         27.5         67.5 2205 
        37.5         27.5           65 2206 
        32.5           25         67.5 2207 
        37.5           25         62.5 2208 
        32.5         12.5           65 2209 
          35         12.5         62.5 2210 
          35         17.5         67.5 2211 
        37.5         17.5           65 2212 
        32.5           15         67.5 2213 
        37.5           15         62.5 2214 
        37.5          2.5           65 2215 
        37.5            5         62.5 2216 
        32.5            5         67.5 2217 
        32.5          7.5           65 2218 
          35          2.5         67.5 2219 
          35          7.5         62.5 2220 
        37.5         92.5         72.5 2221 
          35         92.5           75 2222 
        37.5           95         77.5 2223 
          35         97.5         77.5 2224 
        32.5           95         72.5 2225 
        32.5         97.5           75 2226 
        32.5         82.5           75 2227 
          35         82.5         72.5 2228 
          35         87.5         77.5 2229 
        37.5         87.5           75 2230 
        32.5           85         77.5 2231 
        37.5           85         72.5 2232 
        32.5         72.5           75 2233 
          35         72.5         72.5 2234 
          35         77.5         77.5 2235 
        37.5         77.5           75 2236 
        32.5           75         77.5 2237 
        37.5           75         72.5 2238 
        32.5         62.5           75 2239 
          35         62.5         72.5 2240 
          35         67.5         77.5 2241 
        37.5         67.5           75 2242 
        32.5           65         77.5 2243 
        37.5           65         72.5 2244 
        32.5         52.5           75 2245 
          35         52.5         72.5 2246 
          35         57.5         77.5 2247 
        37.5         57.5           75 2248 
        32.5           55         77.5 2249 
        37.5           55         72.5 2250 
        32.5         42.5           75 2251 
          35         42.5         72.5 2252 
          35         47.5         77.5 2253 
        37.5         47.5           75 2254 
        32.5           45         77.5 2255 
        37.5           45         72.5 2256 
        32.5         32.5           75 2257 
          35         32.5         72.5 2258 
          35         37.5         77.5 2259 
        37.5         37.5           75 2260 
        32.5           35         77.5 2261 
        37.5           35         72.5 2262 
        32.5         22.5           75 2263 
          35         22.5         72.5 2264 
          35         27.5         77.5 2265 
        37.5         27.5           75 2266 
        32.5           25         77.5 2267 
        37.5           25         72.5 2268 
        32.5         12.5           75 2269 
          35         12.5         72.5 2270 
          35         17.5         77.5 2271 
        37.5         17.5           75 2272 
        32.5           15         77.5 2273 
        37.5           15         72.5 2274 
        37.5          2.5           75 2275 
        37.5            5         72.5 2276 
        32.5            5         77.5 2277 
        32.5          7.5           75 2278 
          35          2.5         77.5 2279 
          35          7.5         72.5 2280 
        37.5         92.5         82.5 2281 
          35         92.5           85 2282 
        37.5           95         87.5 2283 
          35         97.5         87.5 2284 
        32.5           95         82.5 2285 
        32.5         97.5           85 2286 
        32.5         82.5           85 2287 
          35         82.5         82.5 2288 
          35         87.5         87.5 2289 
        37.5         87.5           85 2290 
        32.5           85         87.5 2291 
        37.5           85         82.5 2292 
        32.5         72.5           85 2293 
          35         72.5         82.5 2294 
          35         77.5         87.5 2295 
        37.5         77.5           85 2296 
        32.5           75         87.5 2297 
        37.5           75         82.5 2298 
        32.5         62.5           85 2299 
          35         62.5         82.5 2300 
          35         67.5         87.5 2301 
        37.5         67.5           85 2302 
        32.5           65         87.5 2303 
        37.5           65         82.5 2304 
        32.5         52.5           85 2305 
          35         52.5         82.5 2306 
          35         57.5         87.5 2307 
        37.5         57.5           85 2308 
        32.5           55         87.5 2309 
        37.5           55         82.5 2310 
        32.5         42.5           85 2311 
          35         42.5         82.5 2312 
          35         47.5         87.5 2313 
        37.5         47.5           85 2314 
        32.5           45         87.5 2315 
        37.5           45         82.5 2316 
        32.5         32.5           85 2317 
          35         32.5         82.5 2318 
          35         37.5         87.5 2319 
        37.5         37.5           85 2320 
        32.5           35         87.5 2321 
        37.5           35         82.5 2322 
        32.5         22.5           85 2323 
          35         22.5         82.5 2324 
          35         27.5         87.5 2325 
        37.5         27.5           85 2326 
        32.5           25         87.5 2327 
        37.5           25         82.5 2328 
        32.5         12.5           85 2329 
          35         12.5         82.5 2330 
          35         17.5         87.5 2331 
        37.5         17.5           85 2332 
        32.5           15         87.5 2333 
        37.5           15         82.5 2334 
        37.5          2.5           85 2335 
        37.5            5         82.5 2336 
        32.5            5         87.5 2337 
        32.5          7.5           85 2338 
          35          2.5         87.5 2339 
          35          7.5         82.5 2340 
        37.5         92.5         97.5 2341 
          35         92.5           95 2342 
        32.5           95         97.5 2343 
        32.5         97.5           95 2344 
        37.5           95         92.5 2345 
          35         97.5         92.5 2346 
        37.5         87.5           95 2347 
          35         87.5         92.5 2348 
          35         82.5         97.5 2349 
        32.5         82.5           95 2350 
        37.5           85         97.5 2351 
        32.5           85         92.5 2352 
        37.5         77.5           95 2353 
          35         77.5         92.5 2354 
          35         72.5         97.5 2355 
        32.5         72.5           95 2356 
        37.5           75         97.5 2357 
        32.5           75         92.5 2358 
        37.5         67.5           95 2359 
          35         67.5         92.5 2360 
          35         62.5         97.5 2361 
        32.5         62.5           95 2362 
        37.5           65         97.5 2363 
        32.5           65         92.5 2364 
        37.5         57.5           95 2365 
          35         57.5         92.5 2366 
          35         52.5         97.5 2367 
        32.5         52.5           95 2368 
        37.5           55         97.5 2369 
        32.5           55         92.5 2370 
        37.5         47.5           95 2371 
          35         47.5         92.5 2372 
          35         42.5         97.5 2373 
        32.5         42.5           95 2374 
        37.5           45         97.5 2375 
        32.5           45         92.5 2376 
        37.5         37.5           95 2377 
          35         37.5         92.5 2378 
          35         32.5         97.5 2379 
        32.5         32.5           95 2380 
        37.5           35         97.5 2381 
        32.5           35         92.5 2382 
        37.5         27.5           95 2383 
          35         27.5         92.5 2384 
          35         22.5         97.5 2385 
        32.5         22.5           95 2386 
        37.5           25         97.5 2387 
        32.5           25         92.5 2388 
        37.5         17.5           95 2389 
          35         17.5         92.5 2390 
          35         12.5         97.5 2391 
        32.5         12.5           95 2392 
        37.5           15         97.5 2393 
        32.5           15         92.5 2394 
        32.5          7.5           95 2395 
        32.5            5         92.5 2396 
        37.5            5         97.5 2397 
        37.5          2.5           95 2398 
          35          7.5         97.5 2399 
          35          2.5         92.5 2400 
        47.5         92.5          2.5 2401 
          45         92.5            5 2402 
        47.5           95          7.5 2403 
          45         97.5          7.5 2404 
        42.5           95          2.5 2405 
        42.5         97.5            5 2406 
        42.5         82.5            5 2407 
          45         82.5          2.5 2408 
          45         87.5          7.5 2409 
        47.5         87.5            5 2410 
        42.5           85          7.5 2411 
        47.5           85          2.5 2412 
        42.5         72.5            5 2413 
          45         72.5          2.5 2414 
          45         77.5          7.5 2415 
        47.5         77.5            5 2416 
        42.5           75          7.5 2417 
        47.5           75          2.5 2418 
        42.5         62.5            5 2419 
          45         62.5          2.5 2420 
          45         67.5          7.5 2421 
        47.5         67.5            5 2422 
        42.5           65          7.5 2423 
        47.5           65          2.5 2424 
        42.5         52.5            5 2425 
          45         52.5          2.5 2426 
          45         57.5          7.5 2427 
        47.5         57.5            5 2428 
        42.5           55          7.5 2429 
        47.5           55          2.5 2430 
        42.5         42.5            5 2431 
          45         42.5          2.5 2432 
          45         47.5          7.5 2433 
        47.5         47.5            5 2434 
        42.5           45          7.5 2435 
        47.5           45          2.5 2436 
        42.5         32.5            5 2437 
          45         32.5          2.5 2438 
          45         37.5          7.5 2439 
        47.5         37.5            5 2440 
        42.5           35          7.5 2441 
        47.5           35          2.5 2442 
        42.5         22.5            5 2443 
          45         22.5          2.5 2444 
          45         27.5          7.5 2445 
        47.5         27.5            5 2446 
        42.5           25          7.5 2447 
        47.5           25          2.5 2448 
        42.5         12.5            5 2449 
          45         12.5          2.5 2450 
          45         17.5          7.5 2451 
        47.5         17.5            5 2452 
        42.5           15          7.5 2453 
        47.5           15          2.5 2454 
        47.5          2.5            5 2455 
        47.5            5          2.5 2456 
        42.5            5          7.5 2457 
        42.5          7.5            5 2458 
          45          2.5          7.5 2459 
          45          7.5          2.5 2460 
        47.5         92.5         12.5 2461 
          45         92.5           15 2462 
        47.5           95         17.5 2463 
          45         97.5         17.5 2464 
        42.5           95         12.5 2465 
        42.5         97.5           15 2466 
        42.5         82.5           15 2467 
          45         82.5         12.5 2468 
          45         87.5         17.5 2469 
        47.5         87.5           15 2470 
        42.5           85         17.5 2471 
        47.5           85         12.5 2472 
        42.5         72.5           15 2473 
          45         72.5         12.5 2474 
          45         77.5         17.5 2475 
        47.5         77.5           15 2476 
        42.5           75         17.5 2477 
        47.5           75         12.5 2478 
        42.5         62.5           15 2479 
          45         62.5         12.5 2480 
          45         67.5         17.5 2481 
        47.5         67.5           15 2482 
        42.5           65         17.5 2483 
        47.5           65         12.5 2484 
        42.5         52.5           15 2485 
          45         52.5         12.5 2486 
          45         57.5         17.5 2487 
        47.5         57.5           15 2488 
        42.5           55         17.5 2489 
        47.5           55         12.5 2490 
        42.5         42.5           15 2491 
          45         42.5         12.5 2492 
          45         47.5         17.5 2493 
        47.5         47.5           15 2494 
        42.5           45         17.5 2495 
        47.5           45         12.5 2496 
        42.5         32.5           15 2497 
          45         32.5         12.5 2498 
          45         37.5         17.5 2499 
        47.5         37.5           15 2500 
        42.5           35         17.5 2501 
        47.5           35         12.5 2502 
        42.5         22.5           15 2503 
          45         22.5         12.5 2504 
          45         27.5         17.5 2505 
        47.5         27.5           15 2506 
        42.5           25         17.5 2507 
        47.5           25         12.5 2508 
        42.5         12.5           15 2509 
          45         12.5         12.5 2510 
          45         17.5         17.5 2511 
        47.5         17.5           15 2512 
        42.5           15         17.5 2513 
        47.5           15         12.5 2514 
        47.5          2.5           15 2515 
        47.5            5         12.5 2516 
        42.5            5         17.5 2517 
        42.5          7.5           15 2518 
          45          2.5         17.5 2519 
          45          7.5         12.5 2520 
        47.5         92.5         22.5 2521 
          45         92.5           25 2522 
        47.5           95         27.5 2523 
          45         97.5         27.5 2524 
        42.5           95         22.5 2525 
        42.5         97.5           25 2526 
        42.5         82.5           25 2527 
          45         82.5         22.5 2528 
          45         87.5         27.5 2529 
        47.5         87.5           25 2530 
        42.5           85         27.5 2531 
        47.5           85         22.5 2532 
        42.5         72.5           25 2533 
          45         72.5         22.5 2534 
          45         77.5         27.5 2535 
        47.5         77.5           25 2536 
        42.5           75         27.5 2537 
        47.5           75         22.5 2538 
        42.5         62.5           25 2539 
          45         62.5         22.5 2540 
          45         67.5         27.5 2541 
        47.5         67.5           25 2542 
        42.5           65         27.5 2543 
        47.5           65         22.5 2544 
        42.5         52.5           25 2545 
          45         52.5         22.5 2546 
          45         57.5         27.5 2547 
        47.5         57.5           25 2548 
        42.5           55         27.5 2549 
        47.5           55         22.5 2550 
        42.5         42.5           25 2551 
          45         42.5         22.5 2552 
          45         47.5         27.5 2553 
        47.5         47.5           25 2554 
        42.5           45         27.5 2555 
        47.5           45         22.5 2556 
        42.5         32.5           25 2557 
          45         32.5         22.5 2558 
          45         37.5         27.5 2559 
        47.5         37.5           25 2560 
        42.5           35         27.5 2561 
        47.5           35         22.5 2562 
        42.5         22.5           25 2563 
          45         22.5         22.5 2564 
          45         27.5         27.5 2565 
        47.5         27.5           25 2566 
        42.5           25         27.5 2567 
        47.5           25         22.5 2568 
        42.5         12.5           25 2569 
          45         12.5         22.5 2570 
          45         17.5         27.5 2571 
        47.5         17.5           25 2572 
        42.5           15         27.5 2573 
        47.5           15         22.5 2574 
        47.5          2.5           25 2575 
        47.5            5         22.5 2576 
        42.5            5         27.5 2577 
        42.5          7.5           25 2578 
          45          2.5         27.5 2579 
          45          7.5         22.5 2580 
        47.5         92.5         32.5 2581 
          45         92.5           35 2582 
        47.5           95         37.5 2583 
          45         97.5         37.5 2584 
        42.5           95         32.5 2585 
        42.5         97.5           35 2586 
        42.5         82.5           35 2587 
          45         82.5         32.5 2588 
          45         87.5         37.5 2589 
        47.5         87.5           35 2590 
        42.5           85         37.5 2591 
        47.5           85         32.5 2592 
        42.5         72.5           35 2593 
          45         72.5         32.5 2594 
          45         77.5         37.5 2595 
        47.5         77.5           35 2596 
        42.5           75         37.5 2597 
        47.5           75         32.5 2598 
        42.5         62.5           35 2599 
          45         62.5         32.5 2600 
          45         67.5         37.5 2601 
        47.5         67.5           35 2602 
        42.5           65         37.5 2603 
        47.5           65         32.5 2604 
        42.5         52.5           35 2605 
          45         52.5         32.5 2606 
          45         57.5         37.5 2607 
        47.5         57.5           35 2608 
        42.5           55         37.5 2609 
        47.5           55         32.5 2610 
        42.5         42.5           35 2611 
          45         42.5         32.5 2612 
          45         47.5         37.5 2613 
        47.5         47.5           35 2614 
        42.5           45         37.5 2615 
        47.5           45         32.5 2616 
        42.5         32.5           35 2617 
          45         32.5         32.5 2618 
          45         37.5         37.5 2619 
        47.5         37.5           35 2620 
        42.5           35         37.5 2621 
        47.5           35         32.5 2622 
        42.5         22.5           35 2623 
          45         22.5         32.5 2624 
          45         27.5         37.5 2625 
        47.5         27.5           35 2626 
        42.5           25         37.5 2627 
        47.5           25         32.5 2628 
        42.5         12.5           35 2629 
          45         12.5         32.5 2630 
          45         17.5         37.5 2631 
        47.5         17.5           35 2632 
        42.5           15         37.5 2633 
        47.5           15         32.5 2634 
        47.5          2.5           35 2635 
        47.5            5         32.5 2636 
        42.5            5         37.5 2637 
        42.5          7.5           35 2638 
          45          2.5         37.5 2639 
          45          7.5         32.5 2640 
        47.5         92.5         42.5 2641 
          45         92.5           45 2642 
        47.5           95         47.5 2643 
          45         97.5         47.5 2644 
        42.5           95         42.5 2645 
        42.5         97.5           45 2646 
        42.5         82.5           45 2647 
          45         82.5         42.5 2648 
          45         87.5         47.5 2649 
        47.5         87.5           45 2650 
        42.5           85         47.5 2651 
        47.5           85         42.5 2652 
        42.5         72.5           45 2653 
          45         72.5         42.5 2654 
          45         77.5         47.5 2655 
        47.5         77.5           45 2656 
        42.5           75         47.5 2657 
        47.5           75         42.5 2658 
        42.5         62.5           45 2659 
          45         62.5         42.5 2660 
          45         67.5         47.5 2661 
        47.5         67.5           45 2662 
        42.5           65         47.5 2663 
        47.5           65         42.5 2664 
        42.5         52.5           45 2665 
          45         52.5         42.5 2666 
          45         57.5         47.5 2667 
        47.5         57.5           45 2668 
        42.5           55         47.5 2669 
        47.5           55         42.5 2670 
        42.5         42.5           45 2671 
          45         42.5         42.5 2672 
          45         47.5         47.5 2673 
        47.5         47.5           45 2674 
        42.5           45         47.5 2675 
        47.5           45         42.5 2676 
        42.5         32.5           45 2677 
          45         32.5         42.5 2678 
          45         37.5         47.5 2679 
        47.5         37.5           45 2680 
        42.5           35         47.5 2681 
        47.5           35         42.5 2682 
        42.5         22.5           45 2683 
          45         22.5         42.5 2684 
          45         27.5         47.5 2685 
        47.5         27.5           45 2686 
        42.5           25         47.5 2687 
        47.5           25         42.5 2688 
        42.5         12.5           45 2689 
          45         12.5         42.5 2690 
          45         17.5         47.5 2691 
        47.5         17.5           45 2692 
        42.5           15         47.5 2693 
        47.5           15         42.5 2694 
        47.5          2.5           45 2695 
        47.5            5         42.5 2696 
        42.5            5         47.5 2697 
        42.5          7.5           45 2698 
          45          2.5         47.5 2699 
          45          7.5         42.5 2700 
        47.5         92.5         52.5 2701 
          45         92.5           55 2702 
        47.5           95         57.5 2703 
          45         97.5         57.5 2704 
        42.5           95         52.5 2705 
        42.5         97.5           55 2706 
        42.5         82.5           55 2707 
          45         82.5         52.5 2708 
          45         87.5         57.5 2709 
        47.5         87.5           55 2710 
        42.5           85         57.5 2711 
        47.5           85         52.5 2712 
        42.5         72.5           55 2713 
          45         72.5         52.5 2714 
          45         77.5         57.5 2715 
        47.5         77.5           55 2716 
        42.5           75         57.5 2717 
        47.5           75         52.5 2718 
        42.5         62.5           55 2719 
          45         62.5         52.5 2720 
          45         67.5         57.5 2721 
        47.5         67.5           55 2722 
        42.5           65         57.5 2723 
        47.5           65         52.5 2724 
        42.5         52.5           55 2725 
          45         52.5         52.5 2726 
          45         57.5         57.5 2727 
        47.5         57.5           55 2728 
        42.5           55         57.5 2729 
        47.5           55         52.5 2730 
        42.5         42.5           55 2731 
          45         42.5         52.5 2732 
          45         47.5         57.5 2733 
        47.5         47.5           55 2734 
        42.5           45         57.5 2735 
        47.5           45         52.5 2736 
        42.5         32.5           55 2737 
          45         32.5         52.5 2738 
          45         37.5         57.5 2739 
        47.5         37.5           55 2740 
        42.5           35         57.5 2741 
        47.5           35         52.5 2742 
        42.5         22.5           55 2743 
          45         22.5         52.5 2744 
          45         27.5         57.5 2745 
        47.5         27.5           55 2746 
        42.5           25         57.5 2747 
        47.5           25         52.5 2748 
        42.5         12.5           55 2749 
          45         12.5         52.5 2750 
          45         17.5         57.5 2751 
        47.5         17.5           55 2752 
        42.5           15         57.5 2753 
        47.5           15         52.5 2754 
        47.5          2.5           55 2755 
        47.5            5         52.5 2756 
        42.5            5         57.5 2757 
        42.5          7.5           55 2758 
          45          2.5         57.5 2759 
          45          7.5         52.5 2760 
        47.5         92.5         62.5 2761 
          45         92.5           65 2762 
        47.5           95         67.5 2763 
          45         97.5         67.5 2764 
        42.5           95         62.5 2765 
        42.5         97.5           65 2766 
        42.5         82.5           65 2767 
          45         82.5         62.5 2768 
          45         87.5         67.5 2769 
        47.5         87.5           65 2770 
        42.5           85         67.5 2771 
        47.5           85         62.5 2772 
        42.5         72.5           65 2773 
          45         72.5         62.5 2774 
          45         77.5         67.5 2775 
        47.5         77.5           65 2776 
        42.5           75         67.5 2777 
        47.5           75         62.5 2778 
        42.5         62.5           65 2779 
          45         62.5         62.5 2780 
          45         67.5         67.5 2781 
        47.5         67.5           65 2782 
        42.5           65         67.5 2783 
        47.5           65         62.5 2784 
        42.5         52.5           65 2785 
          45         52.5         62.5 2786 
          45         57.5         67.5 2787 
        47.5         57.5           65 2788 
        42.5           55         67.5 2789 
        47.5           55         62.5 2790 
        42.5         42.5           65 2791 
          45         42.5         62.5 2792 
          45         47.5         67.5 2793 
        47.5         47.5           65 2794 
        42.5           45         67.5 2795 
        47.5           45         62.5 2796 
        42.5         32.5           65 2797 
          45         32.5         62.5 2798 
          45         37.5         67.5 2799 
        47.5         37.5           65 2800 
        42.5           35         67.5 2801 
        47.5           35         62.5 2802 
        42.5         22.5           65 2803 
          45         22.5         62.5 2804 
          45         27.5         67.5 2805 
        47.5         27.5           65 2806 
        42.5           25         67.5 2807 
        47.5           25         62.5 2808 
        42.5         12.5           65 2809 
          45         12.5         62.5 2810 
          45         17.5         67.5 2811 
        47.5         17.5           65 2812 
        42.5           15         67.5 2813 
        47.5           15         62.5 2814 
        47.5          2.5           65 2815 
        47.5            5         62.5 2816 
        42.5            5         67.5 2817 
        42.5          7.5           65 2818 
          45          2.5         67.5 2819 
          45          7.5         62.5 2820 
        47.5         92.5         72.5 2821 
          45         92.5           75 2822 
        47.5           95         77.5 2823 
          45         97.5         77.5 2824 
        42.5           95         72.5 2825 
        42.5         97.5           75 2826 
        42.5         82.5           75 2827 
          45         82.5         72.5 2828 
          45         87.5         77.5 2829 
        47.5         87.5           75 2830 
        42.5           85         77.5 2831 
        47.5           85         72.5 2832 
        42.5         72.5           75 2833 
          45         72.5         72.5 2834 
          45         77.5         77.5 2835 
        47.5         77.5           75 2836 
        42.5           75         77.5 2837 
        47.5           75         72.5 2838 
        42.5         62.5           75 2839 
          45         62.5         72.5 2840 
          45         67.5         77.5 2841 
        47.5         67.5           75 2842 
        42.5           65         77.5 2843 
        47.5           65         72.5 2844 
        42.5         52.5           75 2845 
          45         52.5         72.5 2846 
          45         57.5         77.5 2847 
        47.5         57.5           75 2848 
        42.5           55         77.5 2849 
        47.5           55         72.5 2850 
        42.5         42.5           75 2851 
          45         42.5         72.5 2852 
          45         47.5         77.5 2853 
        47.5         47.5           75 2854 
        42.5           45         77.5 2855 
        47.5           45         72.5 2856 
        42.5         32.5           75 2857 
          45         32.5         72.5 2858 
          45         37.5         77.5 2859 
        47.5         37.5           75 2860 
        42.5           35         77.5 2861 
        47.5           35         72.5 2862 
        42.5         22.5           75 2863 
          45         22.5         72.5 2864 
          45         27.5         77.5 2865 
        47.5         27.5           75 2866 
        42.5           25         77.5 2867 
        47.5           25         72.5 2868 
        42.5         12.5           75 2869 
          45         12.5         72.5 2870 
          45         17.5         77.5 2871 
        47.5         17.5           75 2872 
        42.5           15         77.5 2873 
        47.5           15         72.5 2874 
        47.5          2.5           75 2875 
        47.5            5         72.5 2876 
        42.5            5         77.5 2877 
        42.5          7.5           75 2878 
          45          2.5         77.5 2879 
          45          7.5         72.5 2880 
        47.5         92.5         82.5 2881 
          45         92.5           85 2882 
        47.5           95         87.5 2883 
          45         97.5         87.5 2884 
        42.5           95         82.5 2885 
        42.5         97.5           85 2886 
        42.5         82.5           85 2887 
          45         82.5         82.5 2888 
          45         87.5         87.5 2889 
        47.5         87.5           85 2890 
        42.5           85         87.5 2891 
        47.5           85         82.5 2892 
        42.5         72.5           85 2893 
          45         72.5         82.5 2894 
          45         77.5         87.5 2895 
        47.5         77.5           85 2896 
        42.5           75         87.5 2897 
        47.5           75         82.5 2898 
        42.5         62.5           85 2899 
          45         62.5         82.5 2900 
          45         67.5         87.5 2901 
        47.5         67.5           85 2902 
        42.5           65         87.5 2903 
        47.5           65         82.5 2904 
        42.5         52.5           85 2905 
          45         52.5         82.5 2906 
          45         57.5         87.5 2907 
        47.5         57.5           85 2908 
        42.5           55         87.5 2909 
        47.5           55         82.5 2910 
        42.5         42.5           85 2911 
          45         42.5         82.5 2912 
          45         47.5         87.5 2913 
        47.5         47.5           85 2914 
        42.5           45         87.5 2915 
        47.5           45         82.5 2916 
        42.5         32.5           85 2917 
          45         32.5         82.5 2918 
          45         37.5         87.5 2919 
        47.5         37.5           85 2920 
        42.5           35         87.5 2921 
        47.5           35         82.5 2922 
        42.5         22.5           85 2923 
          45         22.5         82.5 2924 
          45         27.5         87.5 2925 
        47.5         27.5           85 2926 
        42.5           25         87.5 2927 
        47.5           25         82.5 2928 
        42.5         12.5           85 2929 
          45         12.5         82.5 2930 
          45         17.5         87.5 2931 
        47.5         17.5           85 2932 
        42.5           15         87.5 2933 
        47.5           15         82.5 2934 
        47.5          2.5           85 2935 
        47.5            5         82.5 2936 
        42.5            5         87.5 2937 
        42.5          7.5           85 2938 
          45          2.5         87.5 2939 
          45          7.5         82.5 2940 
        47.5         92.5         97.5 2941 
          45         92.5           95 2942 
        42.5           95         97.5 2943 
        42.5         97.5           95 2944 
        47.5           95         92.5 2945 
          45         97.5         92.5 2946 
        47.5         87.5           95 2947 
          45         87.5         92.5 2948 
          45         82.5         97.5 2949 
        42.5         82.5           95 2950 
        47.5           85         97.5 2951 
        42.5           85         92.5 2952 
        47.5         77.5           95 2953 
          45         77.5         92.5 2954 
          45         72.5         97.5 2955 
        42.5         72.5           95 2956 
        47.5           75         97.5 2957 
        42.5           75         92.5 2958 
        47.5         67.5           95 2959 
          45         67.5         92.5 2960 
          45         62.5         97.5 2961 
        42.5         62.5           95 2962 
        47.5           65         97.5 2963 
        42.5           65         92.5 2964 
        47.5         57.5           95 2965 
          45         57.5         92.5 2966 
          45         52.5         97.5 2967 
        42.5         52.5           95 2968 
        47.5           55         97.5 2969 
        42.5           55         92.5 2970 
        47.5         47.5           95 2971 
          45         47.5         92.5 2972 
          45         42.5         97.5 2973 
        42.5         42.5           95 2974 
        47.5           45         97.5 2975 
        42.5           45         92.5 2976 
        47.5         37.5           95 2977 
          45         37.5         92.5 2978 
          45         32.5         97.5 2979 
        42.5         32.5           95 2980 
        47.5           35         97.5 2981 
        42.5           35         92.5 2982 
        47.5         27.5           95 2983 
          45         27.5         92.5 2984 
          45         22.5         97.5 2985 
        42.5         22.5           95 2986 
        47.5           25         97.5 2987 
        42.5           25         92.5 2988 
        47.5         17.5           95 2989 
          45         17.5         92.5 2990 
          45         12.5         97.5 2991 
        42.5         12.5           95 2992 
        47.5           15         97.5 2993 
        42.5           15         92.5 2994 
        42.5          7.5           95 2995 
        42.5            5         92.5 2996 
        47.5            5         97.5 2997 
        47.5          2.5           95 2998 
          45          7.5         97.5 2999 
          45          2.5         92.5 3000 
        57.5         92.5          2.5 3001 
          55         92.5            5 3002 
        57.5           95          7.5 3003 
          55         97.5          7.5 3004 
        52.5           95          2.5 3005 
        52.5         97.5            5 3006 
        52.5         82.5            5 3007 
          55         82.5          2.5 3008 
          55         87.5          7.5 3009 
        57.5         87.5            5 3010 
        52.5           85          7.5 3011 
        57.5           85          2.5 3012 
        52.5         72.5            5 3013 
          55         72.5          2.5 3014 
          55         77.5          7.5 3015 
        57.5         77.5            5 3016 
        52.5           75          7.5 3017 
        57.5           75          2.5 3018 
        52.5         62.5            5 3019 
          55         62.5          2.5 3020 
          55         67.5          7.5 3021 
        57.5         67.5            5 3022 
        52.5           65          7.5 3023 
        57.5           65          2.5 3024 
        52.5         52.5            5 3025 
          55         52.5          2.5 3026 
          55         57.5          7.5 3027 
        57.5         57.5            5 3028 
        52.5           55          7.5 3029 
        57.5           55          2.5 3030 
        52.5         42.5            5 3031 
          55         42.5          2.5 3032 
          55         47.5          7.5 3033 
        57.5         47.5            5 3034 
        52.5           45          7.5 3035 
        57.5           45          2.5 3036 
        52.5         32.5            5 3037 
          55         32.5          2.5 3038 
          55         37.5          7.5 3039 
        57.5         37.5            5 3040 
        52.5           35          7.5 3041 
        57.5           35          2.5 3042 
        52.5         22.5            5 3043 
          55         22.5          2.5 3044 
          55         27.5          7.5 3045 
        57.5         27.5            5 3046 
        52.5           25          7.5 3047 
        57.5           25          2.5 3048 
        52.5         12.5            5 3049 
          55         12.5          2.5 3050 
          55         17.5          7.5 3051 
        57.5         17.5            5 3052 
        52.5           15          7.5 3053 
        57.5           15          2.5 3054 
        57.5          2.5            5 3055 
        57.5            5          2.5 3056 
        52.5            5          7.5 3057 
        52.5          7.5            5 3058 
          55          2.5          7.5 3059 
          55          7.5          2.5 3060 
        57.5         92.5         12.5 3061 
          55         92.5           15 3062 
        57.5           95         17.5 3063 
          55         97.5         17.5 3064 
        52.5           95         12.5 3065 
        52.5         97.5           15 3066 
        52.5         82.5           15 3067 
          55         82.5         12.5 3068 
          55         87.5         17.5 3069 
        57.5         87.5           15 3070 
        52.5           85         17.5 3071 
        57.5           85         12.5 3072 
        52.5         72.5           15 3073 
          55         72.5         12.5 3074 
          55         77.5         17.5 3075 
        57.5         77.5           15 3076 
        52.5           75         17.5 3077 
        57.5           75         12.5 3078 
        52.5         62.5           15 3079 
          55         62.5         12.5 3080 
          55         67.5         17.5 3081 
        57.5         67.5           15 3082 
        52.5           65         17.5 3083 
        57.5           65         12.5 3084 
        52.5         52.5           15 3085 
          55         52.5         12.5 3086 
          55         57.5         17.5 3087 
        57.5         57.5           15 3088 
        52.5           55         17.5 3089 
        57.5           55         12.5 3090 
        52.5         42.5           15 3091 
          55         42.5         12.5 3092 
          55         47.5         17.5 3093 
        57.5         47.5           15 3094 
        52.5           45         17.5 3095 
        57.5           45         12.5 3096 
        52.5         32.5           15 3097 
          55         32.5         12.5 3098 
          55         37.5         17.5 3099 
        57.5         37.5           15 3100 
        52.5           35         17.5 3101 
        57.5           35         12.5 3102 
        52.5         22.5           15 3103 
          55         22.5         12.5 3104 
          55         27.5         17.5 3105 
        57.5         27.5           15 3106 
        52.5           25         17.5 3107 
        57.5           25         12.5 3108 
        52.5         12.5           15 3109 
          55         12.5         12.5 3110 
          55         17.5         17.5 3111 
        57.5         17.5           15 3112 
        52.5           15         17.5 3113 
        57.5           15         12.5 3114 
        57.5          2.5           15 3115 
        57.5            5         12.5 3116 
        52.5            5         17.5 3117 
        52.5          7.5           15 3118 
          55          2.5         17.5 3119 
          55          7.5         12.5 3120 
        57.5         92.5         22.5 3121 
          55         92.5           25 3122 
        57.5           95         27.5 3123 
          55         97.5         27.5 3124 
        52.5           95         22.5 3125 
        52.5         97.5           25 3126 
        52.5         82.5           25 3127 
          55         82.5         22.5 3128 
          55         87.5         27.5 3129 
        57.5         87.5           25 3130 
        52.5           85         27.5 3131 
        57.5           85         22.5 3132 
        52.5         72.5           25 3133 
          55         72.5         22.5 3134 
          55         77.5         27.5 3135 
        57.5         77.5           25 3136 
        52.5           75         27.5 3137 
        57.5           75         22.5 3138 
        52.5         62.5           25 3139 
          55         62.5         22.5 3140 
          55         67.5         27.5 3141 
        57.5         67.5           25 3142 
        52.5           65         27.5 3143 
        57.5           65         22.5 3144 
        52.5         52.5           25 3145 
          55         52.5         22.5 3146 
          55         57.5         27.5 3147 
        57.5         57.5           25 3148 
        52.5           55         27.5 3149 
        57.5           55         22.5 3150 
        52.5         42.5           25 3151 
          55         42.5         22.5 3152 
          55         47.5         27.5 3153 
        57.5         47.5           25 3154 
        52.5           45         27.5 3155 
        57.5           45         22.5 3156 
        52.5         32.5           25 3157 
          55         32.5         22.5 3158 
          55         37.5         27.5 3159 
        57.5         37.5           25 3160 
        52.5           35         27.5 3161 
        57.5           35         22.5 3162 
        52.5         22.5           25 3163 
          55         22.5         22.5 3164 
          55         27.5         27.5 3165 
        57.5         27.5           25 3166 
        52.5           25         27.5 3167 
        57.5           25         22.5 3168 
        52.5         12.5           25 3169 
          55         12.5         22.5 3170 
          55         17.5         27.5 3171 
        57.5         17.5           25 3172 
        52.5           15         27.5 3173 
        57.5           15         22.5 3174 
        57.5          2.5           25 3175 
        57.5            5         22.5 3176 
        52.5            5         27.5 3177 
        52.5          7.5           25 3178 
          55          2.5         27.5 3179 
          55          7.5         22.5 3180 
        57.5         92.5         32.5 3181 
          55         92.5           35 3182 
        57.5           95         37.5 3183 
          55         97.5         37.5 3184 
        52.5           95         32.5 3185 
        52.5         97.5           35 3186 
        52.5         82.5           35 3187 
          55         82.5         32.5 3188 
          55         87.5         37.5 3189 
        57.5         87.5           35 3190 
        52.5           85         37.5 3191 
        57.5           85         32.5 3192 
        52.5         72.5           35 3193 
          55         72.5         32.5 3194 
          55         77.5         37.5 3195 
        57.5         77.5           35 3196 
        52.5           75         37.5 3197 
        57.5           75         32.5 3198 
        52.5         62.5           35 3199 
          55         62.5         32.5 3200 
          55         67.5         37.5 3201 
        57.5         67.5           35 3202 
        52.5           65         37.5 3203 
        57.5           65         32.5 3204 
        52.5         52.5           35 3205 
          55         52.5         32.5 3206 
          55         57.5         37.5 3207 
        57.5         57.5           35 3208 
        52.5           55         37.5 3209 
        57.5           55         32.5 3210 
        52.5         42.5           35 3211 
          55         42.5         32.5 3212 
          55         47.5         37.5 3213 
        57.5         47.5           35 3214 
        52.5           45         37.5 3215 
        57.5           45         32.5 3216 
        52.5         32.5           35 3217 
          55         32.5         32.5 3218 
          55         37.5         37.5 3219 
        57.5         37.5           35 3220 
        52.5           35         37.5 3221 
        57.5           35         32.5 3222 
        52.5         22.5           35 3223 
          55         22.5         32.5 3224 
          55         27.5         37.5 3225 
        57.5         27.5           35 3226 
        52.5           25         37.5 3227 
        57.5           25         32.5 3228 
        52.5         12.5           35 3229 
          55         12.5         32.5 3230 
          55         17.5         37.5 3231 
        57.5         17.5           35 3232 
        52.5           15         37.5 3233 
        57.5           15         32.5 3234 
        57.5          2.5           35 3235 
        57.5            5         32.5 3236 
        52.5            5         37.5 3237 
        52.5          7.5           35 3238 
          55          2.5         37.5 3239 
          55          7.5         32.5 3240 
        57.5         92.5         42.5 3241 
          55         92.5           45 3242 
        57.5           95         47.5 3243 
          55         97.5         47.5 3244 
        52.5           95         42.5 3245 
        52.5         97.5           45 3246 
        52.5         82.5           45 3247 
          55         82.5         42.5 3248 
          55         87.5         47.5 3249 
        57.5         87.5           45 3250 
        52.5           85         47.5 3251 
        57.5           85         42.5 3252 
        52.5         72.5           45 3253 
          55         72.5         42.5 3254 
          55         77.5         47.5 3255 
        57.5         77.5           45 3256 
        52.5           75         47.5 3257 
        57.5           75         42.5 3258 
        52.5         62.5           45 3259 
          55         62.5         42.5 3260 
          55         67.5         47.5 3261 
        57.5         67.5           45 3262 
        52.5           65         47.5 3263 
        57.5           65         42.5 3264 
        52.5         52.5           45 3265 
          55         52.5         42.5 3266 
          55         57.5         47.5 3267 
        57.5         57.5           45 3268 
        52.5           55         47.5 3269 
        57.5           55         42.5 3270 
        52.5         42.5           45 3271 
          55         42.5         42.5 3272 
          55         47.5         47.5 3273 
        57.5         47.5           45 3274 
        52.5           45         47.5 3275 
        57.5           45         42.5 3276 
        52.5         32.5           45 3277 
          55         32.5         42.5 3278 
          55         37.5         47.5 3279 
        57.5         37.5           45 3280 
        52.5           35         47.5 3281 
        57.5           35         42.5 3282 
        52.5         22.5           45 3283 
          55         22.5         42.5 3284 
          55         27.5         47.5 3285 
        57.5         27.5           45 3286 
        52.5           25         47.5 3287 
        57.5           25         42.5 3288 
        52.5         12.5           45 3289 
          55         12.5         42.5 3290 
          55         17.5         47.5 3291 
        57.5         17.5           45 3292 
        52.5           15         47.5 3293 
        57.5           15         42.5 3294 
        57.5          2.5           45 3295 
        57.5            5         42.5 3296 
        52.5            5         47.5 3297 
        52.5          7.5           45 3298 
          55          2.5         47.5 3299 
          55          7.5         42.5 3300 
        57.5         92.5         52.5 3301 
          55         92.5           55 3302 
        57.5           95         57.5 3303 
          55         97.5         57.5 3304 
        52.5           95         52.5 3305 
        52.5         97.5           55 3306 
        52.5         82.5           55 3307 
          55         82.5         52.5 3308 
          55         87.5         57.5 3309 
        57.5         87.5           55 3310 
        52.5           85         57.5 3311 
        57.5           85         52.5 3312 
        52.5         72.5           55 3313 
          55         72.5         52.5 3314 
          55         77.5         57.5 3315 
        57.5         77.5           55 3316 
        52.5           75         57.5 3317 
        57.5           75         52.5 3318 
        52.5         62.5           55 3319 
          55         62.5         52.5 3320 
          55         67.5         57.5 3321 
        57.5         67.5           55 3322 
        52.5           65         57.5 3323 
        57.5           65         52.5 3324 
        52.5         52.5           55 3325 
          55         52.5         52.5 3326 
          55         57.5         57.5 3327 
        57.5         57.5           55 3328 
        52.5           55         57.5 3329 
        57.5           55         52.5 3330 
        52.5         42.5           55 3331 
          55         42.5         52.5 3332 
          55         47.5         57.5 3333 
        57.5         47.5           55 3334 
        52.5           45         57.5 3335 
        57.5           45         52.5 3336 
        52.5         32.5           55 3337 
          55         32.5         52.5 3338 
          55         37.5         57.5 3339 
        57.5         37.5           55 3340 
        52.5           35         57.5 3341 
        57.5           35         52.5 3342 
        52.5         22.5           55 3343 
          55         22.5         52.5 3344 
          55         27.5         57.5 3345 
        57.5         27.5           55 3346 
        52.5           25         57.5 3347 
        57.5           25         52.5 3348 
        52.5         12.5           55 3349 
          55         12.5         52.5 3350 
          55         17.5         57.5 3351 
        57.5         17.5           55 3352 
        52.5           15         57.5 3353 
        57.5           15         52.5 3354 
        57.5          2.5           55 3355 
        57.5            5         52.5 3356 
        52.5            5         57.5 3357 
        52.5          7.5           55 3358 
          55          2.5         57.5 3359 
          55          7.5         52.5 3360 
        57.5         92.5         62.5 3361 
          55         92.5           65 3362 
        57.5           95         67.5 3363 
          55         97.5         67.5 3364 
        52.5           95         62.5 3365 
        52.5         97.5           65 3366 
        52.5         82.5           65 3367 
          55         82.5         62.5 3368 
          55         87.5         67.5 3369 
        57.5         87.5           65 3370 
        52.5           85         67.5 3371 
        57.5           85         62.5 3372 
        52.5         72.5           65 3373 
          55         72.5         62.5 3374 
          55         77.5         67.5 3375 
        57.5         77.5           65 3376 
        52.5           75         67.5 3377 
        57.5           75         62.5 3378 
        52.5         62.5           65 3379 
          55         62.5         62.5 3380 
          55         67.5         67.5 3381 
        57.5         67.5           65 3382 
        52.5           65         67.5 3383 
        57.5           65         62.5 3384 
        52.5         52.5           65 3385 
          55         52.5         62.5 3386 
          55         57.5         67.5 3387 
        57.5         57.5           65 3388 
        52.5           55         67.5 3389 
        57.5           55         62.5 3390 
        52.5         42.5           65 3391 
          55         42.5         62.5 3392 
          55         47.5         67.5 3393 
        57.5         47.5           65 3394 
        52.5           45         67.5 3395 
        57.5           45         62.5 3396 
        52.5         32.5           65 3397 
          55         32.5         62.5 3398 
          55         37.5         67.5 3399 
        57.5         37.5           65 3400 
        52.5           35         67.5 3401 
        57.5           35         62.5 3402 
        52.5         22.5           65 3403 
          55         22.5         62.5 3404 
          55         27.5         67.5 3405 
        57.5         27.5           65 3406 
        52.5           25         67.5 3407 
        57.5           25         62.5 3408 
        52.5         12.5           65 3409 
          55         12.5         62.5 3410 
          55         17.5         67.5 3411 
        57.5         17.5           65 3412 
        52.5           15         67.5 3413 
        57.5           15         62.5 3414 
        57.5          2.5           65 3415 
        57.5            5         62.5 3416 
        52.5            5         67.5 3417 
        52.5          7.5           65 3418 
          55          2.5         67.5 3419 
          55          7.5         62.5 3420 
        57.5         92.5         72.5 3421 
          55         92.5           75 3422 
        57.5           95         77.5 3423 
          55         97.5         77.5 3424 
        52.5           95         72.5 3425 
        52.5         97.5           75 3426 
        52.5         82.5           75 3427 
          55         82.5         72.5 3428 
          55         87.5         77.5 3429 
        57.5         87.5           75 3430 
        52.5           85         77.5 3431 
        57.5           85         72.5 3432 
        52.5         72.5           75 3433 
          55         72.5         72.5 3434 
          55         77.5         77.5 3435 
        57.5         77.5           75 3436 
        52.5           75         77.5 3437 
        57.5           75         72.5 3438 
        52.5         62.5           75 3439 
          55         62.5         72.5 3440 
          55         67.5         77.5 3441 
        57.5         67.5           75 3442 
        52.5           65         77.5 3443 
        57.5           65         72.5 3444 
        52.5         52.5           75 3445 
          55         52.5         72.5 3446 
          55         57.5         77.5 3447 
        57.5         57.5           75 3448 
        52.5           55         77.5 3449 
        57.5           55         72.5 3450 
        52.5         42.5           75 3451 
          55         42.5         72.5 3452 
          55         47.5         77.5 3453 
        57.5         47.5           75 3454 
        52.5           45         77.5 3455 
        57.5           45         72.5 3456 
        52.5         32.5           75 3457 
          55         32.5         72.5 3458 
          55         37.5         77.5 3459 
        57.5         37.5           75 3460 
        52.5           35         77.5 3461 
        57.5           35         72.5 3462 
        52.5         22.5           75 3463 
          55         22.5         72.5 3464 
          55         27.5         77.5 3465 
        57.5         27.5           75 3466 
        52.5           25         77.5 3467 
        57.5           25         72.5 3468 
        52.5         12.5           75 3469 
          55         12.5         72.5 3470 
          55         17.5         77.5 3471 
        57.5         17.5           75 3472 
        52.5           15         77.5 3473 
        57.5           15         72.5 3474 
        57.5          2.5           75 3475 
        57.5            5         72.5 3476 
        52.5            5         77.5 3477 
        52.5          7.5           75 3478 
          55          2.5         77.5 3479 
          55          7.5         72.5 3480 
        57.5         92.5         82.5 3481 
          55         92.5           85 3482 
        57.5           95         87.5 3483 
          55         97.5         87.5 3484 
        52.5           95         82.5 3485 
        52.5         97.5           85 3486 
        52.5         82.5           85 3487 
          55         82.5         82.5 3488 
          55         87.5         87.5 3489 
        57.5         87.5           85 3490 
        52.5           85         87.5 3491 
        57.5           85         82.5 3492 
        52.5         72.5           85 3493 
          55         72.5         82.5 3494 
          55         77.5         87.5 3495 
        57.5         77.5           85 3496 
        52.5           75         87.5 3497 
        57.5           75         82.5 3498 
        52.5         62.5           85 3499 
          55         62.5         82.5 3500 
          55         67.5         87.5 3501 
        57.5         67.5           85 3502 
        52.5           65         87.5 3503 
        57.5           65         82.5 3504 
        52.5         52.5           85 3505 
          55         52.5         82.5 3506 
          55         57.5         87.5 3507 
        57.5         57.5           85 3508 
        52.5           55         87.5 3509 
        57.5           55         82.5 3510 
        52.5         42.5           85 3511 
          55         42.5         82.5 3512 
          55         47.5         87.5 3513 
        57.5         47.5           85 3514 
        52.5           45         87.5 3515 
        57.5           45         82.5 3516 
        52.5         32.5           85 3517 
          55         32.5         82.5 3518 
          55         37.5         87.5 3519 
        57.5         37.5           85 3520 
        52.5           35         87.5 3521 
        57.5           35         82.5 3522 
        52.5         22.5           85 3523 
          55         22.5         82.5 3524 
          55         27.5         87.5 3525 
        57.5         27.5           85 3526 
        52.5           25         87.5 3527 
        57.5           25         82.5 3528 
        52.5         12.5           85 3529 
          55         12.5         82.5 3530 
          55         17.5         87.5 3531 
        57.5         17.5           85 3532 
        52.5           15         87.5 3533 
        57.5           15         82.5 3534 
        57.5          2.5           85 3535 
        57.5            5         82.5 3536 
        52.5            5         87.5 3537 
        52.5          7.5           85 3538 
          55          2.5         87.5 3539 
          55          7.5         82.5 3540 
        57.5         92.5         97.5 3541 
          55         92.5           95 3542 
        52.5           95         97.5 3543 
        52.5         97.5           95 3544 
        57.5           95         92.5 3545 
          55         97.5         92.5 3546 
        57.5         87.5           95 3547 
          55         87.5         92.5 3548 
          55         82.5         97.5 3549 
        52.5         82.5           95 3550 
        57.5           85         97.5 3551 
        52.5           85         92.5 3552 
        57.5         77.5           95 3553 
          55         77.5         92.5 3554 
          55         72.5         97.5 3555 
        52.5         72.5           95 3556 
        57.5           75         97.5 3557 
        52.5           75         92.5 3558 
        57.5         67.5           95 3559 
          55         67.5         92.5 3560 
          55         62.5         97.5 3561 
        52.5         62.5           95 3562 
        57.5           65         97.5 3563 
        52.5           65         92.5 3564 
        57.5         57.5           95 3565 
          55         57.5         92.5 3566 
          55         52.5         97.5 3567 
        52.5         52.5           95 3568 
        57.5           55         97.5 3569 
        52.5           55         92.5 3570 
        57.5         47.5           95 3571 
          55         47.5         92.5 3572 
          55         42.5         97.5 3573 
        52.5         42.5           95 3574 
        57.5           45         97.5 3575 
        52.5           45         92.5 3576 
        57.5         37.5           95 3577 
          55         37.5         92.5 3578 
          55         32.5         97.5 3579 
        52.5         32.5           95 3580 
        57.5           35         97.5 3581 
        52.5           35         92.5 3582 
        57.5         27.5           95 3583 
          55         27.5         92.5 3584 
          55         22.5         97.5 3585 
        52.5         22.5           95 3586 
        57.5           25         97.5 3587 
        52.5           25         92.5 3588 
        57.5         17.5           95 3589 
          55         17.5         92.5 3590 
          55         12.5         97.5 3591 
        52.5         12.5           95 3592 
        57.5           15         97.5 3593 
        52.5           15         92.5 3594 
        52.5          7.5           95 3595 
        52.5            5         92.5 3596 
        57.5            5         97.5 3597 
        57.5          2.5           95 3598 
          55          7.5         97.5 3599 
          55          2.5         92.5 3600 
        67.5         92.5          2.5 3601 
          65         92.5            5 3602 
        67.5           95          7.5 3603 
          65         97.5          7.5 3604 
        62.5           95          2.5 3605 
        62.5         97.5            5 3606 
        62.5         82.5            5 3607 
          65         82.5          2.5 3608 
          65         87.5          7.5 3609 
        67.5         87.5            5 3610 
        62.5           85          7.5 3611 
        67.5           85          2.5 3612 
        62.5         72.5            5 3613 
          65         72.5          2.5 3614 
          65         77.5          7.5 3615 
        67.5         77.5            5 3616 
        62.5           75          7.5 3617 
        67.5           75          2.5 3618 
        62.5         62.5            5 3619 
          65         62.5          2.5 3620 
          65         67.5          7.5 3621 
        67.5         67.5            5 3622 
        62.5           65          7.5 3623 
        67.5           65          2.5 3624 
        62.5         52.5            5 3625 
          65         52.5          2.5 3626 
          65         57.5          7.5 3627 
        67.5         57.5            5 3628 
        62.5           55          7.5 3629 
        67.5           55          2.5 3630 
        62.5         42.5            5 3631 
          65         42.5          2.5 3632 
          65         47.5          7.5 3633 
        67.5         47.5            5 3634 
        62.5           45          7.5 3635 
        67.5           45          2.5 3636 
        62.5         32.5            5 3637 
          65         32.5          2.5 3638 
          65         37.5          7.5 3639 
        67.5         37.5            5 3640 
        62.5           35          7.5 3641 
        67.5           35          2.5 3642 
        62.5         22.5            5 3643 
          65         22.5          2.5 3644 
          65         27.5          7.5 3645 
        67.5         27.5            5 3646 
        62.5           25          7.5 3647 
        67.5           25          2.5 3648 
        62.5         12.5            5 3649 
          65         12.5          2.5 3650 
          65         17.5          7.5 3651 
        67.5         17.5            5 3652 
        62.5           15          7.5 3653 
        67.5           15          2.5 3654 
        67.5          2.5            5 3655 
        67.5            5          2.5 3656 
        62.5            5          7.5 3657 
        62.5          7.5            5 3658 
          65          2.5          7.5 3659 
          65          7.5          2.5 3660 
        67.5         92.5         12.5 3661 
          65         92.5           15 3662 
        67.5           95         17.5 3663 
          65         97.5         17.5 3664 
        62.5           95         12.5 3665 
        62.5         97.5           15 3666 
        62.5         82.5           15 3667 
          65         82.5         12.5 3668 
          65         87.5         17.5 3669 
        67.5         87.5           15 3670 
        62.5           85         17.5 3671 
        67.5           85         12.5 3672 
        62.5         72.5           15 3673 
          65         72.5         12.5 3674 
          65         77.5         17.5 3675 
        67.5         77.5           15 3676 
        62.5           75         17.5 3677 
        67.5           75         12.5 3678 
        62.5         62.5           15 3679 
          65         62.5         12.5 3680 
          65         67.5         17.5 3681 
        67.5         67.5           15 3682 
        62.5           65         17.5 3683 
        67.5           65         12.5 3684 
        62.5         52.5           15 3685 
          65         52.5         12.5 3686 
          65         57.5         17.5 3687 
        67.5         57.5           15 3688 
        62.5           55         17.5 3689 
        67.5           55         12.5 3690 
        62.5         42.5           15 3691 
          65         42.5         12.5 3692 
          65         47.5         17.5 3693 
        67.5         47.5           15 3694 
        62.5           45         17.5 3695 
        67.5           45         12.5 3696 
        62.5         32.5           15 3697 
          65         32.5         12.5 3698 
          65         37.5         17.5 3699 
        67.5         37.5           15 3700 
        62.5           35         17.5 3701 
        67.5           35         12.5 3702 
        62.5         22.5           15 3703 
          65         22.5         12.5 3704 
          65         27.5         17.5 3705 
        67.5         27.5           15 3706 
        62.5           25         17.5 3707 
        67.5           25         12.5 3708 
        62.5         12.5           15 3709 
          65         12.5         12.5 3710 
          65         17.5         17.5 3711 
        67.5         17.5           15 3712 
        62.5           15         17.5 3713 
        67.5           15         12.5 3714 
        67.5          2.5           15 3715 
        67.5            5         12.5 3716 
        62.5            5         17.5 3717 
        62.5          7.5           15 3718 
          65          2.5         17.5 3719 
          65          7.5         12.5 3720 
        67.5         92.5         22.5 3721 
          65         92.5           25 3722 
        67.5           95         27.5 3723 
          65         97.5         27.5 3724 
        62.5           95         22.5 3725 
        62.5         97.5           25 3726 
        62.5         82.5           25 3727 
          65         82.5         22.5 3728 
          65         87.5         27.5 3729 
        67.5         87.5           25 3730 
        62.5           85         27.5 3731 
        67.5           85         22.5 3732 
        62.5         72.5           25 3733 
          65         72.5         22.5 3734 
          65         77.5         27.5 3735 
        67.5         77.5           25 3736 
        62.5           75         27.5 3737 
        67.5           75         22.5 3738 
        62.5         62.5           25 3739 
          65         62.5         22.5 3740 
          65         67.5         27.5 3741 
        67.5         67.5           25 3742 
        62.5           65         27.5 3743 
        67.5           65         22.5 3744 
        62.5         52.5           25 3745 
          65         52.5         22.5 3746 
          65         57.5         27.5 3747 
        67.5         57.5           25 3748 
        62.5           55         27.5 3749 
        67.5           55         22.5 3750 
        62.5         42.5           25 3751 
          65         42.5         22.5 3752 
          65         47.5         27.5 3753 
        67.5         47.5           25 3754 
        62.5           45         27.5 3755 
        67.5           45         22.5 3756 
        62.5         32.5           25 3757 
          65         32.5         22.5 3758 
          65         37.5         27.5 3759 
        67.5         37.5           25 3760 
        62.5           35         27.5 3761 
        67.5           35         22.5 3762 
        62.5         22.5           25 3763 
          65         22.5         22.5 3764 
          65         27.5         27.5 3765 
        67.5         27.5           25 3766 
        62.5           25         27.5 3767 
        67.5           25         22.5 3768 
        62.5         12.5           25 3769 
          65         12.5         22.5 3770 
          65         17.5         27.5 3771 
        67.5         17.5           25 3772 
        62.5           15         27.5 3773 
        67.5           15         22.5 3774 
        67.5          2.5           25 3775 
        67.5            5         22.5 3776 
        62.5            5         27.5 3777 
        62.5          7.5           25 3778 
          65          2.5         27.5 3779 
          65          7.5         22.5 3780 
        67.5         92.5         32.5 3781 
          65         92.5           35 3782 
        67.5           95         37.5 3783 
          65         97.5         37.5 3784 
        62.5           95         32.5 3785 
        62.5         97.5           35 3786 
        62.5         82.5           35 3787 
          65         82.5         32.5 3788 
          65         87.5         37.5 3789 
        67.5         87.5           35 3790 
        62.5           85         37.5 3791 
        67.5           85         32.5 3792 
        62.5         72.5           35 3793 
          65         72.5         32.5 3794 
          65         77.5         37.5 3795 
        67.5         77.5           35 3796 
        62.5           75         37.5 3797 
        67.5           75         32.5 3798 
        62.5         62.5           35 3799 
          65         62.5         32.5 3800 
          65         67.5         37.5 3801 
        67.5         67.5           35 3802 
        62.5           65         37.5 3803 
        67.5           65         32.5 3804 
        62.5         52.5           35 3805 
          65         52.5         32.5 3806 
          65         57.5         37.5 3807 
        67.5         57.5           35 3808 
        62.5           55         37.5 3809 
        67.5           55         32.5 3810 
        62.5         42.5           35 3811 
          65         42.5         32.5 3812 
          65         47.5         37.5 3813 
        67.5         47.5           35 3814 
        62.5           45         37.5 3815 
        67.5           45         32.5 3816 
        62.5         32.5           35 3817 
          65         32.5         32.5 3818 
          65         37.5         37.5 3819 
        67.5         37.5           35 3820 
        62.5           35         37.5 3821 
        67.5           35         32.5 3822 
        62.5         22.5           35 3823 
          65         22.5         32.5 3824 
          65         27.5         37.5 3825 
        67.5         27.5           35 3826 
        62.5           25         37.5 3827 
        67.5           25         32.5 3828 
        62.5         12.5           35 3829 
          65         12.5         32.5 3830 
          65         17.5         37.5 3831 
        67.5         17.5           35 3832 
        62.5           15         37.5 3833 
        67.5           15         32.5 3834 
        67.5          2.5           35 3835 
        67.5            5         32.5 3836 
        62.5            5         37.5 3837 
        62.5          7.5           35 3838 
          65          2.5         37.5 3839 
          65          7.5         32.5 3840 
        67.5         92.5         42.5 3841 
          65         92.5           45 3842 
        67.5           95         47.5 3843 
          65         97.5         47.5 3844 
        62.5           95         42.5 3845 
        62.5         97.5           45 3846 
        62.5         82.5           45 3847 
          65         82.5         42.5 3848 
          65         87.5         47.5 3849 
        67.5         87.5           45 3850 
        62.5           85         47.5 3851 
        67.5           85         42.5 3852 
        62.5         72.5           45 3853 
          65         72.5         42.5 3854 
          65         77.5         47.5 3855 
        67.5         77.5           45 3856 
        62.5           75         47.5 3857 
        67.5           75         42.5 3858 
        62.5         62.5           45 3859 
          65         62.5         42.5 3860 
          65         67.5         47.5 3861 
        67.5         67.5           45 3862 
        62.5           65         47.5 3863 
        67.5           65         42.5 3864 
        62.5         52.5           45 3865 
          65         52.5         42.5 3866 
          65         57.5         47.5 3867 
        67.5         57.5           45 3868 
        62.5           55         47.5 3869 
        67.5           55         42.5 3870 
        62.5         42.5           45 3871 
          65         42.5         42.5 3872 
          65         47.5         47.5 3873 
        67.5         47.5           45 3874 
        62.5           45         47.5 3875 
        67.5           45         42.5 3876 
        62.5         32.5           45 3877 
          65         32.5         42.5 3878 
          65         37.5         47.5 3879 
        67.5         37.5           45 3880 
        62.5           35         47.5 3881 
        67.5           35         42.5 3882 
        62.5         22.5           45 3883 
          65         22.5         42.5 3884 
          65         27.5         47.5 3885 
        67.5         27.5           45 3886 
        62.5           25         47.5 3887 
        67.5           25         42.5 3888 
        62.5         12.5           45 3889 
          65         12.5         42.5 3890 
          65         17.5         47.5 3891 
        67.5         17.5           45 3892 
        62.5           15         47.5 3893 
        67.5           15         42.5 3894 
        67.5          2.5           45 3895 
        67.5            5         42.5 3896 
        62.5            5         47.5 3897 
        62.5          7.5           45 3898 
          65          2.5         47.5 3899 
          65          7.5         42.5 3900 
        67.5         92.5         52.5 3901 
          65         92.5           55 3902 
        67.5           95         57.5 3903 
          65         97.5         57.5 3904 
        62.5           95         52.5 3905 
        62.5         97.5           55 3906 
        62.5         82.5           55 3907 
          65         82.5         52.5 3908 
          65         87.5         57.5 3909 
        67.5         87.5           55 3910 
        62.5           85         57.5 3911 
        67.5           85         52.5 3912 
        62.5         72.5           55 3913 
          65         72.5         52.5 3914 
          65         77.5         57.5 3915 
        67.5         77.5           55 3916 
        62.5           75         57.5 3917 
        67.5           75         52.5 3918 
        62.5         62.5           55 3919 
          65         62.5         52.5 3920 
          65         67.5         57.5 3921 
        67.5         67.5           55 3922 
        62.5           65         57.5 3923 
        67.5           65         52.5 3924 
        62.5         52.5           55 3925 
          65         52.5         52.5 3926 
          65         57.5         57.5 3927 
        67.5         57.5           55 3928 
        62.5           55         57.5 3929 
        67.5           55         52.5 3930 
        62.5         42.5           55 3931 
          65         42.5         52.5 3932 
          65         47.5         57.5 3933 
        67.5         47.5           55 3934 
        62.5           45         57.5 3935 
        67.5           45         52.5 3936 
        62.5         32.5           55 3937 
          65         32.5         52.5 3938 
          65         37.5         57.5 3939 
        67.5         37.5           55 3940 
        62.5           35         57.5 3941 
        67.5           35         52.5 3942 
        62.5         22.5           55 3943 
          65         22.5         52.5 3944 
          65         27.5         57.5 3945 
        67.5         27.5           55 3946 
        62.5           25         57.5 3947 
        67.5           25         52.5 3948 
        62.5         12.5           55 3949 
          65         12.5         52.5 3950 
          65         17.5         57.5 3951 
        67.5         17.5           55 3952 
        62.5           15         57.5 3953 
        67.5           15         52.5 3954 
        67.5          2.5           55 3955 
        67.5            5         52.5 3956 
        62.5            5         57.5 3957 
        62.5          7.5           55 3958 
          65          2.5         57.5 3959 
          65          7.5         52.5 3960 
        67.5         92.5         62.5 3961 
          65         92.5           65 3962 
        67.5           95         67.5 3963 
          65         97.5         67.5 3964 
        62.5           95         62.5 3965 
        62.5         97.5           65 3966 
        62.5         82.5           65 3967 
          65         82.5         62.5 3968 
          65         87.5         67.5 3969 
        67.5         87.5           65 3970 
        62.5           85         67.5 3971 
        67.5           85         62.5 3972 
        62.5         72.5           65 3973 
          65         72.5         62.5 3974 
          65         77.5         67.5 3975 
        67.5         77.5           65 3976 
        62.5           75         67.5 3977 
        67.5           75         62.5 3978 
        62.5         62.5           65 3979 
          65         62.5         62.5 3980 
          65         67.5         67.5 3981 
        67.5         67.5           65 3982 
        62.5           65         67.5 3983 
        67.5           65         62.5 3984 
        62.5         52.5           65 3985 
          65         52.5         62.5 3986 
          65         57.5         67.5 3987 
        67.5         57.5           65 3988 
        62.5           55         67.5 3989 
        67.5           55         62.5 3990 
        62.5         42.5           65 3991 
          65         42.5         62.5 3992 
          65         47.5         67.5 3993 
        67.5         47.5           65 3994 
        62.5           45         67.5 3995 
        67.5           45         62.5 3996 
        62.5         32.5           65 3997 
          65         32.5         62.5 3998 
          65         37.5         67.5 3999 
        67.5         37.5           65 4000 
        62.5           35         67.5 4001 
        67.5           35         62.5 4002 
        62.5         22.5           65 4003 
          65         22.5         62.5 4004 
          65         27.5         67.5 4005 
        67.5         27.5           65 4006 
        62.5           25         67.5 4007 
        67.5           25         62.5 4008 
        62.5         12.5           65 4009 
          65         12.5         62.5 4010 
          65         17.5         67.5 4011 
        67.5         17.5           65 4012 
        62.5           15         67.5 4013 
        67.5           15         62.5 4014 
        67.5          2.5           65 4015 
        67.5            5         62.5 4016 
        62.5            5         67.5 4017 
        62.5          7.5           65 4018 
          65          2.5         67.5 4019 
          65          7.5         62.5 4020 
        67.5         92.5         72.5 4021 
          65         92.5           75 4022 
        67.5           95         77.5 4023 
          65         97.5         77.5 4024 
        62.5           95         72.5 4025 
        62.5         97.5           75 4026 
        62.5         82.5           75 4027 
          65         82.5         72.5 4028 
          65         87.5         77.5 4029 
        67.5         87.5           75 4030 
        62.5           85         77.5 4031 
        67.5           85         72.5 4032 
        62.5         72.5           75 4033 
          65         72.5         72.5 4034 
          65         77.5         77.5 4035 
        67.5         77.5           75 4036 
        62.5           75         77.5 4037 
        67.5           75         72.5 4038 
        62.5         62.5           75 4039 
          65         62.5         72.5 4040 
          65         67.5         77.5 4041 
        67.5         67.5           75 4042 
        62.5           65         77.5 4043 
        67.5           65         72.5 4044 
        62.5         52.5           75 4045 
          65         52.5         72.5 4046 
          65         57.5         77.5 4047 
        67.5         57.5           75 4048 
        62.5           55         77.5 4049 
        67.5           55         72.5 4050 
        62.5         42.5           75 4051 
          65         42.5         72.5 4052 
          65         47.5         77.5 4053 
        67.5         47.5           75 4054 
        62.5           45         77.5 4055 
        67.5           45         72.5 4056 
        62.5         32.5           75 4057 
          65         32.5         72.5 4058 
          65         37.5         77.5 4059 
        67.5         37.5           75 4060 
        62.5           35         77.5 4061 
        67.5           35         72.5 4062 
        62.5         22.5           75 4063 
          65         22.5         72.5 4064 
          65         27.5         77.5 4065 
        67.5         27.5           75 4066 
        62.5           25         77.5 4067 
        67.5           25         72.5 4068 
        62.5         12.5           75 4069 
          65         12.5         72.5 4070 
          65         17.5         77.5 4071 
        67.5         17.5           75 4072 
        62.5           15         77.5 4073 
        67.5           15         72.5 4074 
        67.5          2.5           75 4075 
        67.5            5         72.5 4076 
        62.5            5         77.5 4077 
        62.5          7.5           75 4078 
          65          2.5         77.5 4079 
          65          7.5         72.5 4080 
        67.5         92.5         82.5 4081 
          65         92.5           85 4082 
        67.5           95         87.5 4083 
          65         97.5         87.5 4084 
        62.5           95         82.5 4085 
        62.5         97.5           85 4086 
        62.5         82.5           85 4087 
          65         82.5         82.5 4088 
          65         87.5         87.5 4089 
        67.5         87.5           85 4090 
        62.5           85         87.5 4091 
        67.5           85         82.5 4092 
        62.5         72.5           85 4093 
          65         72.5         82.5 4094 
          65         77.5         87.5 4095 
        67.5         77.5           85 4096 
        62.5           75         87.5 4097 
        67.5           75         82.5 4098 
        62.5         62.5           85 4099 
          65         62.5         82.5 4100 
          65         67.5         87.5 4101 
        67.5         67.5           85 4102 
        62.5           65         87.5 4103 
        67.5           65         82.5 4104 
        62.5         52.5           85 4105 
          65         52.5         82.5 4106 
          65         57.5         87.5 4107 
        67.5         57.5           85 4108 
        62.5           55         87.5 4109 
        67.5           55         82.5 4110 
        62.5         42.5           85 4111 
          65         42.5         82.5 4112 
          65         47.5         87.5 4113 
        67.5         47.5           85 4114 
        62.5           45         87.5 4115 
        67.5           45         82.5 4116 
        62.5         32.5           85 4117 
          65         32.5         82.5 4118 
          65         37.5         87.5 4119 
        67.5         37.5           85 4120 
        62.5           35         87.5 4121 
        67.5           35         82.5 4122 
        62.5         22.5           85 4123 
          65         22.5         82.5 4124 
          65         27.5         87.5 4125 
        67.5         27.5           85 4126 
        62.5           25         87.5 4127 
        67.5           25         82.5 4128 
        62.5         12.5           85 4129 
          65         12.5         82.5 4130 
          65         17.5         87.5 4131 
        67.5         17.5           85 4132 
        62.5           15         87.5 4133 
        67.5           15         82.5 4134 
        67.5          2.5           85 4135 
        67.5            5         82.5 4136 
        62.5            5         87.5 4137 
        62.5          7.5           85 4138 
          65          2.5         87.5 4139 
          65          7.5         82.5 4140 
        67.5         92.5         97.5 4141 
          65         92.5           95 4142 
        62.5           95         97.5 4143 
        62.5         97.5           95 4144 
        67.5           95         92.5 4145 
          65         97.5         92.5 4146 
        67.5         87.5           95 4147 
          65         87.5         92.5 4148 
          65         82.5         97.5 4149 
        62.5         82.5           95 4150 
        67.5           85         97.5 4151 
        62.5           85         92.5 4152 
        67.5         77.5           95 4153 
          65         77.5         92.5 4154 
          65         72.5         97.5 4155 
        62.5         72.5           95 4156 
        67.5           75         97.5 4157 
        62.5           75         92.5 4158 
        67.5         67.5           95 4159 
          65         67.5         92.5 4160 
          65         62.5         97.5 4161 
        62.5         62.5           95 4162 
        67.5           65         97.5 4163 
        62.5           65         92.5 4164 
        67.5         57.5           95 4165 
          65         57.5         92.5 4166 
          65         52.5         97.5 4167 
        62.5         52.5           95 4168 
        67.5           55         97.5 4169 
        62.5           55         92.5 4170 
        67.5         47.5           95 4171 
          65         47.5         92.5 4172 
          65         42.5         97.5 4173 
        62.5         42.5           95 4174 
        67.5           45         97.5 4175 
        62.5           45         92.5 4176 
        67.5         37.5           95 4177 
          65         37.5         92.5 4178 
          65         32.5         97.5 4179 
        62.5         32.5           95 4180 
        67.5           35         97.5 4181 
        62.5           35         92.5 4182 
        67.5         27.5           95 4183 
          65         27.5         92.5 4184 
          65         22.5         97.5 4185 
        62.5         22.5           95 4186 
        67.5           25         97.5 4187 
        62.5           25         92.5 4188 
        67.5         17.5           95 4189 
          65         17.5         92.5 4190 
          65         12.5         97.5 4191 
        62.5         12.5           95 4192 
        67.5           15         97.5 4193 
        62.5           15         92.5 4194 
        62.5          7.5           95 4195 
        62.5            5         92.5 4196 
        67.5            5         97.5 4197 
        67.5          2.5           95 4198 
          65          7.5         97.5 4199 
          65          2.5         92.5 4200 
        77.5         92.5          2.5 4201 
          75         92.5            5 4202 
        77.5           95          7.5 4203 
          75         97.5          7.5 4204 
        72.5           95          2.5 4205 
        72.5         97.5            5 4206 
        72.5         82.5            5 4207 
          75         82.5          2.5 4208 
          75         87.5          7.5 4209 
        77.5         87.5            5 4210 
        72.5           85          7.5 4211 
        77.5           85          2.5 4212 
        72.5         72.5            5 4213 
          75         72.5          2.5 4214 
          75         77.5          7.5 4215 
        77.5         77.5            5 4216 
        72.5           75          7.5 4217 
        77.5           75          2.5 4218 
        72.5         62.5            5 4219 
          75         62.5          2.5 4220 
          75         67.5          7.5 4221 
        77.5         67.5            5 4222 
        72.5           65          7.5 4223 
        77.5           65          2.5 4224 
        72.5         52.5            5 4225 
          75         52.5          2.5 4226 
          75         57.5          7.5 4227 
        77.5         57.5            5 4228 
        72.5           55          7.5 4229 
        77.5           55          2.5 4230 
        72.5         42.5            5 4231 
          75         42.5          2.5 4232 
          75         47.5          7.5 4233 
        77.5         47.5            5 4234 
        72.5           45          7.5 4235 
        77.5           45          2.5 4236 
        72.5         32.5            5 4237 
          75         32.5          2.5 4238 
          75         37.5          7.5 4239 
        77.5         37.5            5 4240 
        72.5           35          7.5 4241 
        77.5           35          2.5 4242 
        72.5         22.5            5 4243 
          75         22.5          2.5 4244 
          75         27.5          7.5 4245 
        77.5         27.5            5 4246 
        72.5           25          7.5 4247 
        77.5           25          2.5 4248 
        72.5         12.5            5 4249 
          75         12.5          2.5 4250 
          75         17.5          7.5 4251 
        77.5         17.5            5 4252 
        72.5           15          7.5 4253 
        77.5           15          2.5 4254 
        77.5          2.5            5 4255 
        77.5            5          2.5 4256 
        72.5            5          7.5 4257 
        72.5          7.5            5 4258 
          75          2.5          7.5 4259 
          75          7.5          2.5 4260 
        77.5         92.5         12.5 4261 
          75         92.5           15 4262 
        77.5           95         17.5 4263 
          75         97.5         17.5 4264 
        72.5           95         12.5 4265 
        72.5         97.5           15 4266 
        72.5         82.5           15 4267 
          75         82.5         12.5 4268 
          75         87.5         17.5 4269 
        77.5         87.5           15 4270 
        72.5           85         17.5 4271 
        77.5           85         12.5 4272 
        72.5         72.5           15 4273 
          75         72.5         12.5 4274 
          75         77.5         17.5 4275 
        77.5         77.5           15 4276 
        72.5           75         17.5 4277 
        77.5           75         12.5 4278 
        72.5         62.5           15 4279 
          75         62.5         12.5 4280 
          75         67.5         17.5 4281 
        77.5         67.5           15 4282 
        72.5           65         17.5 4283 
        77.5           65         12.5 4284 
        72.5         52.5           15 4285 
          75         52.5         12.5 4286 
          75         57.5         17.5 4287 
        77.5         57.5           15 4288 
        72.5           55         17.5 4289 
        77.5           55         12.5 4290 
        72.5         42.5           15 4291 
          75         42.5         12.5 4292 
          75         47.5         17.5 4293 
        77.5         47.5           15 4294 
        72.5           45         17.5 4295 
        77.5           45         12.5 4296 
        72.5         32.5           15 4297 
          75         32.5         12.5 4298 
          75         37.5         17.5 4299 
        77.5         37.5           15 4300 
        72.5           35         17.5 4301 
        77.5           35         12.5 4302 
        72.5         22.5           15 4303 
          75         22.5         12.5 4304 
          75         27.5         17.5 4305 
        77.5         27.5           15 4306 
        72.5           25         17.5 4307 
        77.5           25         12.5 4308 
        72.5         12.5           15 4309 
          75         12.5         12.5 4310 
          75         17.5         17.5 4311 
        77.5         17.5           15 4312 
        72.5           15         17.5 4313 
        77.5           15         12.5 4314 
        77.5          2.5           15 4315 
        77.5            5         12.5 4316 
        72.5            5         17.5 4317 
        72.5          7.5           15 4318 
          75          2.5         17.5 4319 
          75          7.5         12.5 4320 
        77.5         92.5         22.5 4321 
          75         92.5           25 4322 
        77.5           95         27.5 4323 
          75         97.5         27.5 4324 
        72.5           95         22.5 4325 
        72.5         97.5           25 4326 
        72.5         82.5           25 4327 
          75         82.5         22.5 4328 
          75         87.5         27.5 4329 
        77.5         87.5           25 4330 
        72.5           85         27.5 4331 
        77.5           85         22.5 4332 
        72.5         72.5           25 4333 
          75         72.5         22.5 4334 
          75         77.5         27.5 4335 
        77.5         77.5           25 4336 
        72.5           75         27.5 4337 
        77.5           75         22.5 4338 
        72.5         62.5           25 4339 
          75         62.5         22.5 4340 
          75         67.5         27.5 4341 
        77.5         67.5           25 4342 
        72.5           65         27.5 4343 
        77.5           65         22.5 4344 
        72.5         52.5           25 4345 
          75         52.5         22.5 4346 
          75         57.5         27.5 4347 
        77.5         57.5           25 4348 
        72.5           55         27.5 4349 
        77.5           55         22.5 4350 
        72.5         42.5           25 4351 
          75         42.5         22.5 4352 
          75         47.5         27.5 4353 
        77.5         47.5           25 4354 
        72.5           45         27.5 4355 
        77.5           45         22.5 4356 
        72.5         32.5           25 4357 
          75         32.5         22.5 4358 
          75         37.5         27.5 4359 
        77.5         37.5           25 4360 
        72.5           35         27.5 4361 
        77.5           35         22.5 4362 
        72.5         22.5           25 4363 
          75         22.5         22.5 4364 
          75         27.5         27.5 4365 
        77.5         27.5           25 4366 
        72.5           25         27.5 4367 
        77.5           25         22.5 4368 
        72.5         12.5           25 4369 
          75         12.5         22.5 4370 
          75         17.5         27.5 4371 
        77.5         17.5           25 4372 
        72.5           15         27.5 4373 
        77.5           15         22.5 4374 
        77.5          2.5           25 4375 
        77.5            5         22.5 4376 
        72.5            5         27.5 4377 
        72.5          7.5           25 4378 
          75          2.5         27.5 4379 
          75          7.5         22.5 4380 
        77.5         92.5         32.5 4381 
          75         92.5           35 4382 
        77.5           95         37.5 4383 
          75         97.5         37.5 4384 
        72.5           95         32.5 4385 
        72.5         97.5           35 4386 
        72.5         82.5           35 4387 
          75         82.5         32.5 4388 
          75         87.5         37.5 4389 
        77.5         87.5           35 4390 
        72.5           85         37.5 4391 
        77.5           85         32.5 4392 
        72.5         72.5           35 4393 
          75         72.5         32.5 4394 
          75         77.5         37.5 4395 
        77.5         77.5           35 4396 
        72.5           75         37.5 4397 
        77.5           75         32.5 4398 
        72.5         62.5           35 4399 
          75         62.5         32.5 4400 
          75         67.5         37.5 4401 
        77.5         67.5           35 4402 
        72.5           65         37.5 4403 
        77.5           65         32.5 4404 
        72.5         52.5           35 4405 
          75         52.5         32.5 4406 
          75         57.5         37.5 4407 
        77.5         57.5           35 4408 
        72.5           55         37.5 4409 
        77.5           55         32.5 4410 
        72.5         42.5           35 4411 
          75         42.5         32.5 4412 
          75         47.5         37.5 4413 
        77.5         47.5           35 4414 
        72.5           45         37.5 4415 
        77.5           45         32.5 4416 
        72.5         32.5           35 4417 
          75         32.5         32.5 4418 
          75         37.5         37.5 4419 
        77.5         37.5           35 4420 
        72.5           35         37.5 4421 
        77.5           35         32.5 4422 
        72.5         22.5           35 4423 
          75         22.5         32.5 4424 
          75         27.5         37.5 4425 
        77.5         27.5           35 4426 
        72.5           25         37.5 4427 
        77.5           25         32.5 4428 
        72.5         12.5           35 4429 
          75         12.5         32.5 4430 
          75         17.5         37.5 4431 
        77.5         17.5           35 4432 
        72.5           15         37.5 4433 
        77.5           15         32.5 4434 
        77.5          2.5           35 4435 
        77.5            5         32.5 4436 
        72.5            5         37.5 4437 
        72.5          7.5           35 4438 
          75          2.5         37.5 4439 
          75          7.5         32.5 4440 
        77.5         92.5         42.5 4441 
          75         92.5           45 4442 
        77.5           95         47.5 4443 
          75         97.5         47.5 4444 
        72.5           95         42.5 4445 
        72.5         97.5           45 4446 
        72.5         82.5           45 4447 
          75         82.5         42.5 4448 
          75         87.5         47.5 4449 
        77.5         87.5           45 4450 
        72.5           85         47.5 4451 
        77.5           85         42.5 4452 
        72.5         72.5           45 4453 
          75         72.5         42.5 4454 
          75         77.5         47.5 4455 
        77.5         77.5           45 4456 
        72.5           75         47.5 4457 
        77.5           75         42.5 4458 
        72.5         62.5           45 4459 
          75         62.5         42.5 4460 
          75         67.5         47.5 4461 
        77.5         67.5           45 4462 
        72.5           65         47.5 4463 
        77.5           65         42.5 4464 
        72.5         52.5           45 4465 
          75         52.5         42.5 4466 
          75         57.5         47.5 4467 
        77.5         57.5           45 4468 
        72.5           55         47.5 4469 
        77.5           55         42.5 4470 
        72.5         42.5           45 4471 
          75         42.5         42.5 4472 
          75         47.5         47.5 4473 
        77.5         47.5           45 4474 
        72.5           45         47.5 4475 
        77.5           45         42.5 4476 
        72.5         32.5           45 4477 
          75         32.5         42.5 4478 
          75         37.5         47.5 4479 
        77.5         37.5           45 4480 
        72.5           35         47.5 4481 
        77.5           35         42.5 4482 
        72.5         22.5           45 4483 
          75         22.5         42.5 4484 
          75         27.5         47.5 4485 
        77.5         27.5           45 4486 
        72.5           25         47.5 4487 
        77.5           25         42.5 4488 
        72.5         12.5           45 4489 
          75         12.5         42.5 4490 
          75         17.5         47.5 4491 
        77.5         17.5           45 4492 
        72.5           15         47.5 4493 
        77.5           15         42.5 4494 
        77.5          2.5           45 4495 
        77.5            5         42.5 4496 
        72.5            5         47.5 4497 
        72.5          7.5           45 4498 
          75          2.5         47.5 4499 
          75          7.5         42.5 4500 
        77.5         92.5         52.5 4501 
          75         92.5           55 4502 
        77.5           95         57.5 4503 
          75         97.5         57.5 4504 
        72.5           95         52.5 4505 
        72.5         97.5           55 4506 
        72.5         82.5           55 4507 
          75         82.5         52.5 4508 
          75         87.5         57.5 4509 
        77.5         87.5           55 4510 
        72.5           85         57.5 4511 
        77.5           85         52.5 4512 
        72.5         72.5           55 4513 
          75         72.5         52.5 4514 
          75         77.5         57.5 4515 
        77.5         77.5           55 4516 
        72.5           75         57.5 4517 
        77.5           75         52.5 4518 
        72.5         62.5           55 4519 
          75         62.5         52.5 4520 
          75         67.5         57.5 4521 
        77.5         67.5           55 4522 
        72.5           65         57.5 4523 
        77.5           65         52.5 4524 
        72.5         52.5           55 4525 
          75         52.5         52.5 4526 
          75         57.5         57.5 4527 
        77.5         57.5           55 4528 
        72.5           55         57.5 4529 
        77.5           55         52.5 4530 
        72.5         42.5           55 4531 
          75         42.5         52.5 4532 
          75         47.5         57.5 4533 
        77.5         47.5           55 4534 
        72.5           45         57.5 4535 
        77.5           45         52.5 4536 
        72.5         32.5           55 4537 
          75         32.5         52.5 4538 
          75         37.5         57.5 4539 
        77.5         37.5           55 4540 
        72.5           35         57.5 4541 
        77.5           35         52.5 4542 
        72.5         22.5           55 4543 
          75         22.5         52.5 4544 
          75         27.5         57.5 4545 
        77.5         27.5           55 4546 
        72.5           25         57.5 4547 
        77.5           25         52.5 4548 
        72.5         12.5           55 4549 
          75         12.5         52.5 4550 
          75         17.5         57.5 4551 
        77.5         17.5           55 4552 
        72.5           15         57.5 4553 
        77.5           15         52.5 4554 
        77.5          2.5           55 4555 
        77.5            5         52.5 4556 
        72.5            5         57.5 4557 
        72.5          7.5           55 4558 
          75          2.5         57.5 4559 
          75          7.5         52.5 4560 
        77.5         92.5         62.5 4561 
          75         92.5           65 4562 
        77.5           95         67.5 4563 
          75         97.5         67.5 4564 
        72.5           95         62.5 4565 
        72.5         97.5           65 4566 
        72.5         82.5           65 4567 
          75         82.5         62.5 4568 
          75         87.5         67.5 4569 
        77.5         87.5           65 4570 
        72.5           85         67.5 4571 
        77.5           85         62.5 4572 
        72.5         72.5           65 4573 
          75         72.5         62.5 4574 
          75         77.5         67.5 4575 
        77.5         77.5           65 4576 
        72.5           75         67.5 4577 
        77.5           75         62.5 4578 
        72.5         62.5           65 4579 
          75         62.5         62.5 4580 
          75         67.5         67.5 4581 
        77.5         67.5           65 4582 
        72.5           65         67.5 4583 
        77.5           65         62.5 4584 
        72.5         52.5           65 4585 
          75         52.5         62.5 4586 
          75         57.5         67.5 4587 
        77.5         57.5           65 4588 
        72.5           55         67.5 4589 
        77.5           55         62.5 4590 
        72.5         42.5           65 4591 
          75         42.5         62.5 4592 
          75         47.5         67.5 4593 
        77.5         47.5           65 4594 
        72.5           45         67.5 4595 
        77.5           45         62.5 4596 
        72.5         32.5           65 4597 
          75         32.5         62.5 4598 
          75         37.5         67.5 4599 
        77.5         37.5           65 4600 
        72.5           35         67.5 4601 
        77.5           35         62.5 4602 
        72.5         22.5           65 4603 
          75         22.5         62.5 4604 
          75         27.5         67.5 4605 
        77.5         27.5           65 4606 
        72.5           25         67.5 4607 
        77.5           25         62.5 4608 
        72.5         12.5           65 4609 
          75         12.5         62.5 4610 
          75         17.5         67.5 4611 
        77.5         17.5           65 4612 
        72.5           15         67.5 4613 
        77.5           15         62.5 4614 
        77.5          2.5           65 4615 
        77.5            5         62.5 4616 
        72.5            5         67.5 4617 
        72.5          7.5           65 4618 
          75          2.5         67.5 4619 
          75          7.5         62.5 4620 
        77.5         92.5         72.5 4621 
          75         92.5           75 4622 
        77.5           95         77.5 4623 
          75         97.5         77.5 4624 
        72.5           95         72.5 4625 
        72.5         97.5           75 4626 
        72.5         82.5           75 4627 
          75         82.5         72.5 4628 
          75         87.5         77.5 4629 
        77.5         87.5           75 4630 
        72.5           85         77.5 4631 
        77.5           85         72.5 4632 
        72.5         72.5           75 4633 
          75         72.5         72.5 4634 
          75         77.5         77.5 4635 
        77.5         77.5           75 4636 
        72.5           75         77.5 4637 
        77.5           75         72.5 4638 
        72.5         62.5           75 4639 
          75         62.5         72.5 4640 
          75         67.5         77.5 4641 
        77.5         67.5           75 4642 
        72.5           65         77.5 4643 
        77.5           65         72.5 4644 
        72.5         52.5           75 4645 
          75         52.5         72.5 4646 
          75         57.5         77.5 4647 
        77.5         57.5           75 4648 
        72.5           55         77.5 4649 
        77.5           55         72.5 4650 
        72.5         42.5           75 4651 
          75         42.5         72.5 4652 
          75         47.5         77.5 4653 
        77.5         47.5           75 4654 
        72.5           45         77.5 4655 
        77.5           45         72.5 4656 
        72.5         32.5           75 4657 
          75         32.5         72.5 4658 
          75         37.5         77.5 4659 
        77.5         37.5           75 4660 
        72.5           35         77.5 4661 
        77.5           35         72.5 4662 
        72.5         22.5           75 4663 
          75         22.5         72.5 4664 
          75         27.5         77.5 4665 
        77.5         27.5           75 4666 
        72.5           25         77.5 4667 
        77.5           25         72.5 4668 
        72.5         12.5           75 4669 
          75         12.5         72.5 4670 
          75         17.5         77.5 4671 
        77.5         17.5           75 4672 
        72.5           15         77.5 4673 
        77.5           15         72.5 4674 
        77.5          2.5           75 4675 
        77.5            5         72.5 4676 
        72.5            5         77.5 4677 
        72.5          7.5           75 4678 
          75          2.5         77.5 4679 
          75          7.5         72.5 4680 
        77.5         92.5         82.5 4681 
          75         92.5           85 4682 
        77.5           95         87.5 4683 
          75         97.5         87.5 4684 
        72.5           95         82.5 4685 
        72.5         97.5           85 4686 
        72.5         82.5           85 4687 
          75         82.5         82.5 4688 
          75         87.5         87.5 4689 
        77.5         87.5           85 4690 
        72.5           85         87.5 4691 
        77.5           85         82.5 4692 
        72.5         72.5           85 4693 
          75         72.5         82.5 4694 
          75         77.5         87.5 4695 
        77.5         77.5           85 4696 
        72.5           75         87.5 4697 
        77.5           75         82.5 4698 
        72.5         62.5           85 4699 
          75         62.5         82.5 4700 
          75         67.5         87.5 4701 
        77.5         67.5           85 4702 
        72.5           65         87.5 4703 
        77.5           65         82.5 4704 
        72.5         52.5           85 4705 
          75         52.5         82.5 4706 
          75         57.5         87.5 4707 
        77.5         57.5           85 4708 
        72.5           55         87.5 4709 
        77.5           55         82.5 4710 
        72.5         42.5           85 4711 
          75         42.5         82.5 4712 
          75         47.5         87.5 4713 
        77.5         47.5           85 4714 
        72.5           45         87.5 4715 
        77.5           45         82.5 4716 
        72.5         32.5           85 4717 
          75         32.5         82.5 4718 
          75         37.5         87.5 4719 
        77.5         37.5           85 4720 
        72.5           35         87.5 4721 
        77.5           35         82.5 4722 
        72.5         22.5           85 4723 
          75         22.5         82.5 4724 
          75         27.5         87.5 4725 
        77.5         27.5           85 4726 
        72.5           25         87.5 4727 
        77.5           25         82.5 4728 
        72.5         12.5           85 4729 
          75         12.5         82.5 4730 
          75         17.5         87.5 4731 
        77.5         17.5           85 4732 
        72.5           15         87.5 4733 
        77.5           15         82.5 4734 
        77.5          2.5           85 4735 
        77.5            5         82.5 4736 
        72.5            5         87.5 4737 
        72.5          7.5           85 4738 
          75          2.5         87.5 4739 
          75          7.5         82.5 4740 
        77.5         92.5         97.5 4741 
          75         92.5           95 4742 
        72.5           95         97.5 4743 
        72.5         97.5           95 4744 
        77.5           95         92.5 4745 
          75         97.5         92.5 4746 
        77.5         87.5           95 4747 
          75         87.5         92.5 4748 
          75         82.5         97.5 4749 
        72.5         82.5           95 4750 
        77.5           85         97.5 4751 
        72.5           85         92.5 4752 
        77.5         77.5           95 4753 
          75         77.5         92.5 4754 
          75         72.5         97.5 4755 
        72.5         72.5           95 4756 
        77.5           75         97.5 4757 
        72.5           75         92.5 4758 
        77.5         67.5           95 4759 
          75         67.5         92.5 4760 
          75         62.5         97.5 4761 
        72.5         62.5           95 4762 
        77.5           65         97.5 4763 
        72.5           65         92.5 4764 
        77.5         57.5           95 4765 
          75         57.5         92.5 4766 
          75         52.5         97.5 4767 
        72.5         52.5           95 4768 
        77.5           55         97.5 4769 
        72.5           55         92.5 4770 
        77.5         47.5           95 4771 
          75         47.5         92.5 4772 
          75         42.5         97.5 4773 
        72.5         42.5           95 4774 
        77.5           45         97.5 4775 
        72.5           45         92.5 4776 
        77.5         37.5           95 4777 
          75         37.5         92.5 4778 
          75         32.5         97.5 4779 
        72.5         32.5           95 4780 
        77.5           35         97.5 4781 
        72.5           35         92.5 4782 
        77.5         27.5           95 4783 
          75         27.5         92.5 4784 
          75         22.5         97.5 4785 
        72.5         22.5           95 4786 
        77.5           25         97.5 4787 
        72.5           25         92.5 4788 
        77.5         17.5           95 4789 
          75         17.5         92.5 4790 
          75         12.5         97.5 4791 
        72.5         12.5           95 4792 
        77.5           15         97.5 4793 
        72.5           15         92.5 4794 
        72.5          7.5           95 4795 
        72.5            5         92.5 4796 
        77.5            5         97.5 4797 
        77.5          2.5           95 4798 
          75          7.5         97.5 4799 
          75          2.5         92.5 4800 
        87.5         92.5          2.5 4801 
          85         92.5            5 4802 
        87.5           95          7.5 4803 
          85         97.5          7.5 4804 
        82.5           95          2.5 4805 
        82.5         97.5            5 4806 
        82.5         82.5            5 4807 
          85         82.5          2.5 4808 
          85         87.5          7.5 4809 
        87.5         87.5            5 4810 
        82.5           85          7.5 4811 
        87.5           85          2.5 4812 
        82.5         72.5            5 4813 
          85         72.5          2.5 4814 
          85         77.5          7.5 4815 
        87.5         77.5            5 4816 
        82.5           75          7.5 4817 
        87.5           75          2.5 4818 
        82.5         62.5            5 4819 
          85         62.5          2.5 4820 
          85         67.5          7.5 4821 
        87.5         67.5            5 4822 
        82.5           65          7.5 4823 
        87.5           65          2.5 4824 
        82.5         52.5            5 4825 
          85         52.5          2.5 4826 
          85         57.5          7.5 4827 
        87.5         57.5            5 4828 
        82.5           55          7.5 4829 
        87.5           55          2.5 4830 
        82.5         42.5            5 4831 
          85         42.5          2.5 4832 
          85         47.5          7.5 4833 
        87.5         47.5            5 4834 
        82.5           45          7.5 4835 
        87.5           45          2.5 4836 
        82.5         32.5            5 4837 
          85         32.5          2.5 4838 
          85         37.5          7.5 4839 
        87.5         37.5            5 4840 
        82.5           35          7.5 4841 
        87.5           35          2.5 4842 
        82.5         22.5            5 4843 
          85         22.5          2.5 4844 
          85         27.5          7.5 4845 
        87.5         27.5            5 4846 
        82.5           25          7.5 4847 
        87.5           25          2.5 4848 
        82.5         12.5            5 4849 
          85         12.5          2.5 4850 
          85         17.5          7.5 4851 
        87.5         17.5            5 4852 
        82.5           15          7.5 4853 
        87.5           15          2.5 4854 
        87.5          2.5            5 4855 
        87.5            5          2.5 4856 
        82.5            5          7.5 4857 
        82.5          7.5            5 4858 
          85          2.5          7.5 4859 
          85          7.5          2.5 4860 
        87.5         92.5         12.5 4861 
          85         92.5           15 4862 
        87.5           95         17.5 4863 
          85         97.5         17.5 4864 
        82.5           95         12.5 4865 
        82.5         97.5           15 4866 
        82.5         82.5           15 4867 
          85         82.5         12.5 4868 
          85         87.5         17.5 4869 
        87.5         87.5           15 4870 
        82.5           85         17.5 4871 
        87.5           85         12.5 4872 
        82.5         72.5           15 4873 
          85         72.5         12.5 4874 
          85         77.5         17.5 4875 
        87.5         77.5           15 4876 
        82.5           75         17.5 4877 
        87.5           75         12.5 4878 
        82.5         62.5           15 4879 
          85         62.5         12.5 4880 
          85         67.5         17.5 4881 
        87.5         67.5           15 4882 
        82.5           65         17.5 4883 
        87.5           65         12.5 4884 
        82.5         52.5           15 4885 
          85         52.5         12.5 4886 
          85         57.5         17.5 4887 
        87.5         57.5           15 4888 
        82.5           55         17.5 4889 
        87.5           55         12.5 4890 
        82.5         42.5           15 4891 
          85         42.5         12.5 4892 
          85         47.5         17.5 4893 
        87.5         47.5           15 4894 
        82.5           45         17.5 4895 
        87.5           45         12.5 4896 
        82.5         32.5           15 4897 
          85         32.5         12.5 4898 
          85         37.5         17.5 4899 
        87.5         37.5           15 4900 
        82.5           35         17.5 4901 
        87.5           35         12.5 4902 
        82.5         22.5           15 4903 
          85         22.5         12.5 4904 
          85         27.5         17.5 4905 
        87.5         27.5           15 4906 
        82.5           25         17.5 4907 
        87.5           25         12.5 4908 
        82.5         12.5           15 4909 
          85         12.5         12.5 4910 
          85         17.5         17.5 4911 
        87.5         17.5           15 4912 
        82.5           15         17.5 4913 
        87.5           15         12.5 4914 
        87.5          2.5           15 4915 
        87.5            5         12.5 4916 
        82.5            5         17.5 4917 
        82.5          7.5           15 4918 
          85          2.5         17.5 4919 
          85          7.5         12.5 4920 
        87.5         92.5         22.5 4921 
          85         92.5           25 4922 
        87.5           95         27.5 4923 
          85         97.5         27.5 4924 
        82.5           95         22.5 4925 
        82.5         97.5           25 4926 
        82.5         82.5           25 4927 
          85         82.5         22.5 4928 
          85         87.5         27.5 4929 
        87.5         87.5           25 4930 
        82.5           85         27.5 4931 
        87.5           85         22.5 4932 
        82.5         72.5           25 4933 
          85         72.5         22.5 4934 
          85         77.5         27.5 4935 
        87.5         77.5           25 4936 
        82.5           75         27.5 4937 
        87.5           75         22.5 4938 
        82.5         62.5           25 4939 
          85         62.5         22.5 4940 
          85         67.5         27.5 4941 
        87.5         67.5           25 4942 
        82.5           65         27.5 4943 
        87.5           65         22.5 4944 
        82.5         52.5           25 4945 
          85         52.5         22.5 4946 
          85         57.5         27.5 4947 
        87.5         57.5           25 4948 
        82.5           55         27.5 4949 
        87.5           55         22.5 4950 
        82.5         42.5           25 4951 
          85         42.5         22.5 4952 
          85         47.5         27.5 4953 
        87.5         47.5           25 4954 
        82.5           45         27.5 4955 
        87.5           45         22.5 4956 
        82.5         32.5           25 4957 
          85         32.5         22.5 4958 
          85         37.5         27.5 4959 
        87.5         37.5           25 4960 
        82.5           35         27.5 4961 
        87.5           35         22.5 4962 
        82.5         22.5           25 4963 
          85         22.5         22.5 4964 
          85         27.5         27.5 4965 
        87.5         27.5           25 4966 
        82.5           25         27.5 4967 
        87.5           25         22.5 4968 
        82.5         12.5           25 4969 
          85         12.5         22.5 4970 
          85         17.5         27.5 4971 
        87.5         17.5           25 4972 
        82.5           15         27.5 4973 
        87.5           15         22.5 4974 
        87.5          2.5           25 4975 
        87.5            5         22.5 4976 
        82.5            5         27.5 4977 
        82.5          7.5           25 4978 
          85          2.5         27.5 4979 
          85          7.5         22.5 4980 
        87.5         92.5         32.5 4981 
          85         92.5           35 4982 
        87.5           95         37.5 4983 
          85         97.5         37.5 4984 
        82.5           95         32.5 4985 
        82.5         97.5           35 4986 
        82.5         82.5           35 4987 
          85         82.5         32.5 4988 
          85         87.5         37.5 4989 
        87.5         87.5           35 4990 
        82.5           85         37.5 4991 
        87.5           85         32.5 4992 
        82.5         72.5           35 4993 
          85         72.5         32.5 4994 
          85         77.5         37.5 4995 
        87.5         77.5           35 4996 
        82.5           75         37.5 4997 
        87.5           75         32.5 4998 
        82.5         62.5           35 4999 
          85         62.5         32.5 5000 
          85         67.5         37.5 5001 
        87.5         67.5           35 5002 
        82.5           65         37.5 5003 
        87.5           65         32.5 5004 
        82.5         52.5           35 5005 
          85         52.5         32.5 5006 
          85         57.5         37.5 5007 
        87.5         57.5           35 5008 
        82.5           55         37.5 5009 
        87.5           55         32.5 5010 
        82.5         42.5           35 5011 
          85         42.5         32.5 5012 
          85         47.5         37.5 5013 
        87.5         47.5           35 5014 
        82.5           45         37.5 5015 
        87.5           45         32.5 5016 
        82.5         32.5           35 5017 
          85         32.5         32.5 5018 
          85         37.5         37.5 5019 
        87.5         37.5           35 5020 
        82.5           35         37.5 5021 
        87.5           35         32.5 5022 
        82.5         22.5           35 5023 
          85         22.5         32.5 5024 
          85         27.5         37.5 5025 
        87.5         27.5           35 5026 
        82.5           25         37.5 5027 
        87.5           25         32.5 5028 
        82.5         12.5           35 5029 
          85         12.5         32.5 5030 
          85         17.5         37.5 5031 
        87.5         17.5           35 5032 
        82.5           15         37.5 5033 
        87.5           15         32.5 5034 
        87.5          2.5           35 5035 
        87.5            5         32.5 5036 
        82.5            5         37.5 5037 
        82.5          7.5           35 5038 
          85          2.5         37.5 5039 
          85          7.5         32.5 5040 
        87.5         92.5         42.5 5041 
          85         92.5           45 5042 
        87.5           95         47.5 5043 
          85         97.5         47.5 5044 
        82.5           95         42.5 5045 
        82.5         97.5           45 5046 
        82.5         82.5           45 5047 
          85         82.5         42.5 5048 
          85         87.5         47.5 5049 
        87.5         87.5           45 5050 
        82.5           85         47.5 5051 
        87.5           85         42.5 5052 
        82.5         72.5           45 5053 
          85         72.5         42.5 5054 
          85         77.5         47.5 5055 
        87.5         77.5           45 5056 
        82.5           75         47.5 5057 
        87.5           75         42.5 5058 
        82.5         62.5           45 5059 
          85         62.5         42.5 5060 
          85         67.5         47.5 5061 
        87.5         67.5           45 5062 
        82.5           65         47.5 5063 
        87.5           65         42.5 5064 
        82.5         52.5           45 5065 
          85         52.5         42.5 5066 
          85         57.5         47.5 5067 
        87.5         57.5           45 5068 
        82.5           55         47.5 5069 
        87.5           55         42.5 5070 
        82.5         42.5           45 5071 
          85         42.5         42.5 5072 
          85         47.5         47.5 5073 
        87.5         47.5           45 5074 
        82.5           45         47.5 5075 
        87.5           45         42.5 5076 
        82.5         32.5           45 5077 
          85         32.5         42.5 5078 
          85         37.5         47.5 5079 
        87.5         37.5           45 5080 
        82.5           35         47.5 5081 
        87.5           35         42.5 5082 
        82.5         22.5           45 5083 
          85         22.5         42.5 5084 
          85         27.5         47.5 5085 
        87.5         27.5           45 5086 
        82.5           25         47.5 5087 
        87.5           25         42.5 5088 
        82.5         12.5           45 5089 
          85         12.5         42.5 5090 
          85         17.5         47.5 5091 
        87.5         17.5           45 5092 
        82.5           15         47.5 5093 
        87.5           15         42.5 5094 
        87.5          2.5           45 5095 
        87.5            5         42.5 5096 
        82.5            5         47.5 5097 
        82.5          7.5           45 5098 
          85          2.5         47.5 5099 
          85          7.5         42.5 5100 
        87.5         92.5         52.5 5101 
          85         92.5           55 5102 
        87.5           95         57.5 5103 
          85         97.5         57.5 5104 
        82.5           95         52.5 5105 
        82.5         97.5           55 5106 
        82.5         82.5           55 5107 
          85         82.5         52.5 5108 
          85         87.5         57.5 5109 
        87.5         87.5           55 5110 
        82.5           85         57.5 5111 
        87.5           85         52.5 5112 
        82.5         72.5           55 5113 
          85         72.5         52.5 5114 
          85         77.5         57.5 5115 
        87.5         77.5           55 5116 
        82.5           75         57.5 5117 
        87.5           75         52.5 5118 
        82.5         62.5           55 5119 
          85         62.5         52.5 5120 
          85         67.5         57.5 5121 
        87.5         67.5           55 5122 
        82.5           65         57.5 5123 
        87.5           65         52.5 5124 
        82.5         52.5           55 5125 
          85         52.5         52.5 5126 
          85         57.5         57.5 5127 
        87.5         57.5           55 5128 
        82.5           55         57.5 5129 
        87.5           55         52.5 5130 
        82.5         42.5           55 5131 
          85         42.5         52.5 5132 
          85         47.5         57.5 5133 
        87.5         47.5           55 5134 
        82.5           45         57.5 5135 
        87.5           45         52.5 5136 
        82.5         32.5           55 5137 
          85         32.5         52.5 5138 
          85         37.5         57.5 5139 
        87.5         37.5           55 5140 
        82.5           35         57.5 5141 
        87.5           35         52.5 5142 
        82.5         22.5           55 5143 
          85         22.5         52.5 5144 
          85         27.5         57.5 5145 
        87.5         27.5           55 5146 
        82.5           25         57.5 5147 
        87.5           25         52.5 5148 
        82.5         12.5           55 5149 
          85         12.5         52.5 5150 
          85         17.5         57.5 5151 
        87.5         17.5           55 5152 
        82.5           15         57.5 5153 
        87.5           15         52.5 5154 
        87.5          2.5           55 5155 
        87.5            5         52.5 5156 
        82.5            5         57.5 5157 
        82.5          7.5           55 5158 
          85          2.5         57.5 5159 
          85          7.5         52.5 5160 
        87.5         92.5         62.5 5161 
          85         92.5           65 5162 
        87.5           95         67.5 5163 
          85         97.5         67.5 5164 
        82.5           95         62.5 5165 
        82.5         97.5           65 5166 
        82.5         82.5           65 5167 
          85         82.5         62.5 5168 
          85         87.5         67.5 5169 
        87.5         87.5           65 5170 
        82.5           85         67.5 5171 
        87.5           85         62.5 5172 
        82.5         72.5           65 5173 
          85         72.5         62.5 5174 
          85         77.5         67.5 5175 
        87.5         77.5           65 5176 
        82.5           75         67.5 5177 
        87.5           75         62.5 5178 
        82.5         62.5           65 5179 
          85         62.5         62.5 5180 
          85         67.5         67.5 5181 
        87.5         67.5           65 5182 
        82.5           65         67.5 5183 
        87.5           65         62.5 5184 
        82.5         52.5           65 5185 
          85         52.5         62.5 5186 
          85         57.5         67.5 5187 
        87.5         57.5           65 5188 
        82.5           55         67.5 5189 
        87.5           55         62.5 5190 
        82.5         42.5           65 5191 
          85         42.5         62.5 5192 
          85         47.5         67.5 5193 
        87.5         47.5           65 5194 
        82.5           45         67.5 5195 
        87.5           45         62.5 5196 
        82.5         32.5           65 5197 
          85         32.5         62.5 5198 
          85         37.5         67.5 5199 
        87.5         37.5           65 5200 
        82.5           35         67.5 5201 
        87.5           35         62.5 5202 
        82.5         22.5           65 5203 
          85         22.5         62.5 5204 
          85         27.5         67.5 5205 
        87.5         27.5           65 5206 
        82.5           25         67.5 5207 
        87.5           25         62.5 5208 
        82.5         12.5           65 5209 
          85         12.5         62.5 5210 
          85         17.5         67.5 5211 
        87.5         17.5           65 5212 
        82.5           15         67.5 5213 
        87.5           15         62.5 5214 
        87.5          2.5           65 5215 
        87.5            5         62.5 5216 
        82.5            5         67.5 5217 
        82.5          7.5           65 5218 
          85          2.5         67.5 5219 
          85          7.5         62.5 5220 
        87.5         92.5         72.5 5221 
          85         92.5           75 5222 
        87.5           95         77.5 5223 
          85         97.5         77.5 5224 
        82.5           95         72.5 5225 
        82.5         97.5           75 5226 
        82.5         82.5           75 5227 
          85         82.5         72.5 5228 
          85         87.5         77.5 5229 
        87.5         87.5           75 5230 
        82.5           85         77.5 5231 
        87.5           85         72.5 5232 
        82.5         72.5           75 5233 
          85         72.5         72.5 5234 
          85         77.5         77.5 5235 
        87.5         77.5           75 5236 
        82.5           75         77.5 5237 
        87.5           75         72.5 5238 
        82.5         62.5           75 5239 
          85         62.5         72.5 5240 
          85         67.5         77.5 5241 
        87.5         67.5           75 5242 
        82.5           65         77.5 5243 
        87.5           65         72.5 5244 
        82.5         52.5           75 5245 
          85         52.5         72.5 5246 
          85         57.5         77.5 5247 
        87.5         57.5           75 5248 
        82.5           55         77.5 5249 
        87.5           55         72.5 5250 
        82.5         42.5           75 5251 
          85         42.5         72.5 5252 
          85         47.5         77.5 5253 
        87.5         47.5           75 5254 
        82.5           45         77.5 5255 
        87.5           45         72.5 5256 
        82.5         32.5           75 5257 
          85         32.5         72.5 5258 
          85         37.5         77.5 5259 
        87.5         37.5           75 5260 
        82.5           35         77.5 5261 
        87.5           35         72.5 5262 
        82.5         22.5           75 5263 
          85         22.5         72.5 5264 
          85         27.5         77.5 5265 
        87.5         27.5           75 5266 
        82.5           25         77.5 5267 
        87.5           25         72.5 5268 
        82.5         12.5           75 5269 
          85         12.5         72.5 5270 
          85         17.5         77.5 5271 
        87.5         17.5           75 5272 
        82.5           15         77.5 5273 
        87.5           15         72.5 5274 
        87.5          2.5           75 5275 
        87.5            5         72.5 5276 
        82.5            5         77.5 5277 
        82.5          7.5           75 5278 
          85          2.5         77.5 5279 
          85          7.5         72.5 5280 
        87.5         92.5         82.5 5281 
          85         92.5           85 5282 
        87.5           95         87.5 5283 
          85         97.5         87.5 5284 
        82.5           95         82.5 5285 
        82.5         97.5           85 5286 
        82.5         82.5           85 5287 
          85         82.5         82.5 5288 
          85         87.5         87.5 5289 
        87.5         87.5           85 5290 
        82.5           85         87.5 5291 
        87.5           85         82.5 5292 
        82.5         72.5           85 5293 
          85         72.5         82.5 5294 
          85         77.5         87.5 5295 
        87.5         77.5           85 5296 
        82.5           75         87.5 5297 
        87.5           75         82.5 5298 
        82.5         62.5           85 5299 
          85         62.5         82.5 5300 
          85         67.5         87.5 5301 
        87.5         67.5           85 5302 
        82.5           65         87.5 5303 
        87.5           65         82.5 5304 
        82.5         52.5           85 5305 
          85         52.5         82.5 5306 
          85         57.5         87.5 5307 
        87.5         57.5           85 5308 
        82.5           55         87.5 5309 
        87.5           55         82.5 5310 
        82.5         42.5           85 5311 
          85         42.5         82.5 5312 
          85         47.5         87.5 5313 
        87.5         47.5           85 5314 
        82.5           45         87.5 5315 
        87.5           45         82.5 5316 
        82.5         32.5           85 5317 
          85         32.5         82.5 5318 
          85         37.5         87.5 5319 
        87.5         37.5           85 5320 
        82.5           35         87.5 5321 
        87.5           35         82.5 5322 
        82.5         22.5           85 5323 
          85         22.5         82.5 5324 
          85         27.5         87.5 5325 
        87.5         27.5           85 5326 
        82.5           25         87.5 5327 
        87.5           25         82.5 5328 
        82.5         12.5           85 5329 
          85         12.5         82.5 5330 
          85         17.5         87.5 5331 
        87.5         17.5           85 5332 
        82.5           15         87.5 5333 
        87.5           15         82.5 5334 
        87.5          2.5           85 5335 
        87.5            5         82.5 5336 
        82.5            5         87.5 5337 
        82.5          7.5           85 5338 
          85          2.5         87.5 5339 
          85          7.5         82.5 5340 
        87.5         92.5         97.5 5341 
          85         92.5           95 5342 
        82.5           95         97.5 5343 
        82.5         97.5           95 5344 
        87.5           95         92.5 5345 
          85         97.5         92.5 5346 
        87.5         87.5           95 5347 
          85         87.5         92.5 5348 
          85         82.5         97.5 5349 
        82.5         82.5           95 5350 
        87.5           85         97.5 5351 
        82.5           85         92.5 5352 
        87.5         77.5           95 5353 
          85         77.5         92.5 5354 
          85         72.5         97.5 5355 
        82.5         72.5           95 5356 
        87.5           75         97.5 5357 
        82.5           75         92.5 5358 
        87.5         67.5           95 5359 
          85         67.5         92.5 5360 
          85         62.5         97.5 5361 
        82.5         62.5           95 5362 
        87.5           65         97.5 5363 
        82.5           65         92.5 5364 
        87.5         57.5           95 5365 
          85         57.5         92.5 5366 
          85         52.5         97.5 5367 
        82.5         52.5           95 5368 
        87.5           55         97.5 5369 
        82.5           55         92.5 5370 
        87.5         47.5           95 5371 
          85         47.5         92.5 5372 
          85         42.5         97.5 5373 
        82.5         42.5           95 5374 
        87.5           45         97.5 5375 
        82.5           45         92.5 5376 
        87.5         37.5           95 5377 
          85         37.5         92.5 5378 
          85         32.5         97.5 5379 
        82.5         32.5           95 5380 
        87.5           35         97.5 5381 
        82.5           35         92.5 5382 
        87.5         27.5           95 5383 
          85         27.5         92.5 5384 
          85         22.5         97.5 5385 
        82.5         22.5           95 5386 
        87.5           25         97.5 5387 
        82.5           25         92.5 5388 
        87.5         17.5           95 5389 
          85         17.5         92.5 5390 
          85         12.5         97.5 5391 
        82.5         12.5           95 5392 
        87.5           15         97.5 5393 
        82.5           15         92.5 5394 
        82.5          7.5           95 5395 
        82.5            5         92.5 5396 
        87.5            5         97.5 5397 
        87.5          2.5           95 5398 
          85          7.5         97.5 5399 
          85          2.5         92.5 5400 
        92.5         97.5            5 5401 
        92.5           95          2.5 5402 
        97.5           95          7.5 5403 
        97.5         92.5            5 5404 
          95         97.5          7.5 5405 
          95         92.5          2.5 5406 
        92.5         82.5          2.5 5407 
        92.5           85            5 5408 
          95         82.5          7.5 5409 
        97.5           85          7.5 5410 
          95         87.5          2.5 5411 
        97.5         87.5            5 5412 
        92.5         72.5          2.5 5413 
        92.5           75            5 5414 
          95         72.5          7.5 5415 
        97.5           75          7.5 5416 
          95         77.5          2.5 5417 
        97.5         77.5            5 5418 
        92.5         62.5          2.5 5419 
        92.5           65            5 5420 
          95         62.5          7.5 5421 
        97.5           65          7.5 5422 
          95         67.5          2.5 5423 
        97.5         67.5            5 5424 
        92.5         52.5          2.5 5425 
        92.5           55            5 5426 
          95         52.5          7.5 5427 
        97.5           55          7.5 5428 
          95         57.5          2.5 5429 
        97.5         57.5            5 5430 
        92.5         42.5          2.5 5431 
        92.5           45            5 5432 
          95         42.5          7.5 5433 
        97.5           45          7.5 5434 
          95         47.5          2.5 5435 
        97.5         47.5            5 5436 
        92.5         32.5          2.5 5437 
        92.5           35            5 5438 
          95         32.5          7.5 5439 
        97.5           35          7.5 5440 
          95         37.5          2.5 5441 
        97.5         37.5            5 5442 
        92.5         22.5          2.5 5443 
        92.5           25            5 5444 
          95         22.5          7.5 5445 
        97.5           25          7.5 5446 
          95         27.5          2.5 5447 
        97.5         27.5            5 5448 
        92.5         12.5          2.5 5449 
        92.5           15            5 5450 
          95         12.5          7.5 5451 
        97.5           15          7.5 5452 
          95         17.5          2.5 5453 
        97.5         17.5            5 5454 
        97.5          7.5            5 5455 
          95          7.5          2.5 5456 
          95          2.5          7.5 5457 
        92.5          2.5            5 5458 
        97.5            5          7.5 5459 
        92.5            5          2.5 5460 
        92.5         97.5           15 5461 
        92.5           95         12.5 5462 
        97.5           95         17.5 5463 
        97.5         92.5           15 5464 
          95         97.5         17.5 5465 
          95         92.5         12.5 5466 
        92.5         82.5         12.5 5467 
        92.5           85           15 5468 
          95         82.5         17.5 5469 
        97.5           85         17.5 5470 
          95         87.5         12.5 5471 
        97.5         87.5           15 5472 
        92.5         72.5         12.5 5473 
        92.5           75           15 5474 
          95         72.5         17.5 5475 
        97.5           75         17.5 5476 
          95         77.5         12.5 5477 
        97.5         77.5           15 5478 
        92.5         62.5         12.5 5479 
        92.5           65           15 5480 
          95         62.5         17.5 5481 
        97.5           65         17.5 5482 
          95         67.5         12.5 5483 
        97.5         67.5           15 5484 
        92.5         52.5         12.5 5485 
        92.5           55           15 5486 
          95         52.5         17.5 5487 
        97.5           55         17.5 5488 
          95         57.5         12.5 5489 
        97.5         57.5           15 5490 
        92.5         42.5         12.5 5491 
        92.5           45           15 5492 
          95         42.5         17.5 5493 
        97.5           45         17.5 5494 
          95         47.5         12.5 5495 
        97.5         47.5           15 5496 
        92.5         32.5         12.5 5497 
        92.5           35           15 5498 
          95         32.5         17.5 5499 
        97.5           35         17.5 5500 
          95         37.5         12.5 5501 
        97.5         37.5           15 5502 
        92.5         22.5         12.5 5503 
        92.5           25           15 5504 
          95         22.5         17.5 5505 
        97.5           25         17.5 5506 
          95         27.5         12.5 5507 
        97.5         27.5           15 5508 
        92.5         12.5         12.5 5509 
        92.5           15           15 5510 
          95         12.5         17.5 5511 
        97.5           15         17.5 5512 
          95         17.5         12.5 5513 
        97.5         17.5           15 5514 
        97.5          7.5           15 5515 
          95          7.5         12.5 5516 
          95          2.5         17.5 5517 
        92.5          2.5           15 5518 
        97.5            5         17.5 5519 
        92.5            5         12.5 5520 
        92.5         97.5           25 5521 
        92.5           95         22.5 5522 
        97.5           95         27.5 5523 
        97.5         92.5           25 5524 
          95         97.5         27.5 5525 
          95         92.5         22.5 5526 
        92.5         82.5         22.5 5527 
        92.5           85           25 5528 
          95         82.5         27.5 5529 
        97.5           85         27.5 5530 
          95         87.5         22.5 5531 
        97.5         87.5           25 5532 
        92.5         72.5         22.5 5533 
        92.5           75           25 5534 
          95         72.5         27.5 5535 
        97.5           75         27.5 5536 
          95         77.5         22.5 5537 
        97.5         77.5           25 5538 
        92.5         62.5         22.5 5539 
        92.5           65           25 5540 
          95         62.5         27.5 5541 
        97.5           65         27.5 5542 
          95         67.5         22.5 5543 
        97.5         67.5           25 5544 
        92.5         52.5         22.5 5545 
        92.5           55           25 5546 
          95         52.5         27.5 5547 
        97.5           55         27.5 5548 
          95         57.5         22.5 5549 
        97.5         57.5           25 5550 
        92.5         42.5         22.5 5551 
        92.5           45           25 5552 
          95         42.5         27.5 5553 
        97.5           45         27.5 5554 
          95         47.5         22.5 5555 
        97.5         47.5           25 5556 
        92.5         32.5         22.5 5557 
        92.5           35           25 5558 
          95         32.5         27.5 5559 
        97.5           35         27.5 5560 
          95         37.5         22.5 5561 
        97.5         37.5           25 5562 
        92.5         22.5         22.5 5563 
        92.5           25           25 5564 
          95         22.5         27.5 5565 
        97.5           25         27.5 5566 
          95         27.5         22.5 5567 
        97.5         27.5           25 5568 
        92.5         12.5         22.5 5569 
        92.5           15           25 5570 
          95         12.5         27.5 5571 
        97.5           15         27.5 5572 
          95         17.5         22.5 5573 
        97.5         17.5           25 5574 
        97.5          7.5           25 5575 
          95          7.5         22.5 5576 
          95          2.5         27.5 5577 
        92.5          2.5           25 5578 
        97.5            5         27.5 5579 
        92.5            5         22.5 5580 
        92.5         97.5           35 5581 
        92.5           95         32.5 5582 
        97.5           95         37.5 5583 
        97.5         92.5           35 5584 
          95         97.5         37.5 5585 
          95         92.5         32.5 5586 
        92.5         82.5         32.5 5587 
        92.5           85           35 5588 
          95         82.5         37.5 5589 
        97.5           85         37.5 5590 
          95         87.5         32.5 5591 
        97.5         87.5           35 5592 
        92.5         72.5         32.5 5593 
        92.5           75           35 5594 
          95         72.5         37.5 5595 
        97.5           75         37.5 5596 
          95         77.5         32.5 5597 
        97.5         77.5           35 5598 
        92.5         62.5         32.5 5599 
        92.5           65           35 5600 
          95         62.5         37.5 5601 
        97.5           65         37.5 5602 
          95         67.5         32.5 5603 
        97.5         67.5           35 5604 
        92.5         52.5         32.5 5605 
        92.5           55           35 5606 
          95         52.5         37.5 5607 
        97.5           55         37.5 5608 
          95         57.5         32.5 5609 
        97.5         57.5           35 5610 
        92.5         42.5         32.5 5611 
        92.5           45           35 5612 
          95         42.5         37.5 5613 
        97.5           45         37.5 5614 
          95         47.5         32.5 5615 
        97.5         47.5           35 5616 
        92.5         32.5         32.5 5617 
        92.5           35           35 5618 
          95         32.5         37.5 5619 
        97.5           35         37.5 5620 
          95         37.5         32.5 5621 
        97.5         37.5           35 5622 
        92.5         22.5         32.5 5623 
        92.5           25           35 5624 
          95         22.5         37.5 5625 
        97.5           25         37.5 5626 
          95         27.5         32.5 5627 
        97.5         27.5           35 5628 
        92.5         12.5         32.5 5629 
        92.5           15           35 5630 
          95         12.5         37.5 5631 
        97.5           15         37.5 5632 
          95         17.5         32.5 5633 
        97.5         17.5           35 5634 
        97.5          7.5           35 5635 
          95          7.5         32.5 5636 
          95          2.5         37.5 5637 
        92.5          2.5           35 5638 
        97.5            5         37.5 5639 
        92.5            5         32.5 5640 
        92.5         97.5           45 5641 
        92.5           95         42.5 5642 
        97.5           95         47.5 5643 
        97.5         92.5           45 5644 
          95         97.5         47.5 5645 
          95         92.5         42.5 5646 
        92.5         82.5         42.5 5647 
        92.5           85           45 5648 
          95         82.5         47.5 5649 
        97.5           85         47.5 5650 
          95         87.5         42.5 5651 
        97.5         87.5           45 5652 
        92.5         72.5         42.5 5653 
        92.5           75           45 5654 
          95         72.5         47.5 5655 
        97.5           75         47.5 5656 
          95         77.5         42.5 5657 
        97.5         77.5           45 5658 
        92.5         62.5         42.5 5659 
        92.5           65           45 5660 
          95         62.5         47.5 5661 
        97.5           65         47.5 5662 
          95         67.5         42.5 5663 
        97.5         67.5           45 5664 
        92.5         52.5         42.5 5665 
        92.5           55           45 5666 
          95         52.5         47.5 5667 
        97.5           55         47.5 5668 
          95         57.5         42.5 5669 
        97.5         57.5           45 5670 
        92.5         42.5         42.5 5671 
        92.5           45           45 5672 
          95         42.5         47.5 5673 
        97.5           45         47.5 5674 
          95         47.5         42.5 5675 
        97.5         47.5           45 5676 
        92.5         32.5         42.5 5677 
        92.5           35           45 5678 
          95         32.5         47.5 5679 
        97.5           35         47.5 5680 
          95         37.5         42.5 5681 
        97.5         37.5           45 5682 
        92.5         22.5         42.5 5683 
        92.5           25           45 5684 
          95         22.5         47.5 5685 
        97.5           25         47.5 5686 
          95         27.5         42.5 5687 
        97.5         27.5           45 5688 
        92.5         12.5         42.5 5689 
        92.5           15           45 5690 
          95         12.5         47.5 5691 
        97.5           15         47.5 5692 
          95         17.5         42.5 5693 
        97.5         17.5           45 5694 
        97.5          7.5           45 5695 
          95          7.5         42.5 5696 
          95          2.5         47.5 5697 
        92.5          2.5           45 5698 
        97.5            5         47.5 5699 
        92.5            5         42.5 5700 
        92.5         97.5           55 5701 
        92.5           95         52.5 5702 
        97.5           95         57.5 5703 
        97.5         92.5           55 5704 
          95         97.5         57.5 5705 
          95         92.5         52.5 5706 
        92.5         82.5         52.5 5707 
        92.5           85           55 5708 
          95         82.5         57.5 5709 
        97.5           85         57.5 5710 
          95         87.5         52.5 5711 
        97.5         87.5           55 5712 
        92.5         72.5         52.5 5713 
        92.5           75           55 5714 
          95         72.5         57.5 5715 
        97.5           75         57.5 5716 
          95         77.5         52.5 5717 
        97.5         77.5           55 5718 
        92.5         62.5         52.5 5719 
        92.5           65           55 5720 
          95         62.5         57.5 5721 
        97.5           65         57.5 5722 
          95         67.5         52.5 5723 
        97.5         67.5           55 5724 
        92.5         52.5         52.5 5725 
        92.5           55           55 5726 
          95         52.5         57.5 5727 
        97.5           55         57.5 5728 
          95         57.5         52.5 5729 
        97.5         57.5           55 5730 
        92.5         42.5         52.5 5731 
        92.5           45           55 5732 
          95         42.5         57.5 5733 
        97.5           45         57.5 5734 
          95         47.5         52.5 5735 
        97.5         47.5           55 5736 
        92.5         32.5         52.5 5737 
        92.5           35           55 5738 
          95         32.5         57.5 5739 
        97.5           35         57.5 5740 
          95         37.5         52.5 5741 
        97.5         37.5           55 5742 
        92.5         22.5         52.5 5743 
        92.5           25           55 5744 
          95         22.5         57.5 5745 
        97.5           25         57.5 5746 
          95         27.5         52.5 5747 
        97.5         27.5           55 5748 
        92.5         12.5         52.5 5749 
        92.5           15           55 5750 
          95         12.5         57.5 5751 
        97.5           15         57.5 5752 
          95         17.5         52.5 5753 
        97.5         17.5           55 5754 
        97.5          7.5           55 5755 
          95          7.5         52.5 5756 
          95          2.5         57.5 5757 
        92.5          2.5           55 5758 
        97.5            5         57.5 5759 
        92.5            5         52.5 5760 
        92.5         97.5           65 5761 
        92.5           95         62.5 5762 
        97.5           95         67.5 5763 
        97.5         92.5           65 5764 
          95         97.5         67.5 5765 
          95         92.5         62.5 5766 
        92.5         82.5         62.5 5767 
        92.5           85           65 5768 
          95         82.5         67.5 5769 
        97.5           85         67.5 5770 
          95         87.5         62.5 5771 
        97.5         87.5           65 5772 
        92.5         72.5         62.5 5773 
        92.5           75           65 5774 
          95         72.5         67.5 5775 
        97.5           75         67.5 5776 
          95         77.5         62.5 5777 
        97.5         77.5           65 5778 
        92.5         62.5         62.5 5779 
        92.5           65           65 5780 
          95         62.5         67.5 5781 
        97.5           65         67.5 5782 
          95         67.5         62.5 5783 
        97.5         67.5           65 5784 
        92.5         52.5         62.5 5785 
        92.5           55           65 5786 
          95         52.5         67.5 5787 
        97.5           55         67.5 5788 
          95         57.5         62.5 5789 
        97.5         57.5           65 5790 
        92.5         42.5         62.5 5791 
        92.5           45           65 5792 
          95         42.5         67.5 5793 
        97.5           45         67.5 5794 
          95         47.5         62.5 5795 
        97.5         47.5           65 5796 
        92.5         32.5         62.5 5797 
        92.5           35           65 5798 
          95         32.5         67.5 5799 
        97.5           35         67.5 5800 
          95         37.5         62.5 5801 
        97.5         37.5           65 5802 
        92.5         22.5         62.5 5803 
        92.5           25           65 5804 
          95         22.5         67.5 5805 
        97.5           25         67.5 5806 
          95         27.5         62.5 5807 
        97.5         27.5           65 5808 
        92.5         12.5         62.5 5809 
        92.5           15           65 5810 
          95         12.5         67.5 5811 
        97.5           15         67.5 5812 
          95         17.5         62.5 5813 
        97.5         17.5           65 5814 
        97.5          7.5           65 5815 
          95          7.5         62.5 5816 
          95          2.5         67.5 5817 
        92.5          2.5           65 5818 
        97.5            5         67.5 5819 
        92.5            5         62.5 5820 
        92.5         97.5           75 5821 
        92.5           95         72.5 5822 
        97.5           95         77.5 5823 
        97.5         92.5           75 5824 
          95         97.5         77.5 5825 
          95         92.5         72.5 5826 
        92.5         82.5         72.5 5827 
        92.5           85           75 5828 
          95         82.5         77.5 5829 
        97.5           85         77.5 5830 
          95         87.5         72.5 5831 
        97.5         87.5           75 5832 
        92.5         72.5         72.5 5833 
        92.5           75           75 5834 
          95         72.5         77.5 5835 
        97.5           75         77.5 5836 
          95         77.5         72.5 5837 
        97.5         77.5           75 5838 
        92.5         62.5         72.5 5839 
        92.5           65           75 5840 
          95         62.5         77.5 5841 
        97.5           65         77.5 5842 
          95         67.5         72.5 5843 
        97.5         67.5           75 5844 
        92.5         52.5         72.5 5845 
        92.5           55           75 5846 
          95         52.5         77.5 5847 
        97.5           55         77.5 5848 
          95         57.5         72.5 5849 
        97.5         57.5           75 5850 
        92.5         42.5         72.5 5851 
        92.5           45           75 5852 
          95         42.5         77.5 5853 
        97.5           45         77.5 5854 
          95         47.5         72.5 5855 
        97.5         47.5           75 5856 
        92.5         32.5         72.5 5857 
        92.5           35           75 5858 
          95         32.5         77.5 5859 
        97.5           35         77.5 5860 
          95         37.5         72.5 5861 
        97.5         37.5           75 5862 
        92.5         22.5         72.5 5863 
        92.5           25           75 5864 
          95         22.5         77.5 5865 
        97.5           25         77.5 5866 
          95         27.5         72.5 5867 
        97.5         27.5           75 5868 
        92.5         12.5         72.5 5869 
        92.5           15           75 5870 
          95         12.5         77.5 5871 
        97.5           15         77.5 5872 
          95         17.5         72.5 5873 
        97.5         17.5           75 5874 
        97.5          7.5           75 5875 
          95          7.5         72.5 5876 
          95          2.5         77.5 5877 
        92.5          2.5           75 5878 
        97.5            5         77.5 5879 
        92.5            5         72.5 5880 
        92.5         97.5           85 5881 
        92.5           95         82.5 5882 
        97.5           95         87.5 5883 
        97.5         92.5           85 5884 
          95         97.5         87.5 5885 
          95         92.5         82.5 5886 
        92.5         82.5         82.5 5887 
        92.5           85           85 5888 
          95         82.5         87.5 5889 
        97.5           85         87.5 5890 
          95         87.5         82.5 5891 
        97.5         87.5           85 5892 
        92.5         72.5         82.5 5893 
        92.5           75           85 5894 
          95         72.5         87.5 5895 
        97.5           75         87.5 5896 
          95         77.5         82.5 5897 
        97.5         77.5           85 5898 
        92.5         62.5         82.5 5899 
        92.5           65           85 5900 
          95         62.5         87.5 5901 
        97.5           65         87.5 5902 
          95         67.5         82.5 5903 
        97.5         67.5           85 5904 
        92.5         52.5         82.5 5905 
        92.5           55           85 5906 
          95         52.5         87.5 5907 
        97.5           55         87.5 5908 
          95         57.5         82.5 5909 
        97.5         57.5           85 5910 
        92.5         42.5         82.5 5911 
        92.5           45           85 5912 
          95         42.5         87.5 5913 
        97.5           45         87.5 5914 
          95         47.5         82.5 5915 
        97.5         47.5           85 5916 
        92.5         32.5         82.5 5917 
        92.5           35           85 5918 
          95         32.5         87.5 5919 
        97.5           35         87.5 5920 
          95         37.5         82.5 5921 
        97.5         37.5           85 5922 
        92.5         22.5         82.5 5923 
        92.5           25           85 5924 
          95         22.5         87.5 5925 
        97.5           25         87.5 5926 
          95         27.5         82.5 5927 
        97.5         27.5           85 5928 
        92.5         12.5         82.5 5929 
        92.5           15           85 5930 
          95         12.5         87.5 5931 
        97.5           15         87.5 5932 
          95         17.5         82.5 5933 
        97.5         17.5           85 5934 
        97.5          7.5           85 5935 
          95          7.5         82.5 5936 
          95          2.5         87.5 5937 
        92.5          2.5           85 5938 
        97.5            5         87.5 5939 
        92.5            5         82.5 5940 
        97.5         92.5           95 5941 
        97.5           95         92.5 5942 
        92.5           95         97.5 5943 
        92.5         97.5           95 5944 
          95         92.5         97.5 5945 
          95         97.5         92.5 5946 
        92.5         82.5         97.5 5947 
        92.5           85           95 5948 
          95         87.5         97.5 5949 
        97.5         87.5           95 5950 
          95         82.5         92.5 5951 
        97.5           85         92.5 5952 
        92.5         72.5         97.5 5953 
        92.5           75           95 5954 
          95         77.5         97.5 5955 
        97.5         77.5           95 5956 
          95         72.5         92.5 5957 
        97.5           75         92.5 5958 
        92.5         62.5         97.5 5959 
        92.5           65           95 5960 
          95         67.5         97.5 5961 
        97.5         67.5           95 5962 
          95         62.5         92.5 5963 
        97.5           65         92.5 5964 
        92.5         52.5         97.5 5965 
        92.5           55           95 5966 
          95         57.5         97.5 5967 
        97.5         57.5           95 5968 
          95         52.5         92.5 5969 
        97.5           55         92.5 5970 
        92.5         42.5         97.5 5971 
        92.5           45           95 5972 
          95         47.5         97.5 5973 
        97.5         47.5           95 5974 
          95         42.5         92.5 5975 
        97.5           45         92.5 5976 
        92.5         32.5         97.5 5977 
        92.5           35           95 5978 
          95         37.5         97.5 5979 
        97.5         37.5           95 5980 
          95         32.5         92.5 5981 
        97.5           35         92.5 5982 
        92.5         22.5         97.5 5983 
        92.5           25           95 5984 
          95         27.5         97.5 5985 
        97.5         27.5           95 5986 
          95         22.5         92.5 5987 
        97.5           25         92.5 5988 
        92.5         12.5         97.5 5989 
        92.5           15           95 5990 
          95         17.5         97.5 5991 
        97.5         17.5           95 5992 
          95         12.5         92.5 5993 
        97.5           15         92.5 5994 
        92.5          2.5           95 5995 
          95          2.5         92.5 5996 
          95          7.5         97.5 5997 
        97.5          7.5           95 5998 
        92.5            5         97.5 5999 
        97.5            5         92.5 6000 
