6000 1331
T 1259 1200 1108 1256
T 1256 1259 1202 1108
T 1193 1101 1108 1256
T 1256 1189 1101 1108
T 1256 1193 1200 1108
T 1189 1202 1108 1256
T 1263 1209 1134 1259
T 1259 1263 1208 1134
T 1200 1108 1134 1259
T 1259 1202 1108 1134
T 1259 1200 1209 1134
T 1202 1208 1134 1259
T 1275 1227 1152 1263
T 1263 1275 1226 1152
T 1209 1134 1152 1263
T 1263 1208 1134 1152
T 1263 1209 1227 1152
T 1208 1226 1152 1263
T 1287 1239 1175 1275
T 1275 1287 1240 1175
T 1227 1152 1175 1275
T 1275 1226 1152 1175
T 1275 1227 1239 1175
T 1226 1240 1175 1275
T 1296 1265 1217 1287
T 1287 1296 1267 1217
T 1239 1175 1217 1287
T 1287 1240 1175 1217
T 1287 1239 1265 1217
T 1240 1267 1217 1287
T 1311 1293 1247 1296
T 1296 1311 1290 1247
T 1265 1217 1247 1296
T 1296 1267 1217 1247
T 1296 1265 1293 1247
T 1267 1290 1247 1296
T 1321 1307 1278 1311
T 1311 1321 1308 1278
T 1293 1247 1278 1311
T 1311 1290 1247 1278
T 1311 1293 1307 1278
T 1290 1308 1278 1311
T 1326 1318 1297 1321
T 1321 1326 1314 1297
T 1307 1278 1297 1321
T 1321 1308 1278 1297
T 1321 1307 1318 1297
T 1308 1314 1297 1321
T 1328 1322 1312 1326
T 1326 1328 1323 1312
T 1318 1297 1312 1326
T 1326 1314 1297 1312
T 1326 1318 1322 1312
T 1314 1323 1312 1326
T 1329 1324 1312 1331
T 1331 1329 1323 1312
T 1330 1322 1312 1331
T 1331 1328 1322 1312
T 1331 1330 1324 1312
T 1328 1323 1312 1331
T 1200 1126 1020 1193
T 1193 1200 1108 1020
T 1117 1001 1020 1193
T 1193 1101 1001 1020
T 1193 1117 1126 1020
T 1101 1108 1020 1193
T 1209 1141 1032 1200
T 1200 1209 1134 1032
T 1126 1020 1032 1200
T 1200 1108 1020 1032
T 1200 1126 1141 1032
T 1108 1134 1032 1200
T 1227 1160 1071 1209
T 1209 1227 1152 1071
T 1141 1032 1071 1209
T 1209 1134 1032 1071
T 1209 1141 1160 1071
T 1134 1152 1071 1209
T 1239 1182 1100 1227
T 1227 1239 1175 1100
T 1160 1071 1100 1227
T 1227 1152 1071 1100
T 1227 1160 1182 1100
T 1152 1175 1100 1227
T 1265 1219 1151 1239
T 1239 1265 1217 1151
T 1182 1100 1151 1239
T 1239 1175 1100 1151
T 1239 1182 1219 1151
T 1175 1217 1151 1239
T 1293 1250 1194 1265
T 1265 1293 1247 1194
T 1219 1151 1194 1265
T 1265 1217 1151 1194
T 1265 1219 1250 1194
T 1217 1247 1194 1265
T 1307 1283 1235 1293
T 1293 1307 1278 1235
T 1250 1194 1235 1293
T 1293 1247 1194 1235
T 1293 1250 1283 1235
T 1247 1278 1235 1293
T 1318 1302 1272 1307
T 1307 1318 1297 1272
T 1283 1235 1272 1307
T 1307 1278 1235 1272
T 1307 1283 1302 1272
T 1278 1297 1272 1307
T 1322 1313 1299 1318
T 1318 1322 1312 1299
T 1302 1272 1299 1318
T 1318 1297 1272 1299
T 1318 1302 1313 1299
T 1297 1312 1299 1318
T 1324 1317 1299 1330
T 1330 1324 1312 1299
T 1327 1313 1299 1330
T 1330 1322 1313 1299
T 1330 1327 1317 1299
T 1322 1312 1299 1330
T 1126 1048 914 1117
T 1117 1126 1020 914
T 1029 908 914 1117
T 1117 1001 908 914
T 1117 1029 1048 914
T 1001 1020 914 1117
T 1141 1067 935 1126
T 1126 1141 1032 935
T 1048 914 935 1126
T 1126 1020 914 935
T 1126 1048 1067 935
T 1020 1032 935 1126
T 1160 1085 974 1141
T 1141 1160 1071 974
T 1067 935 974 1141
T 1141 1032 935 974
T 1141 1067 1085 974
T 1032 1071 974 1141
T 1182 1121 1024 1160
T 1160 1182 1100 1024
T 1085 974 1024 1160
T 1160 1071 974 1024
T 1160 1085 1121 1024
T 1071 1100 1024 1160
T 1219 1165 1081 1182
T 1182 1219 1151 1081
T 1121 1024 1081 1182
T 1182 1100 1024 1081
T 1182 1121 1165 1081
T 1100 1151 1081 1182
T 1250 1206 1133 1219
T 1219 1250 1194 1133
T 1165 1081 1133 1219
T 1219 1151 1081 1133
T 1219 1165 1206 1133
T 1151 1194 1133 1219
T 1283 1245 1177 1250
T 1250 1283 1235 1177
T 1206 1133 1177 1250
T 1250 1194 1133 1177
T 1250 1206 1245 1177
T 1194 1235 1177 1250
T 1302 1279 1231 1283
T 1283 1302 1272 1231
T 1245 1177 1231 1283
T 1283 1235 1177 1231
T 1283 1245 1279 1231
T 1235 1272 1231 1283
T 1313 1303 1277 1302
T 1302 1313 1299 1277
T 1279 1231 1277 1302
T 1302 1272 1231 1277
T 1302 1279 1303 1277
T 1272 1299 1277 1302
T 1317 1306 1277 1327
T 1327 1317 1299 1277
T 1319 1303 1277 1327
T 1327 1313 1303 1277
T 1327 1319 1306 1277
T 1313 1299 1277 1327
T 1048 963 829 1029
T 1029 1048 914 829
T 953 803 829 1029
T 1029 908 803 829
T 1029 953 963 829
T 908 914 829 1029
T 1067 983 839 1048
T 1048 1067 935 839
T 963 829 839 1048
T 1048 914 829 839
T 1048 963 983 839
T 914 935 839 1048
T 1085 1012 878 1067
T 1067 1085 974 878
T 983 839 878 1067
T 1067 935 839 878
T 1067 983 1012 878
T 935 974 878 1067
T 1121 1055 933 1085
T 1085 1121 1024 933
T 1012 878 933 1085
T 1085 974 878 933
T 1085 1012 1055 933
T 974 1024 933 1085
T 1165 1095 997 1121
T 1121 1165 1081 997
T 1055 933 997 1121
T 1121 1024 933 997
T 1121 1055 1095 997
T 1024 1081 997 1121
T 1206 1156 1066 1165
T 1165 1206 1133 1066
T 1095 997 1066 1165
T 1165 1081 997 1066
T 1165 1095 1156 1066
T 1081 1133 1066 1165
T 1245 1213 1139 1206
T 1206 1245 1177 1139
T 1156 1066 1139 1206
T 1206 1133 1066 1139
T 1206 1156 1213 1139
T 1133 1177 1139 1206
T 1279 1251 1188 1245
T 1245 1279 1231 1188
T 1213 1139 1188 1245
T 1245 1177 1139 1188
T 1245 1213 1251 1188
T 1177 1231 1188 1245
T 1303 1289 1248 1279
T 1279 1303 1277 1248
T 1251 1188 1248 1279
T 1279 1231 1188 1248
T 1279 1251 1289 1248
T 1231 1277 1248 1279
T 1306 1291 1248 1319
T 1319 1306 1277 1248
T 1309 1289 1248 1319
T 1319 1303 1289 1248
T 1319 1309 1291 1248
T 1303 1277 1248 1319
T 963 880 716 953
T 953 963 829 716
T 865 703 716 953
T 953 803 703 716
T 953 865 880 716
T 803 829 716 953
T 983 906 745 963
T 963 983 839 745
T 880 716 745 963
T 963 829 716 745
T 963 880 906 745
T 829 839 745 963
T 1012 940 786 983
T 983 1012 878 786
T 906 745 786 983
T 983 839 745 786
T 983 906 940 786
T 839 878 786 983
T 1055 990 845 1012
T 1012 1055 933 845
T 940 786 845 1012
T 1012 878 786 845
T 1012 940 990 845
T 878 933 845 1012
T 1095 1050 922 1055
T 1055 1095 997 922
T 990 845 922 1055
T 1055 933 845 922
T 1055 990 1050 922
T 933 997 922 1055
T 1156 1094 994 1095
T 1095 1156 1066 994
T 1050 922 994 1095
T 1095 997 922 994
T 1095 1050 1094 994
T 997 1066 994 1095
T 1213 1166 1079 1156
T 1156 1213 1139 1079
T 1094 994 1079 1156
T 1156 1066 994 1079
T 1156 1094 1166 1079
T 1066 1139 1079 1156
T 1251 1220 1149 1213
T 1213 1251 1188 1149
T 1166 1079 1149 1213
T 1213 1139 1079 1149
T 1213 1166 1220 1149
T 1139 1188 1149 1213
T 1289 1264 1215 1251
T 1251 1289 1248 1215
T 1220 1149 1215 1251
T 1251 1188 1149 1215
T 1251 1220 1264 1215
T 1188 1248 1215 1251
T 1291 1266 1215 1309
T 1309 1291 1248 1215
T 1294 1264 1215 1309
T 1309 1289 1264 1215
T 1309 1294 1266 1215
T 1289 1248 1215 1309
T 880 812 625 865
T 865 880 716 625
T 793 607 625 865
T 865 703 607 625
T 865 793 812 625
T 703 716 625 865
T 906 832 649 880
T 880 906 745 649
T 812 625 649 880
T 880 716 625 649
T 880 812 832 649
T 716 745 649 880
T 940 871 704 906
T 906 940 786 704
T 832 649 704 906
T 906 745 649 704
T 906 832 871 704
T 745 786 704 906
T 990 923 769 940
T 940 990 845 769
T 871 704 769 940
T 940 786 704 769
T 940 871 923 769
T 786 845 769 940
T 1050 988 850 990
T 990 1050 922 850
T 923 769 850 990
T 990 845 769 850
T 990 923 988 850
T 845 922 850 990
T 1094 1056 930 1050
T 1050 1094 994 930
T 988 850 930 1050
T 1050 922 850 930
T 1050 988 1056 930
T 922 994 930 1050
T 1166 1129 1022 1094
T 1094 1166 1079 1022
T 1056 930 1022 1094
T 1094 994 930 1022
T 1094 1056 1129 1022
T 994 1079 1022 1094
T 1220 1180 1093 1166
T 1166 1220 1149 1093
T 1129 1022 1093 1166
T 1166 1079 1022 1093
T 1166 1129 1180 1093
T 1079 1149 1093 1166
T 1264 1237 1173 1220
T 1220 1264 1215 1173
T 1180 1093 1173 1220
T 1220 1149 1093 1173
T 1220 1180 1237 1173
T 1149 1215 1173 1220
T 1266 1241 1173 1294
T 1294 1266 1215 1173
T 1286 1237 1173 1294
T 1294 1264 1237 1173
T 1294 1286 1241 1173
T 1264 1215 1173 1294
T 812 752 583 793
T 793 812 625 583
T 737 568 583 793
T 793 607 568 583
T 793 737 752 583
T 607 625 583 793
T 832 762 603 812
T 812 832 649 603
T 752 583 603 812
T 812 625 583 603
T 812 752 762 603
T 625 649 603 812
T 871 822 632 832
T 832 871 704 632
T 762 603 632 832
T 832 649 603 632
T 832 762 822 632
T 649 704 632 832
T 923 873 709 871
T 871 923 769 709
T 822 632 709 871
T 871 704 632 709
T 871 822 873 709
T 704 769 709 871
T 988 938 790 923
T 923 988 850 790
T 873 709 790 923
T 923 769 709 790
T 923 873 938 790
T 769 850 790 923
T 1056 1007 886 988
T 988 1056 930 886
T 938 790 886 988
T 988 850 790 886
T 988 938 1007 886
T 850 930 886 988
T 1129 1084 977 1056
T 1056 1129 1022 977
T 1007 886 977 1056
T 1056 930 886 977
T 1056 1007 1084 977
T 930 1022 977 1056
T 1180 1158 1072 1129
T 1129 1180 1093 1072
T 1084 977 1072 1129
T 1129 1022 977 1072
T 1129 1084 1158 1072
T 1022 1093 1072 1129
T 1237 1229 1154 1180
T 1180 1237 1173 1154
T 1158 1072 1154 1180
T 1180 1093 1072 1154
T 1180 1158 1229 1154
T 1093 1173 1154 1180
T 1241 1224 1154 1286
T 1286 1241 1173 1154
T 1271 1229 1154 1286
T 1286 1237 1229 1154
T 1286 1271 1224 1154
T 1237 1173 1154 1286
T 752 697 535 737
T 737 752 583 535
T 683 511 535 737
T 737 568 511 535
T 737 683 697 535
T 568 583 535 737
T 762 724 559 752
T 752 762 603 559
T 697 535 559 752
T 752 583 535 559
T 752 697 724 559
T 583 603 559 752
T 822 758 592 762
T 762 822 632 592
T 724 559 592 762
T 762 603 559 592
T 762 724 758 592
T 603 632 592 762
T 873 831 669 822
T 822 873 709 669
T 758 592 669 822
T 822 632 592 669
T 822 758 831 669
T 632 709 669 822
T 938 897 755 873
T 873 938 790 755
T 831 669 755 873
T 873 709 669 755
T 873 831 897 755
T 709 790 755 873
T 1007 982 838 938
T 938 1007 886 838
T 897 755 838 938
T 938 790 755 838
T 938 897 982 838
T 790 886 838 938
T 1084 1070 945 1007
T 1007 1084 977 945
T 982 838 945 1007
T 1007 886 838 945
T 1007 982 1070 945
T 886 977 945 1007
T 1158 1145 1034 1084
T 1084 1158 1072 1034
T 1070 945 1034 1084
T 1084 977 945 1034
T 1084 1070 1145 1034
T 977 1072 1034 1084
T 1229 1203 1137 1158
T 1158 1229 1154 1137
T 1145 1034 1137 1158
T 1158 1072 1034 1137
T 1158 1145 1203 1137
T 1072 1154 1137 1158
T 1224 1205 1137 1271
T 1271 1224 1154 1137
T 1261 1203 1137 1271
T 1271 1229 1203 1137
T 1271 1261 1205 1137
T 1229 1154 1137 1271
T 697 673 501 683
T 683 697 535 501
T 659 487 501 683
T 683 511 487 501
T 683 659 673 501
T 511 535 501 683
T 724 699 533 697
T 697 724 559 533
T 673 501 533 697
T 697 535 501 533
T 697 673 699 533
T 535 559 533 697
T 758 743 582 724
T 724 758 592 582
T 699 533 582 724
T 724 559 533 582
T 724 699 743 582
T 559 592 582 724
T 831 808 622 758
T 758 831 669 622
T 743 582 622 758
T 758 592 582 622
T 758 743 808 622
T 592 669 622 758
T 897 887 723 831
T 831 897 755 723
T 808 622 723 831
T 831 669 622 723
T 831 808 887 723
T 669 755 723 831
T 982 959 827 897
T 897 982 838 827
T 887 723 827 897
T 897 755 723 827
T 897 887 959 827
T 755 838 827 897
T 1070 1044 919 982
T 982 1070 945 919
T 959 827 919 982
T 982 838 827 919
T 982 959 1044 919
T 838 945 919 982
T 1145 1130 1018 1070
T 1070 1145 1034 1018
T 1044 919 1018 1070
T 1070 945 919 1018
T 1070 1044 1130 1018
T 945 1034 1018 1070
T 1203 1197 1107 1145
T 1145 1203 1137 1107
T 1130 1018 1107 1145
T 1145 1034 1018 1107
T 1145 1130 1197 1107
T 1034 1137 1107 1145
T 1205 1199 1107 1261
T 1261 1205 1137 1107
T 1258 1197 1107 1261
T 1261 1203 1197 1107
T 1261 1258 1199 1107
T 1203 1137 1107 1261
T 487 476 641 501
T 501 487 659 641
T 489 664 641 501
T 501 673 664 641
T 501 489 476 641
T 673 659 641 501
T 501 489 664 533
T 533 501 673 664
T 522 682 664 533
T 533 699 682 664
T 533 522 489 664
T 699 673 664 533
T 533 522 682 582
T 582 533 699 682
T 566 733 682 582
T 582 743 733 682
T 582 566 522 682
T 743 699 682 582
T 582 566 733 622
T 622 582 743 733
T 615 797 733 622
T 622 808 797 733
T 622 615 566 733
T 808 743 733 622
T 622 615 797 723
T 723 622 808 797
T 714 868 797 723
T 723 887 868 797
T 723 714 615 797
T 887 808 797 723
T 723 714 868 827
T 827 723 887 868
T 813 956 868 827
T 827 959 956 868
T 827 813 714 868
T 959 887 868 827
T 827 813 956 919
T 919 827 959 956
T 912 1033 956 919
T 919 1044 1033 956
T 919 912 813 956
T 1044 959 956 919
T 919 912 1033 1018
T 1018 919 1044 1033
T 1009 1110 1033 1018
T 1018 1130 1110 1033
T 1018 1009 912 1033
T 1130 1044 1033 1018
T 1018 1009 1110 1107
T 1107 1018 1130 1110
T 1103 1196 1110 1107
T 1107 1197 1196 1110
T 1107 1103 1009 1110
T 1197 1130 1110 1107
T 1197 1196 1257 1107
T 1107 1197 1258 1257
T 1103 1195 1257 1107
T 1107 1199 1195 1257
T 1107 1103 1196 1257
T 1199 1258 1257 1107
T 1111 1119 1013 1202
T 1202 1108 1013 1111
T 1005 1013 1108 1111
T 1111 1005 1101 1108
T 1111 1189 1202 1108
T 1189 1101 1108 1111
T 1208 1134 1039 1202
T 1202 1208 1143 1039
T 1108 1013 1039 1202
T 1202 1119 1013 1039
T 1202 1108 1134 1039
T 1119 1143 1039 1202
T 1226 1152 1074 1208
T 1208 1226 1162 1074
T 1134 1039 1074 1208
T 1208 1143 1039 1074
T 1208 1134 1152 1074
T 1143 1162 1074 1208
T 1240 1175 1098 1226
T 1226 1240 1179 1098
T 1152 1074 1098 1226
T 1226 1162 1074 1098
T 1226 1152 1175 1098
T 1162 1179 1098 1226
T 1267 1217 1146 1240
T 1240 1267 1223 1146
T 1175 1098 1146 1240
T 1240 1179 1098 1146
T 1240 1175 1217 1146
T 1179 1223 1146 1240
T 1290 1247 1192 1267
T 1267 1290 1249 1192
T 1217 1146 1192 1267
T 1267 1223 1146 1192
T 1267 1217 1247 1192
T 1223 1249 1192 1267
T 1308 1278 1232 1290
T 1290 1308 1284 1232
T 1247 1192 1232 1290
T 1290 1249 1192 1232
T 1290 1247 1278 1232
T 1249 1284 1232 1290
T 1314 1297 1270 1308
T 1308 1314 1300 1270
T 1278 1232 1270 1308
T 1308 1284 1232 1270
T 1308 1278 1297 1270
T 1284 1300 1270 1308
T 1323 1312 1298 1314
T 1314 1323 1315 1298
T 1297 1270 1298 1314
T 1314 1300 1270 1298
T 1314 1297 1312 1298
T 1300 1315 1298 1314
T 1325 1316 1298 1329
T 1329 1325 1315 1298
T 1324 1312 1298 1329
T 1329 1323 1312 1298
T 1329 1324 1316 1298
T 1323 1315 1298 1329
T 1005 1013 896 1108
T 1108 1020 896 1005
T 892 896 1020 1005
T 1005 892 1001 1020
T 1005 1101 1108 1020
T 1101 1001 1020 1005
T 1134 1032 926 1108
T 1108 1134 1039 926
T 1020 896 926 1108
T 1108 1013 896 926
T 1108 1020 1032 926
T 1013 1039 926 1108
T 1152 1071 962 1134
T 1134 1152 1074 962
T 1032 926 962 1134
T 1134 1039 926 962
T 1134 1032 1071 962
T 1039 1074 962 1134
T 1175 1100 1000 1152
T 1152 1175 1098 1000
T 1071 962 1000 1152
T 1152 1074 962 1000
T 1152 1071 1100 1000
T 1074 1098 1000 1152
T 1217 1151 1059 1175
T 1175 1217 1146 1059
T 1100 1000 1059 1175
T 1175 1098 1000 1059
T 1175 1100 1151 1059
T 1098 1146 1059 1175
T 1247 1194 1114 1217
T 1217 1247 1192 1114
T 1151 1059 1114 1217
T 1217 1146 1059 1114
T 1217 1151 1194 1114
T 1146 1192 1114 1217
T 1278 1235 1171 1247
T 1247 1278 1232 1171
T 1194 1114 1171 1247
T 1247 1192 1114 1171
T 1247 1194 1235 1171
T 1192 1232 1171 1247
T 1297 1272 1230 1278
T 1278 1297 1270 1230
T 1235 1171 1230 1278
T 1278 1232 1171 1230
T 1278 1235 1272 1230
T 1232 1270 1230 1278
T 1312 1299 1274 1297
T 1297 1312 1298 1274
T 1272 1230 1274 1297
T 1297 1270 1230 1274
T 1297 1272 1299 1274
T 1270 1298 1274 1297
T 1316 1301 1274 1324
T 1324 1316 1298 1274
T 1317 1299 1274 1324
T 1324 1312 1299 1274
T 1324 1317 1301 1274
T 1312 1298 1274 1324
T 892 896 778 1020
T 1020 914 778 892
T 761 778 914 892
T 892 761 908 914
T 892 1001 1020 914
T 1001 908 914 892
T 1032 935 805 1020
T 1020 1032 926 805
T 914 778 805 1020
T 1020 896 778 805
T 1020 914 935 805
T 896 926 805 1020
T 1071 974 848 1032
T 1032 1071 962 848
T 935 805 848 1032
T 1032 926 805 848
T 1032 935 974 848
T 926 962 848 1032
T 1100 1024 907 1071
T 1071 1100 1000 907
T 974 848 907 1071
T 1071 962 848 907
T 1071 974 1024 907
T 962 1000 907 1071
T 1151 1081 968 1100
T 1100 1151 1059 968
T 1024 907 968 1100
T 1100 1000 907 968
T 1100 1024 1081 968
T 1000 1059 968 1100
T 1194 1133 1026 1151
T 1151 1194 1114 1026
T 1081 968 1026 1151
T 1151 1059 968 1026
T 1151 1081 1133 1026
T 1059 1114 1026 1151
T 1235 1177 1106 1194
T 1194 1235 1171 1106
T 1133 1026 1106 1194
T 1194 1114 1026 1106
T 1194 1133 1177 1106
T 1114 1171 1106 1194
T 1272 1231 1172 1235
T 1235 1272 1230 1172
T 1177 1106 1172 1235
T 1235 1171 1106 1172
T 1235 1177 1231 1172
T 1171 1230 1172 1235
T 1299 1277 1233 1272
T 1272 1299 1274 1233
T 1231 1172 1233 1272
T 1272 1230 1172 1233
T 1272 1231 1277 1233
T 1230 1274 1233 1272
T 1301 1281 1233 1317
T 1317 1301 1274 1233
T 1306 1277 1233 1317
T 1317 1299 1277 1233
T 1317 1306 1281 1233
T 1299 1274 1233 1317
T 761 778 657 914
T 914 829 657 761
T 643 657 829 761
T 761 643 803 829
T 761 908 914 829
T 908 803 829 761
T 935 839 686 914
T 914 935 805 686
T 829 657 686 914
T 914 778 657 686
T 914 829 839 686
T 778 805 686 914
T 974 878 738 935
T 935 974 848 738
T 839 686 738 935
T 935 805 686 738
T 935 839 878 738
T 805 848 738 935
T 1024 933 799 974
T 974 1024 907 799
T 878 738 799 974
T 974 848 738 799
T 974 878 933 799
T 848 907 799 974
T 1081 997 860 1024
T 1024 1081 968 860
T 933 799 860 1024
T 1024 907 799 860
T 1024 933 997 860
T 907 968 860 1024
T 1133 1066 957 1081
T 1081 1133 1026 957
T 997 860 957 1081
T 1081 968 860 957
T 1081 997 1066 957
T 968 1026 957 1081
T 1177 1139 1036 1133
T 1133 1177 1106 1036
T 1066 957 1036 1133
T 1133 1026 957 1036
T 1133 1066 1139 1036
T 1026 1106 1036 1133
T 1231 1188 1115 1177
T 1177 1231 1172 1115
T 1139 1036 1115 1177
T 1177 1106 1036 1115
T 1177 1139 1188 1115
T 1106 1172 1115 1177
T 1277 1248 1185 1231
T 1231 1277 1233 1185
T 1188 1115 1185 1231
T 1231 1172 1115 1185
T 1231 1188 1248 1185
T 1172 1233 1185 1231
T 1281 1254 1185 1306
T 1306 1281 1233 1185
T 1291 1248 1185 1306
T 1306 1277 1248 1185
T 1306 1291 1254 1185
T 1277 1233 1185 1306
T 643 657 572 829
T 829 716 572 643
T 560 572 716 643
T 643 560 703 716
T 643 803 829 716
T 803 703 716 643
T 839 745 591 829
T 829 839 686 591
T 716 572 591 829
T 829 657 572 591
T 829 716 745 591
T 657 686 591 829
T 878 786 629 839
T 839 878 738 629
T 745 591 629 839
T 839 686 591 629
T 839 745 786 629
T 686 738 629 839
T 933 845 701 878
T 878 933 799 701
T 786 629 701 878
T 878 738 629 701
T 878 786 845 701
T 738 799 701 878
T 997 922 773 933
T 933 997 860 773
T 845 701 773 933
T 933 799 701 773
T 933 845 922 773
T 799 860 773 933
T 1066 994 862 997
T 997 1066 957 862
T 922 773 862 997
T 997 860 773 862
T 997 922 994 862
T 860 957 862 997
T 1139 1079 971 1066
T 1066 1139 1036 971
T 994 862 971 1066
T 1066 957 862 971
T 1066 994 1079 971
T 957 1036 971 1066
T 1188 1149 1063 1139
T 1139 1188 1115 1063
T 1079 971 1063 1139
T 1139 1036 971 1063
T 1139 1079 1149 1063
T 1036 1115 1063 1139
T 1248 1215 1148 1188
T 1188 1248 1185 1148
T 1149 1063 1148 1188
T 1188 1115 1063 1148
T 1188 1149 1215 1148
T 1115 1185 1148 1188
T 1254 1222 1148 1291
T 1291 1254 1185 1148
T 1266 1215 1148 1291
T 1291 1248 1215 1148
T 1291 1266 1222 1148
T 1248 1185 1148 1291
T 560 572 474 716
T 716 625 474 560
T 471 474 625 560
T 560 471 607 625
T 560 703 716 625
T 703 607 625 560
T 745 649 505 716
T 716 745 591 505
T 625 474 505 716
T 716 572 474 505
T 716 625 649 505
T 572 591 505 716
T 786 704 541 745
T 745 786 629 541
T 649 505 541 745
T 745 591 505 541
T 745 649 704 541
T 591 629 541 745
T 845 769 605 786
T 786 845 701 605
T 704 541 605 786
T 786 629 541 605
T 786 704 769 605
T 629 701 605 786
T 922 850 691 845
T 845 922 773 691
T 769 605 691 845
T 845 701 605 691
T 845 769 850 691
T 701 773 691 845
T 994 930 791 922
T 922 994 862 791
T 850 691 791 922
T 922 773 691 791
T 922 850 930 791
T 773 862 791 922
T 1079 1022 894 994
T 994 1079 971 894
T 930 791 894 994
T 994 862 791 894
T 994 930 1022 894
T 862 971 894 994
T 1149 1093 998 1079
T 1079 1149 1063 998
T 1022 894 998 1079
T 1079 971 894 998
T 1079 1022 1093 998
T 971 1063 998 1079
T 1215 1173 1089 1149
T 1149 1215 1148 1089
T 1093 998 1089 1149
T 1149 1063 998 1089
T 1149 1093 1173 1089
T 1063 1148 1089 1149
T 1222 1181 1089 1266
T 1266 1222 1148 1089
T 1241 1173 1089 1266
T 1266 1215 1173 1089
T 1266 1241 1181 1089
T 1215 1148 1089 1266
T 471 474 436 625
T 625 583 436 471
T 415 436 583 471
T 471 415 568 583
T 471 607 625 583
T 607 568 583 471
T 649 603 452 625
T 625 649 505 452
T 583 436 452 625
T 625 474 436 452
T 625 583 603 452
T 474 505 452 625
T 704 632 495 649
T 649 704 541 495
T 603 452 495 649
T 649 505 452 495
T 649 603 632 495
T 505 541 495 649
T 769 709 554 704
T 704 769 605 554
T 632 495 554 704
T 704 541 495 554
T 704 632 709 554
T 541 605 554 704
T 850 790 616 769
T 769 850 691 616
T 709 554 616 769
T 769 605 554 616
T 769 709 790 616
T 605 691 616 769
T 930 886 728 850
T 850 930 791 728
T 790 616 728 850
T 850 691 616 728
T 850 790 886 728
T 691 791 728 850
T 1022 977 851 930
T 930 1022 894 851
T 886 728 851 930
T 930 791 728 851
T 930 886 977 851
T 791 894 851 930
T 1093 1072 961 1022
T 1022 1093 998 961
T 977 851 961 1022
T 1022 894 851 961
T 1022 977 1072 961
T 894 998 961 1022
T 1173 1154 1073 1093
T 1093 1173 1089 1073
T 1072 961 1073 1093
T 1093 998 961 1073
T 1093 1072 1154 1073
T 998 1089 1073 1093
T 1181 1163 1073 1241
T 1241 1181 1089 1073
T 1224 1154 1073 1241
T 1241 1173 1154 1073
T 1241 1224 1163 1073
T 1173 1089 1073 1241
T 415 436 387 583
T 583 535 387 415
T 385 387 535 415
T 415 385 511 535
T 415 568 583 535
T 568 511 535 415
T 603 559 407 583
T 583 603 452 407
T 535 387 407 583
T 583 436 387 407
T 583 535 559 407
T 436 452 407 583
T 632 592 451 603
T 603 632 495 451
T 559 407 451 603
T 603 452 407 451
T 603 559 592 451
T 452 495 451 603
T 709 669 509 632
T 632 709 554 509
T 592 451 509 632
T 632 495 451 509
T 632 592 669 509
T 495 554 509 632
T 790 755 588 709
T 709 790 616 588
T 669 509 588 709
T 709 554 509 588
T 709 669 755 588
T 554 616 588 709
T 886 838 679 790
T 790 886 728 679
T 755 588 679 790
T 790 616 588 679
T 790 755 838 679
T 616 728 679 790
T 977 945 819 886
T 886 977 851 819
T 838 679 819 886
T 886 728 679 819
T 886 838 945 819
T 728 851 819 886
T 1072 1034 927 977
T 977 1072 961 927
T 945 819 927 977
T 977 851 819 927
T 977 945 1034 927
T 851 961 927 977
T 1154 1137 1042 1072
T 1072 1154 1073 1042
T 1034 927 1042 1072
T 1072 961 927 1042
T 1072 1034 1137 1042
T 961 1073 1042 1072
T 1163 1142 1042 1224
T 1224 1163 1073 1042
T 1205 1137 1042 1224
T 1224 1154 1137 1042
T 1224 1205 1142 1042
T 1154 1073 1042 1224
T 385 387 373 535
T 535 501 373 385
T 362 373 501 385
T 385 362 487 501
T 385 511 535 501
T 511 487 501 385
T 559 533 398 535
T 535 559 407 398
T 501 373 398 535
T 535 387 373 398
T 535 501 533 398
T 387 407 398 535
T 592 582 432 559
T 559 592 451 432
T 533 398 432 559
T 559 407 398 432
T 559 533 582 432
T 407 451 432 559
T 669 622 485 592
T 592 669 509 485
T 582 432 485 592
T 592 451 432 485
T 592 582 622 485
T 451 509 485 592
T 755 723 563 669
T 669 755 588 563
T 622 485 563 669
T 669 509 485 563
T 669 622 723 563
T 509 588 563 669
T 838 827 660 755
T 755 838 679 660
T 723 563 660 755
T 755 588 563 660
T 755 723 827 660
T 588 679 660 755
T 945 919 782 838
T 838 945 819 782
T 827 660 782 838
T 838 679 660 782
T 838 827 919 782
T 679 819 782 838
T 1034 1018 901 945
T 945 1034 927 901
T 919 782 901 945
T 945 819 782 901
T 945 919 1018 901
T 819 927 901 945
T 1137 1107 1023 1034
T 1034 1137 1042 1023
T 1018 901 1023 1034
T 1034 927 901 1023
T 1034 1018 1107 1023
T 927 1042 1023 1034
T 1142 1124 1023 1205
T 1205 1142 1042 1023
T 1199 1107 1023 1205
T 1205 1137 1107 1023
T 1205 1199 1124 1023
T 1137 1042 1023 1205
T 342 355 489 373
T 373 501 489 342
T 476 489 501 342
T 342 476 487 501
T 342 362 373 501
T 362 487 501 342
T 373 355 489 398
T 398 373 501 489
T 384 522 489 398
T 398 533 522 489
T 398 384 355 489
T 533 501 489 398
T 398 384 522 432
T 432 398 533 522
T 416 566 522 432
T 432 582 566 522
T 432 416 384 522
T 582 533 522 432
T 432 416 566 485
T 485 432 582 566
T 468 615 566 485
T 485 622 615 566
T 485 468 416 566
T 622 582 566 485
T 485 468 615 563
T 563 485 622 615
T 543 714 615 563
T 563 723 714 615
T 563 543 468 615
T 723 622 615 563
T 563 543 714 660
T 660 563 723 714
T 648 813 714 660
T 660 827 813 714
T 660 648 543 714
T 827 723 714 660
T 660 648 813 782
T 782 660 827 813
T 767 912 813 782
T 782 919 912 813
T 782 767 648 813
T 919 827 813 782
T 782 767 912 901
T 901 782 919 912
T 890 1009 912 901
T 901 1018 1009 912
T 901 890 767 912
T 1018 919 912 901
T 901 890 1009 1023
T 1023 901 1018 1009
T 1006 1103 1009 1023
T 1023 1107 1103 1009
T 1023 1006 890 1009
T 1107 1018 1009 1023
T 1107 1103 1195 1023
T 1023 1107 1199 1195
T 1006 1112 1195 1023
T 1023 1124 1112 1195
T 1023 1006 1103 1195
T 1124 1199 1195 1023
T 1040 1045 918 1119
T 1119 1013 918 1040
T 909 918 1013 1040
T 1040 909 1005 1013
T 1040 1111 1119 1013
T 1111 1005 1013 1040
T 1143 1039 943 1119
T 1119 1143 1069 943
T 1013 918 943 1119
T 1119 1045 918 943
T 1119 1013 1039 943
T 1045 1069 943 1119
T 1162 1074 976 1143
T 1143 1162 1086 976
T 1039 943 976 1143
T 1143 1069 943 976
T 1143 1039 1074 976
T 1069 1086 976 1143
T 1179 1098 1015 1162
T 1162 1179 1123 1015
T 1074 976 1015 1162
T 1162 1086 976 1015
T 1162 1074 1098 1015
T 1086 1123 1015 1162
T 1223 1146 1082 1179
T 1179 1223 1169 1082
T 1098 1015 1082 1179
T 1179 1123 1015 1082
T 1179 1098 1146 1082
T 1123 1169 1082 1179
T 1249 1192 1135 1223
T 1223 1249 1214 1135
T 1146 1082 1135 1223
T 1223 1169 1082 1135
T 1223 1146 1192 1135
T 1169 1214 1135 1223
T 1284 1232 1178 1249
T 1249 1284 1244 1178
T 1192 1135 1178 1249
T 1249 1214 1135 1178
T 1249 1192 1232 1178
T 1214 1244 1178 1249
T 1300 1270 1236 1284
T 1284 1300 1280 1236
T 1232 1178 1236 1284
T 1284 1244 1178 1236
T 1284 1232 1270 1236
T 1244 1280 1236 1284
T 1315 1298 1276 1300
T 1300 1315 1305 1276
T 1270 1236 1276 1300
T 1300 1280 1236 1276
T 1300 1270 1298 1276
T 1280 1305 1276 1300
T 1320 1304 1276 1325
T 1325 1320 1305 1276
T 1316 1298 1276 1325
T 1325 1315 1298 1276
T 1325 1316 1304 1276
T 1315 1305 1276 1325
T 909 918 774 1013
T 1013 896 774 909
T 759 774 896 909
T 909 759 892 896
T 909 1005 1013 896
T 1005 892 896 909
T 1039 926 817 1013
T 1013 1039 943 817
T 896 774 817 1013
T 1013 918 774 817
T 1013 896 926 817
T 918 943 817 1013
T 1074 962 852 1039
T 1039 1074 976 852
T 926 817 852 1039
T 1039 943 817 852
T 1039 926 962 852
T 943 976 852 1039
T 1098 1000 893 1074
T 1074 1098 1015 893
T 962 852 893 1074
T 1074 976 852 893
T 1074 962 1000 893
T 976 1015 893 1074
T 1146 1059 973 1098
T 1098 1146 1082 973
T 1000 893 973 1098
T 1098 1015 893 973
T 1098 1000 1059 973
T 1015 1082 973 1098
T 1192 1114 1027 1146
T 1146 1192 1135 1027
T 1059 973 1027 1146
T 1146 1082 973 1027
T 1146 1059 1114 1027
T 1082 1135 1027 1146
T 1232 1171 1105 1192
T 1192 1232 1178 1105
T 1114 1027 1105 1192
T 1192 1135 1027 1105
T 1192 1114 1171 1105
T 1135 1178 1105 1192
T 1270 1230 1170 1232
T 1232 1270 1236 1170
T 1171 1105 1170 1232
T 1232 1178 1105 1170
T 1232 1171 1230 1170
T 1178 1236 1170 1232
T 1298 1274 1234 1270
T 1270 1298 1276 1234
T 1230 1170 1234 1270
T 1270 1236 1170 1234
T 1270 1230 1274 1234
T 1236 1276 1234 1270
T 1304 1282 1234 1316
T 1316 1304 1276 1234
T 1301 1274 1234 1316
T 1316 1298 1274 1234
T 1316 1301 1282 1234
T 1298 1276 1234 1316
T 759 774 637 896
T 896 778 637 759
T 628 637 778 759
T 759 628 761 778
T 759 892 896 778
T 892 761 778 759
T 926 805 677 896
T 896 926 817 677
T 778 637 677 896
T 896 774 637 677
T 896 778 805 677
T 774 817 677 896
T 962 848 722 926
T 926 962 852 722
T 805 677 722 926
T 926 817 677 722
T 926 805 848 722
T 817 852 722 926
T 1000 907 780 962
T 962 1000 893 780
T 848 722 780 962
T 962 852 722 780
T 962 848 907 780
T 852 893 780 962
T 1059 968 858 1000
T 1000 1059 973 858
T 907 780 858 1000
T 1000 893 780 858
T 1000 907 968 858
T 893 973 858 1000
T 1114 1026 936 1059
T 1059 1114 1027 936
T 968 858 936 1059
T 1059 973 858 936
T 1059 968 1026 936
T 973 1027 936 1059
T 1171 1106 1025 1114
T 1114 1171 1105 1025
T 1026 936 1025 1114
T 1114 1027 936 1025
T 1114 1026 1106 1025
T 1027 1105 1025 1114
T 1230 1172 1104 1171
T 1171 1230 1170 1104
T 1106 1025 1104 1171
T 1171 1105 1025 1104
T 1171 1106 1172 1104
T 1105 1170 1104 1171
T 1274 1233 1176 1230
T 1230 1274 1234 1176
T 1172 1104 1176 1230
T 1230 1170 1104 1176
T 1230 1172 1233 1176
T 1170 1234 1176 1230
T 1282 1246 1176 1301
T 1301 1282 1234 1176
T 1281 1233 1176 1301
T 1301 1274 1233 1176
T 1301 1281 1246 1176
T 1274 1234 1176 1301
T 628 637 534 778
T 778 657 534 628
T 518 534 657 628
T 628 518 643 657
T 628 761 778 657
T 761 643 657 628
T 805 686 551 778
T 778 805 677 551
T 657 534 551 778
T 778 637 534 551
T 778 657 686 551
T 637 677 551 778
T 848 738 597 805
T 805 848 722 597
T 686 551 597 805
T 805 677 551 597
T 805 686 738 597
T 677 722 597 805
T 907 799 662 848
T 848 907 780 662
T 738 597 662 848
T 848 722 597 662
T 848 738 799 662
T 722 780 662 848
T 968 860 756 907
T 907 968 858 756
T 799 662 756 907
T 907 780 662 756
T 907 799 860 756
T 780 858 756 907
T 1026 957 842 968
T 968 1026 936 842
T 860 756 842 968
T 968 858 756 842
T 968 860 957 842
T 858 936 842 968
T 1106 1036 948 1026
T 1026 1106 1025 948
T 957 842 948 1026
T 1026 936 842 948
T 1026 957 1036 948
T 936 1025 948 1026
T 1172 1115 1043 1106
T 1106 1172 1104 1043
T 1036 948 1043 1106
T 1106 1025 948 1043
T 1106 1036 1115 1043
T 1025 1104 1043 1106
T 1233 1185 1131 1172
T 1172 1233 1176 1131
T 1115 1043 1131 1172
T 1172 1104 1043 1131
T 1172 1115 1185 1131
T 1104 1176 1131 1172
T 1246 1211 1131 1281
T 1281 1246 1176 1131
T 1254 1185 1131 1281
T 1281 1233 1185 1131
T 1281 1254 1211 1131
T 1233 1176 1131 1281
T 518 534 442 657
T 657 572 442 518
T 422 442 572 518
T 518 422 560 572
T 518 643 657 572
T 643 560 572 518
T 686 591 461 657
T 657 686 551 461
T 572 442 461 657
T 657 534 442 461
T 657 572 591 461
T 534 551 461 657
T 738 629 498 686
T 686 738 597 498
T 591 461 498 686
T 686 551 461 498
T 686 591 629 498
T 551 597 498 686
T 799 701 575 738
T 738 799 662 575
T 629 498 575 738
T 738 597 498 575
T 738 629 701 575
T 597 662 575 738
T 860 773 638 799
T 799 860 756 638
T 701 575 638 799
T 799 662 575 638
T 799 701 773 638
T 662 756 638 799
T 957 862 741 860
T 860 957 842 741
T 773 638 741 860
T 860 756 638 741
T 860 773 862 741
T 756 842 741 860
T 1036 971 859 957
T 957 1036 948 859
T 862 741 859 957
T 957 842 741 859
T 957 862 971 859
T 842 948 859 957
T 1115 1063 972 1036
T 1036 1115 1043 972
T 971 859 972 1036
T 1036 948 859 972
T 1036 971 1063 972
T 948 1043 972 1036
T 1185 1148 1077 1115
T 1115 1185 1131 1077
T 1063 972 1077 1115
T 1115 1043 972 1077
T 1115 1063 1148 1077
T 1043 1131 1077 1115
T 1211 1164 1077 1254
T 1254 1211 1131 1077
T 1222 1148 1077 1254
T 1254 1185 1148 1077
T 1254 1222 1164 1077
T 1185 1131 1077 1254
T 422 442 367 572
T 572 474 367 422
T 356 367 474 422
T 422 356 471 474
T 422 560 572 474
T 560 471 474 422
T 591 505 393 572
T 572 591 461 393
T 474 367 393 572
T 572 442 367 393
T 572 474 505 393
T 442 461 393 572
T 629 541 431 591
T 591 629 498 431
T 505 393 431 591
T 591 461 393 431
T 591 505 541 431
T 461 498 431 591
T 701 605 475 629
T 629 701 575 475
T 541 431 475 629
T 629 498 431 475
T 629 541 605 475
T 498 575 475 629
T 773 691 579 701
T 701 773 638 579
T 605 475 579 701
T 701 575 475 579
T 701 605 691 579
T 575 638 579 701
T 862 791 650 773
T 773 862 741 650
T 691 579 650 773
T 773 638 579 650
T 773 691 791 650
T 638 741 650 773
T 971 894 777 862
T 862 971 859 777
T 791 650 777 862
T 862 741 650 777
T 862 791 894 777
T 741 859 777 862
T 1063 998 898 971
T 971 1063 972 898
T 894 777 898 971
T 971 859 777 898
T 971 894 998 898
T 859 972 898 971
T 1148 1089 1016 1063
T 1063 1148 1077 1016
T 998 898 1016 1063
T 1063 972 898 1016
T 1063 998 1089 1016
T 972 1077 1016 1063
T 1164 1127 1016 1222
T 1222 1164 1077 1016
T 1181 1089 1016 1222
T 1222 1148 1089 1016
T 1222 1181 1127 1016
T 1148 1077 1016 1222
T 356 367 310 474
T 474 436 310 356
T 303 310 436 356
T 356 303 415 436
T 356 471 474 436
T 471 415 436 356
T 505 452 337 474
T 474 505 393 337
T 436 310 337 474
T 474 367 310 337
T 474 436 452 337
T 367 393 337 474
T 541 495 377 505
T 505 541 431 377
T 452 337 377 505
T 505 393 337 377
T 505 452 495 377
T 393 431 377 505
T 605 554 421 541
T 541 605 475 421
T 495 377 421 541
T 541 431 377 421
T 541 495 554 421
T 431 475 421 541
T 691 616 503 605
T 605 691 579 503
T 554 421 503 605
T 605 475 421 503
T 605 554 616 503
T 475 579 503 605
T 791 728 593 691
T 691 791 650 593
T 616 503 593 691
T 691 579 503 593
T 691 616 728 593
T 579 650 593 691
T 894 851 717 791
T 791 894 777 717
T 728 593 717 791
T 791 650 593 717
T 791 728 851 717
T 650 777 717 791
T 998 961 853 894
T 894 998 898 853
T 851 717 853 894
T 894 777 717 853
T 894 851 961 853
T 777 898 853 894
T 1089 1073 975 998
T 998 1089 1016 975
T 961 853 975 998
T 998 898 853 975
T 998 961 1073 975
T 898 1016 975 998
T 1127 1088 975 1181
T 1181 1127 1016 975
T 1163 1073 975 1181
T 1181 1089 1073 975
T 1181 1163 1088 975
T 1089 1016 975 1181
T 303 310 285 436
T 436 387 285 303
T 273 285 387 303
T 303 273 385 387
T 303 415 436 387
T 415 385 387 303
T 452 407 302 436
T 436 452 337 302
T 387 285 302 436
T 436 310 285 302
T 436 387 407 302
T 310 337 302 436
T 495 451 339 452
T 452 495 377 339
T 407 302 339 452
T 452 337 302 339
T 452 407 451 339
T 337 377 339 452
T 554 509 390 495
T 495 554 421 390
T 451 339 390 495
T 495 377 339 390
T 495 451 509 390
T 377 421 390 495
T 616 588 464 554
T 554 616 503 464
T 509 390 464 554
T 554 421 390 464
T 554 509 588 464
T 421 503 464 554
T 728 679 546 616
T 616 728 593 546
T 588 464 546 616
T 616 503 464 546
T 616 588 679 546
T 503 593 546 616
T 851 819 675 728
T 728 851 717 675
T 679 546 675 728
T 728 593 546 675
T 728 679 819 675
T 593 717 675 728
T 961 927 806 851
T 851 961 853 806
T 819 675 806 851
T 851 717 675 806
T 851 819 927 806
T 717 853 806 851
T 1073 1042 939 961
T 961 1073 975 939
T 927 806 939 961
T 961 853 806 939
T 961 927 1042 939
T 853 975 939 961
T 1088 1062 939 1163
T 1163 1088 975 939
T 1142 1042 939 1163
T 1163 1073 1042 939
T 1163 1142 1062 939
T 1073 975 939 1163
T 273 285 257 387
T 387 373 257 273
T 241 257 373 273
T 273 241 362 373
T 273 385 387 373
T 385 362 373 273
T 407 398 281 387
T 387 407 302 281
T 373 257 281 387
T 387 285 257 281
T 387 373 398 281
T 285 302 281 387
T 451 432 312 407
T 407 451 339 312
T 398 281 312 407
T 407 302 281 312
T 407 398 432 312
T 302 339 312 407
T 509 485 363 451
T 451 509 390 363
T 432 312 363 451
T 451 339 312 363
T 451 432 485 363
T 339 390 363 451
T 588 563 439 509
T 509 588 464 439
T 485 363 439 509
T 509 390 363 439
T 509 485 563 439
T 390 464 439 509
T 679 660 523 588
T 588 679 546 523
T 563 439 523 588
T 588 464 439 523
T 588 563 660 523
T 464 546 523 588
T 819 782 635 679
T 679 819 675 635
T 660 523 635 679
T 679 546 523 635
T 679 660 782 635
T 546 675 635 679
T 927 901 775 819
T 819 927 806 775
T 782 635 775 819
T 819 675 635 775
T 819 782 901 775
T 675 806 775 819
T 1042 1023 915 927
T 927 1042 939 915
T 901 775 915 927
T 927 806 775 915
T 927 901 1023 915
T 806 939 915 927
T 1062 1049 915 1142
T 1142 1062 939 915
T 1124 1023 915 1142
T 1142 1042 1023 915
T 1142 1124 1049 915
T 1042 939 915 1142
T 233 249 355 257
T 257 373 355 233
T 342 355 373 233
T 233 342 362 373
T 233 241 257 373
T 241 362 373 233
T 257 249 355 281
T 281 257 373 355
T 275 384 355 281
T 281 398 384 355
T 281 275 249 355
T 398 373 355 281
T 281 275 384 312
T 312 281 398 384
T 306 416 384 312
T 312 432 416 384
T 312 306 275 384
T 432 398 384 312
T 312 306 416 363
T 363 312 432 416
T 348 468 416 363
T 363 485 468 416
T 363 348 306 416
T 485 432 416 363
T 363 348 468 439
T 439 363 485 468
T 435 543 468 439
T 439 563 543 468
T 439 435 348 468
T 563 485 468 439
T 439 435 543 523
T 523 439 563 543
T 517 648 543 523
T 523 660 648 543
T 523 517 435 543
T 660 563 543 523
T 523 517 648 635
T 635 523 660 648
T 624 767 648 635
T 635 782 767 648
T 635 624 517 648
T 782 660 648 635
T 635 624 767 775
T 775 635 782 767
T 768 890 767 775
T 775 901 890 767
T 775 768 624 767
T 901 782 767 775
T 775 768 890 915
T 915 775 901 890
T 910 1006 890 915
T 915 1023 1006 890
T 915 910 768 890
T 1023 901 890 915
T 1023 1006 1112 915
T 915 1023 1124 1112
T 910 1035 1112 915
T 915 1049 1035 1112
T 915 910 1006 1112
T 1049 1124 1112 915
T 951 967 826 1045
T 1045 918 826 951
T 816 826 918 951
T 951 816 909 918
T 951 1040 1045 918
T 1040 909 918 951
T 1069 943 843 1045
T 1045 1069 985 843
T 918 826 843 1045
T 1045 967 826 843
T 1045 918 943 843
T 967 985 843 1045
T 1086 976 885 1069
T 1069 1086 1004 885
T 943 843 885 1069
T 1069 985 843 885
T 1069 943 976 885
T 985 1004 885 1069
T 1123 1015 934 1086
T 1086 1123 1058 934
T 976 885 934 1086
T 1086 1004 885 934
T 1086 976 1015 934
T 1004 1058 934 1086
T 1169 1082 993 1123
T 1123 1169 1091 993
T 1015 934 993 1123
T 1123 1058 934 993
T 1123 1015 1082 993
T 1058 1091 993 1123
T 1214 1135 1061 1169
T 1169 1214 1157 1061
T 1082 993 1061 1169
T 1169 1091 993 1061
T 1169 1082 1135 1061
T 1091 1157 1061 1169
T 1244 1178 1136 1214
T 1214 1244 1207 1136
T 1135 1061 1136 1214
T 1214 1157 1061 1136
T 1214 1135 1178 1136
T 1157 1207 1136 1214
T 1280 1236 1186 1244
T 1244 1280 1253 1186
T 1178 1136 1186 1244
T 1244 1207 1136 1186
T 1244 1178 1236 1186
T 1207 1253 1186 1244
T 1305 1276 1243 1280
T 1280 1305 1288 1243
T 1236 1186 1243 1280
T 1280 1253 1186 1243
T 1280 1236 1276 1243
T 1253 1288 1243 1280
T 1310 1292 1243 1320
T 1320 1310 1288 1243
T 1304 1276 1243 1320
T 1320 1305 1276 1243
T 1320 1304 1292 1243
T 1305 1288 1243 1320
T 816 826 671 918
T 918 774 671 816
T 645 671 774 816
T 816 645 759 774
T 816 909 918 774
T 909 759 774 816
T 943 817 687 918
T 918 943 843 687
T 774 671 687 918
T 918 826 671 687
T 918 774 817 687
T 826 843 687 918
T 976 852 736 943
T 943 976 885 736
T 817 687 736 943
T 943 843 687 736
T 943 817 852 736
T 843 885 736 943
T 1015 893 802 976
T 976 1015 934 802
T 852 736 802 976
T 976 885 736 802
T 976 852 893 802
T 885 934 802 976
T 1082 973 864 1015
T 1015 1082 993 864
T 893 802 864 1015
T 1015 934 802 864
T 1015 893 973 864
T 934 993 864 1015
T 1135 1027 950 1082
T 1082 1135 1061 950
T 973 864 950 1082
T 1082 993 864 950
T 1082 973 1027 950
T 993 1061 950 1082
T 1178 1105 1030 1135
T 1135 1178 1136 1030
T 1027 950 1030 1135
T 1135 1061 950 1030
T 1135 1027 1105 1030
T 1061 1136 1030 1135
T 1236 1170 1118 1178
T 1178 1236 1186 1118
T 1105 1030 1118 1178
T 1178 1136 1030 1118
T 1178 1105 1170 1118
T 1136 1186 1118 1178
T 1276 1234 1187 1236
T 1236 1276 1243 1187
T 1170 1118 1187 1236
T 1236 1186 1118 1187
T 1236 1170 1234 1187
T 1186 1243 1187 1236
T 1292 1252 1187 1304
T 1304 1292 1243 1187
T 1282 1234 1187 1304
T 1304 1276 1234 1187
T 1304 1282 1252 1187
T 1276 1243 1187 1304
T 645 671 537 774
T 774 637 537 645
T 512 537 637 645
T 645 512 628 637
T 645 759 774 637
T 759 628 637 645
T 817 677 549 774
T 774 817 687 549
T 637 537 549 774
T 774 671 537 549
T 774 637 677 549
T 671 687 549 774
T 852 722 600 817
T 817 852 736 600
T 677 549 600 817
T 817 687 549 600
T 817 677 722 600
T 687 736 600 817
T 893 780 672 852
T 852 893 802 672
T 722 600 672 852
T 852 736 600 672
T 852 722 780 672
T 736 802 672 852
T 973 858 744 893
T 893 973 864 744
T 780 672 744 893
T 893 802 672 744
T 893 780 858 744
T 802 864 744 893
T 1027 936 836 973
T 973 1027 950 836
T 858 744 836 973
T 973 864 744 836
T 973 858 936 836
T 864 950 836 973
T 1105 1025 946 1027
T 1027 1105 1030 946
T 936 836 946 1027
T 1027 950 836 946
T 1027 936 1025 946
T 950 1030 946 1027
T 1170 1104 1037 1105
T 1105 1170 1118 1037
T 1025 946 1037 1105
T 1105 1030 946 1037
T 1105 1025 1104 1037
T 1030 1118 1037 1105
T 1234 1176 1132 1170
T 1170 1234 1187 1132
T 1104 1037 1132 1170
T 1170 1118 1037 1132
T 1170 1104 1176 1132
T 1118 1187 1132 1170
T 1252 1212 1132 1282
T 1282 1252 1187 1132
T 1246 1176 1132 1282
T 1282 1234 1176 1132
T 1282 1246 1212 1132
T 1234 1187 1132 1282
T 512 537 419 637
T 637 534 419 512
T 409 419 534 512
T 512 409 518 534
T 512 628 637 534
T 628 518 534 512
T 677 551 446 637
T 637 677 549 446
T 534 419 446 637
T 637 537 419 446
T 637 534 551 446
T 537 549 446 637
T 722 597 486 677
T 677 722 600 486
T 551 446 486 677
T 677 549 446 486
T 677 551 597 486
T 549 600 486 677
T 780 662 540 722
T 722 780 672 540
T 597 486 540 722
T 722 600 486 540
T 722 597 662 540
T 600 672 540 722
T 858 756 609 780
T 780 858 744 609
T 662 540 609 780
T 780 672 540 609
T 780 662 756 609
T 672 744 609 780
T 936 842 726 858
T 858 936 836 726
T 756 609 726 858
T 858 744 609 726
T 858 756 842 726
T 744 836 726 858
T 1025 948 841 936
T 936 1025 946 841
T 842 726 841 936
T 936 836 726 841
T 936 842 948 841
T 836 946 841 936
T 1104 1043 958 1025
T 1025 1104 1037 958
T 948 841 958 1025
T 1025 946 841 958
T 1025 948 1043 958
T 946 1037 958 1025
T 1176 1131 1068 1104
T 1104 1176 1132 1068
T 1043 958 1068 1104
T 1104 1037 958 1068
T 1104 1043 1131 1068
T 1037 1132 1068 1104
T 1212 1155 1068 1246
T 1246 1212 1132 1068
T 1211 1131 1068 1246
T 1246 1176 1131 1068
T 1246 1211 1155 1068
T 1176 1132 1068 1246
T 409 419 341 534
T 534 442 341 409
T 325 341 442 409
T 409 325 422 442
T 409 518 534 442
T 518 422 442 409
T 551 461 358 534
T 534 551 446 358
T 442 341 358 534
T 534 419 341 358
T 534 442 461 358
T 419 446 358 534
T 597 498 404 551
T 551 597 486 404
T 461 358 404 551
T 551 446 358 404
T 551 461 498 404
T 446 486 404 551
T 662 575 457 597
T 597 662 540 457
T 498 404 457 597
T 597 486 404 457
T 597 498 575 457
T 486 540 457 597
T 756 638 525 662
T 662 756 609 525
T 575 457 525 662
T 662 540 457 525
T 662 575 638 525
T 540 609 525 662
T 842 741 610 756
T 756 842 726 610
T 638 525 610 756
T 756 609 525 610
T 756 638 741 610
T 609 726 610 756
T 948 859 757 842
T 842 948 841 757
T 741 610 757 842
T 842 726 610 757
T 842 741 859 757
T 726 841 757 842
T 1043 972 877 948
T 948 1043 958 877
T 859 757 877 948
T 948 841 757 877
T 948 859 972 877
T 841 958 877 948
T 1131 1077 996 1043
T 1043 1131 1068 996
T 972 877 996 1043
T 1043 958 877 996
T 1043 972 1077 996
T 958 1068 996 1043
T 1155 1099 996 1211
T 1211 1155 1068 996
T 1164 1077 996 1211
T 1211 1131 1077 996
T 1211 1164 1099 996
T 1131 1068 996 1211
T 325 341 278 442
T 442 367 278 325
T 265 278 367 325
T 325 265 356 367
T 325 422 442 367
T 422 356 367 325
T 461 393 294 442
T 442 461 358 294
T 367 278 294 442
T 442 341 278 294
T 442 367 393 294
T 341 358 294 442
T 498 431 319 461
T 461 498 404 319
T 393 294 319 461
T 461 358 294 319
T 461 393 431 319
T 358 404 319 461
T 575 475 386 498
T 498 575 457 386
T 431 319 386 498
T 498 404 319 386
T 498 431 475 386
T 404 457 386 498
T 638 579 449 575
T 575 638 525 449
T 475 386 449 575
T 575 457 386 449
T 575 475 579 449
T 457 525 449 575
T 741 650 538 638
T 638 741 610 538
T 579 449 538 638
T 638 525 449 538
T 638 579 650 538
T 525 610 538 638
T 859 777 667 741
T 741 859 757 667
T 650 538 667 741
T 741 610 538 667
T 741 650 777 667
T 610 757 667 741
T 972 898 792 859
T 859 972 877 792
T 777 667 792 859
T 859 757 667 792
T 859 777 898 792
T 757 877 792 859
T 1077 1016 929 972
T 972 1077 996 929
T 898 792 929 972
T 972 877 792 929
T 972 898 1016 929
T 877 996 929 972
T 1099 1053 929 1164
T 1164 1099 996 929
T 1127 1016 929 1164
T 1164 1077 1016 929
T 1164 1127 1053 929
T 1077 996 929 1164
T 265 278 227 367
T 367 310 227 265
T 220 227 310 265
T 265 220 303 310
T 265 356 367 310
T 356 303 310 265
T 393 337 232 367
T 367 393 294 232
T 310 227 232 367
T 367 278 227 232
T 367 310 337 232
T 278 294 232 367
T 431 377 286 393
T 393 431 319 286
T 337 232 286 393
T 393 294 232 286
T 393 337 377 286
T 294 319 286 393
T 475 421 326 431
T 431 475 386 326
T 377 286 326 431
T 431 319 286 326
T 431 377 421 326
T 319 386 326 431
T 579 503 401 475
T 475 579 449 401
T 421 326 401 475
T 475 386 326 401
T 475 421 503 401
T 386 449 401 475
T 650 593 473 579
T 579 650 538 473
T 503 401 473 579
T 579 449 401 473
T 579 503 593 473
T 449 538 473 579
T 777 717 599 650
T 650 777 667 599
T 593 473 599 650
T 650 538 473 599
T 650 593 717 599
T 538 667 599 650
T 898 853 730 777
T 777 898 792 730
T 717 599 730 777
T 777 667 599 730
T 777 717 853 730
T 667 792 730 777
T 1016 975 884 898
T 898 1016 929 884
T 853 730 884 898
T 898 792 730 884
T 898 853 975 884
T 792 929 884 898
T 1053 1008 884 1127
T 1127 1053 929 884
T 1088 975 884 1127
T 1127 1016 975 884
T 1127 1088 1008 884
T 1016 929 884 1127
T 220 227 199 310
T 310 285 199 220
T 184 199 285 220
T 220 184 273 285
T 220 303 310 285
T 303 273 285 220
T 337 302 210 310
T 310 337 232 210
T 285 199 210 310
T 310 227 199 210
T 310 285 302 210
T 227 232 210 310
T 377 339 239 337
T 337 377 286 239
T 302 210 239 337
T 337 232 210 239
T 337 302 339 239
T 232 286 239 337
T 421 390 296 377
T 377 421 326 296
T 339 239 296 377
T 377 286 239 296
T 377 339 390 296
T 286 326 296 377
T 503 464 347 421
T 421 503 401 347
T 390 296 347 421
T 421 326 296 347
T 421 390 464 347
T 326 401 347 421
T 593 546 445 503
T 503 593 473 445
T 464 347 445 503
T 503 401 347 445
T 503 464 546 445
T 401 473 445 503
T 717 675 544 593
T 593 717 599 544
T 546 445 544 593
T 593 473 445 544
T 593 546 675 544
T 473 599 544 593
T 853 806 685 717
T 717 853 730 685
T 675 544 685 717
T 717 599 544 685
T 717 675 806 685
T 599 730 685 717
T 975 939 837 853
T 853 975 884 837
T 806 685 837 853
T 853 730 685 837
T 853 806 939 837
T 730 884 837 853
T 1008 980 837 1088
T 1088 1008 884 837
T 1062 939 837 1088
T 1088 975 939 837
T 1088 1062 980 837
T 975 884 837 1088
T 184 199 174 285
T 285 257 174 184
T 168 174 257 184
T 184 168 241 257
T 184 273 285 257
T 273 241 257 184
T 302 281 189 285
T 285 302 210 189
T 257 174 189 285
T 285 199 174 189
T 285 257 281 189
T 199 210 189 285
T 339 312 224 302
T 302 339 239 224
T 281 189 224 302
T 302 210 189 224
T 302 281 312 224
T 210 239 224 302
T 390 363 277 339
T 339 390 296 277
T 312 224 277 339
T 339 239 224 277
T 339 312 363 277
T 239 296 277 339
T 464 439 340 390
T 390 464 347 340
T 363 277 340 390
T 390 296 277 340
T 390 363 439 340
T 296 347 340 390
T 546 523 413 464
T 464 546 445 413
T 439 340 413 464
T 464 347 340 413
T 464 439 523 413
T 347 445 413 464
T 675 635 536 546
T 546 675 544 536
T 523 413 536 546
T 546 445 413 536
T 546 523 635 536
T 445 544 536 546
T 806 775 654 675
T 675 806 685 654
T 635 536 654 675
T 675 544 536 654
T 675 635 775 654
T 544 685 654 675
T 939 915 823 806
T 806 939 837 823
T 775 654 823 806
T 806 685 654 823
T 806 775 915 823
T 685 837 823 806
T 980 964 823 1062
T 1062 980 837 823
T 1049 915 823 1062
T 1062 939 915 823
T 1062 1049 964 823
T 939 837 823 1062
T 161 169 249 174
T 174 257 249 161
T 233 249 257 161
T 161 233 241 257
T 161 168 174 257
T 168 241 257 161
T 174 169 249 189
T 189 174 257 249
T 182 275 249 189
T 189 281 275 249
T 189 182 169 249
T 281 257 249 189
T 189 182 275 224
T 224 189 281 275
T 222 306 275 224
T 224 312 306 275
T 224 222 182 275
T 312 281 275 224
T 224 222 306 277
T 277 224 312 306
T 264 348 306 277
T 277 363 348 306
T 277 264 222 306
T 363 312 306 277
T 277 264 348 340
T 340 277 363 348
T 324 435 348 340
T 340 439 435 348
T 340 324 264 348
T 439 363 348 340
T 340 324 435 413
T 413 340 439 435
T 406 517 435 413
T 413 523 517 435
T 413 406 324 435
T 523 439 435 413
T 413 406 517 536
T 536 413 523 517
T 521 624 517 536
T 536 635 624 517
T 536 521 406 517
T 635 523 517 536
T 536 521 624 654
T 654 536 635 624
T 642 768 624 654
T 654 775 768 624
T 654 642 521 624
T 775 635 624 654
T 654 642 768 823
T 823 654 775 768
T 804 910 768 823
T 823 915 910 768
T 823 804 642 768
T 915 775 768 823
T 915 910 1035 823
T 823 915 1049 1035
T 804 955 1035 823
T 823 964 955 1035
T 823 804 910 1035
T 964 1049 1035 823
T 870 879 715 967
T 967 826 715 870
T 707 715 826 870
T 870 707 816 826
T 870 951 967 826
T 951 816 826 870
T 985 843 742 967
T 967 985 895 742
T 826 715 742 967
T 967 879 715 742
T 967 826 843 742
T 879 895 742 967
T 1004 885 785 985
T 985 1004 937 785
T 843 742 785 985
T 985 895 742 785
T 985 843 885 785
T 895 937 785 985
T 1058 934 847 1004
T 1004 1058 986 847
T 885 785 847 1004
T 1004 937 785 847
T 1004 885 934 847
T 937 986 847 1004
T 1091 993 920 1058
T 1058 1091 1046 920
T 934 847 920 1058
T 1058 986 847 920
T 1058 934 993 920
T 986 1046 920 1058
T 1157 1061 992 1091
T 1091 1157 1090 992
T 993 920 992 1091
T 1091 1046 920 992
T 1091 993 1061 992
T 1046 1090 992 1091
T 1207 1136 1080 1157
T 1157 1207 1167 1080
T 1061 992 1080 1157
T 1157 1090 992 1080
T 1157 1061 1136 1080
T 1090 1167 1080 1157
T 1253 1186 1147 1207
T 1207 1253 1221 1147
T 1136 1080 1147 1207
T 1207 1167 1080 1147
T 1207 1136 1186 1147
T 1167 1221 1147 1207
T 1288 1243 1216 1253
T 1253 1288 1268 1216
T 1186 1147 1216 1253
T 1253 1221 1147 1216
T 1253 1186 1243 1216
T 1221 1268 1216 1253
T 1295 1269 1216 1310
T 1310 1295 1268 1216
T 1292 1243 1216 1310
T 1310 1288 1243 1216
T 1310 1292 1269 1216
T 1288 1268 1216 1310
T 707 715 562 826
T 826 671 562 707
T 553 562 671 707
T 707 553 645 671
T 707 816 826 671
T 816 645 671 707
T 843 687 586 826
T 826 843 742 586
T 671 562 586 826
T 826 715 562 586
T 826 671 687 586
T 715 742 586 826
T 885 736 618 843
T 843 885 785 618
T 687 586 618 843
T 843 742 586 618
T 843 687 736 618
T 742 785 618 843
T 934 802 698 885
T 885 934 847 698
T 736 618 698 885
T 885 785 618 698
T 885 736 802 698
T 785 847 698 885
T 993 864 784 934
T 934 993 920 784
T 802 698 784 934
T 934 847 698 784
T 934 802 864 784
T 847 920 784 934
T 1061 950 861 993
T 993 1061 992 861
T 864 784 861 993
T 993 920 784 861
T 993 864 950 861
T 920 992 861 993
T 1136 1030 970 1061
T 1061 1136 1080 970
T 950 861 970 1061
T 1061 992 861 970
T 1061 950 1030 970
T 992 1080 970 1061
T 1186 1118 1060 1136
T 1136 1186 1147 1060
T 1030 970 1060 1136
T 1136 1080 970 1060
T 1136 1030 1118 1060
T 1080 1147 1060 1136
T 1243 1187 1150 1186
T 1186 1243 1216 1150
T 1118 1060 1150 1186
T 1186 1147 1060 1150
T 1186 1118 1187 1150
T 1147 1216 1150 1186
T 1269 1218 1150 1292
T 1292 1269 1216 1150
T 1252 1187 1150 1292
T 1292 1243 1187 1150
T 1292 1252 1218 1150
T 1243 1216 1150 1292
T 553 562 438 671
T 671 537 438 553
T 427 438 537 553
T 553 427 512 537
T 553 645 671 537
T 645 512 537 553
T 687 549 460 671
T 671 687 586 460
T 537 438 460 671
T 671 562 438 460
T 671 537 549 460
T 562 586 460 671
T 736 600 496 687
T 687 736 618 496
T 549 460 496 687
T 687 586 460 496
T 687 549 600 496
T 586 618 496 687
T 802 672 574 736
T 736 802 698 574
T 600 496 574 736
T 736 618 496 574
T 736 600 672 574
T 618 698 574 736
T 864 744 631 802
T 802 864 784 631
T 672 574 631 802
T 802 698 574 631
T 802 672 744 631
T 698 784 631 802
T 950 836 740 864
T 864 950 861 740
T 744 631 740 864
T 864 784 631 740
T 864 744 836 740
T 784 861 740 864
T 1030 946 857 950
T 950 1030 970 857
T 836 740 857 950
T 950 861 740 857
T 950 836 946 857
T 861 970 857 950
T 1118 1037 969 1030
T 1030 1118 1060 969
T 946 857 969 1030
T 1030 970 857 969
T 1030 946 1037 969
T 970 1060 969 1030
T 1187 1132 1078 1118
T 1118 1187 1150 1078
T 1037 969 1078 1118
T 1118 1060 969 1078
T 1118 1037 1132 1078
T 1060 1150 1078 1118
T 1218 1168 1078 1252
T 1252 1218 1150 1078
T 1212 1132 1078 1252
T 1252 1187 1132 1078
T 1252 1212 1168 1078
T 1187 1150 1078 1252
T 427 438 332 537
T 537 419 332 427
T 323 332 419 427
T 427 323 409 419
T 427 512 537 419
T 512 409 419 427
T 549 446 346 537
T 537 549 460 346
T 419 332 346 537
T 537 438 332 346
T 537 419 446 346
T 438 460 346 537
T 600 486 402 549
T 549 600 496 402
T 446 346 402 549
T 549 460 346 402
T 549 446 486 402
T 460 496 402 549
T 672 540 455 600
T 600 672 574 455
T 486 402 455 600
T 600 496 402 455
T 600 486 540 455
T 496 574 455 600
T 744 609 524 672
T 672 744 631 524
T 540 455 524 672
T 672 574 455 524
T 672 540 609 524
T 574 631 524 672
T 836 726 608 744
T 744 836 740 608
T 609 524 608 744
T 744 631 524 608
T 744 609 726 608
T 631 740 608 744
T 946 841 749 836
T 836 946 857 749
T 726 608 749 836
T 836 740 608 749
T 836 726 841 749
T 740 857 749 836
T 1037 958 863 946
T 946 1037 969 863
T 841 749 863 946
T 946 857 749 863
T 946 841 958 863
T 857 969 863 946
T 1132 1068 995 1037
T 1037 1132 1078 995
T 958 863 995 1037
T 1037 969 863 995
T 1037 958 1068 995
T 969 1078 995 1037
T 1168 1097 995 1212
T 1212 1168 1078 995
T 1155 1068 995 1212
T 1212 1132 1068 995
T 1212 1155 1097 995
T 1132 1078 995 1212
T 323 332 255 419
T 419 341 255 323
T 246 255 341 323
T 323 246 325 341
T 323 409 419 341
T 409 325 341 323
T 446 358 280 419
T 419 446 346 280
T 341 255 280 419
T 419 332 255 280
T 419 341 358 280
T 332 346 280 419
T 486 404 309 446
T 446 486 402 309
T 358 280 309 446
T 446 346 280 309
T 446 358 404 309
T 346 402 309 446
T 540 457 368 486
T 486 540 455 368
T 404 309 368 486
T 486 402 309 368
T 486 404 457 368
T 402 455 368 486
T 609 525 444 540
T 540 609 524 444
T 457 368 444 540
T 540 455 368 444
T 540 457 525 444
T 455 524 444 540
T 726 610 531 609
T 609 726 608 531
T 525 444 531 609
T 609 524 444 531
T 609 525 610 531
T 524 608 531 609
T 841 757 639 726
T 726 841 749 639
T 610 531 639 726
T 726 608 531 639
T 726 610 757 639
T 608 749 639 726
T 958 877 781 841
T 841 958 863 781
T 757 639 781 841
T 841 749 639 781
T 841 757 877 781
T 749 863 781 841
T 1068 996 921 958
T 958 1068 995 921
T 877 781 921 958
T 958 863 781 921
T 958 877 996 921
T 863 995 921 958
T 1097 1052 921 1155
T 1155 1097 995 921
T 1099 996 921 1155
T 1155 1068 996 921
T 1155 1099 1052 921
T 1068 995 921 1155
T 246 255 200 341
T 341 278 200 246
T 191 200 278 246
T 246 191 265 278
T 246 325 341 278
T 325 265 278 246
T 358 294 221 341
T 341 358 280 221
T 278 200 221 341
T 341 255 200 221
T 341 278 294 221
T 255 280 221 341
T 404 319 240 358
T 358 404 309 240
T 294 221 240 358
T 358 280 221 240
T 358 294 319 240
T 280 309 240 358
T 457 386 300 404
T 404 457 368 300
T 319 240 300 404
T 404 309 240 300
T 404 319 386 300
T 309 368 300 404
T 525 449 371 457
T 457 525 444 371
T 386 300 371 457
T 457 368 300 371
T 457 386 449 371
T 368 444 371 457
T 610 538 448 525
T 525 610 531 448
T 449 371 448 525
T 525 444 371 448
T 525 449 538 448
T 444 531 448 525
T 757 667 577 610
T 610 757 639 577
T 538 448 577 610
T 610 531 448 577
T 610 538 667 577
T 531 639 577 610
T 877 792 692 757
T 757 877 781 692
T 667 577 692 757
T 757 639 577 692
T 757 667 792 692
T 639 781 692 757
T 996 929 846 877
T 877 996 921 846
T 792 692 846 877
T 877 781 692 846
T 877 792 929 846
T 781 921 846 877
T 1052 989 846 1099
T 1099 1052 921 846
T 1053 929 846 1099
T 1099 996 929 846
T 1099 1053 989 846
T 996 921 846 1099
T 191 200 152 278
T 278 227 152 191
T 147 152 227 191
T 191 147 220 227
T 191 265 278 227
T 265 220 227 191
T 294 232 172 278
T 278 294 221 172
T 227 152 172 278
T 278 200 152 172
T 278 227 232 172
T 200 221 172 278
T 319 286 206 294
T 294 319 240 206
T 232 172 206 294
T 294 221 172 206
T 294 232 286 206
T 221 240 206 294
T 386 326 243 319
T 319 386 300 243
T 286 206 243 319
T 319 240 206 243
T 319 286 326 243
T 240 300 243 319
T 449 401 315 386
T 386 449 371 315
T 326 243 315 386
T 386 300 243 315
T 386 326 401 315
T 300 371 315 386
T 538 473 400 449
T 449 538 448 400
T 401 315 400 449
T 449 371 315 400
T 449 401 473 400
T 371 448 400 449
T 667 599 504 538
T 538 667 577 504
T 473 400 504 538
T 538 448 400 504
T 538 473 599 504
T 448 577 504 538
T 792 730 617 667
T 667 792 692 617
T 599 504 617 667
T 667 577 504 617
T 667 599 730 617
T 577 692 617 667
T 929 884 787 792
T 792 929 846 787
T 730 617 787 792
T 792 692 617 787
T 792 730 884 787
T 692 846 787 792
T 989 941 787 1053
T 1053 989 846 787
T 1008 884 787 1053
T 1053 929 884 787
T 1053 1008 941 787
T 929 846 787 1053
T 147 152 128 227
T 227 199 128 147
T 122 128 199 147
T 147 122 184 199
T 147 220 227 199
T 220 184 199 147
T 232 210 137 227
T 227 232 172 137
T 199 128 137 227
T 227 152 128 137
T 227 199 210 137
T 152 172 137 227
T 286 239 170 232
T 232 286 206 170
T 210 137 170 232
T 232 172 137 170
T 232 210 239 170
T 172 206 170 232
T 326 296 215 286
T 286 326 243 215
T 239 170 215 286
T 286 206 170 215
T 286 239 296 215
T 206 243 215 286
T 401 347 287 326
T 326 401 315 287
T 296 215 287 326
T 326 243 215 287
T 326 296 347 287
T 243 315 287 326
T 473 445 345 401
T 401 473 400 345
T 347 287 345 401
T 401 315 287 345
T 401 347 445 345
T 315 400 345 401
T 599 544 462 473
T 473 599 504 462
T 445 345 462 473
T 473 400 345 462
T 473 445 544 462
T 400 504 462 473
T 730 685 587 599
T 599 730 617 587
T 544 462 587 599
T 599 504 462 587
T 599 544 685 587
T 504 617 587 599
T 884 837 748 730
T 730 884 787 748
T 685 587 748 730
T 730 617 587 748
T 730 685 837 748
T 617 787 748 730
T 941 904 748 1008
T 1008 941 787 748
T 980 837 748 1008
T 1008 884 837 748
T 1008 980 904 748
T 884 787 748 1008
T 122 128 113 199
T 199 174 113 122
T 109 113 174 122
T 122 109 168 174
T 122 184 199 174
T 184 168 174 122
T 210 189 129 199
T 199 210 137 129
T 174 113 129 199
T 199 128 113 129
T 199 174 189 129
T 128 137 129 199
T 239 224 153 210
T 210 239 170 153
T 189 129 153 210
T 210 137 129 153
T 210 189 224 153
T 137 170 153 210
T 296 277 203 239
T 239 296 215 203
T 224 153 203 239
T 239 170 153 203
T 239 224 277 203
T 170 215 203 239
T 347 340 260 296
T 296 347 287 260
T 277 203 260 296
T 296 215 203 260
T 296 277 340 260
T 215 287 260 296
T 445 413 330 347
T 347 445 345 330
T 340 260 330 347
T 347 287 260 330
T 347 340 413 330
T 287 345 330 347
T 544 536 440 445
T 445 544 462 440
T 413 330 440 445
T 445 345 330 440
T 445 413 536 440
T 345 462 440 445
T 685 654 564 544
T 544 685 587 564
T 536 440 564 544
T 544 462 440 564
T 544 536 654 564
T 462 587 564 544
T 837 823 719 685
T 685 837 748 719
T 654 564 719 685
T 685 587 564 719
T 685 654 823 719
T 587 748 719 685
T 904 882 719 980
T 980 904 748 719
T 964 823 719 980
T 980 837 823 719
T 980 964 882 719
T 837 748 719 980
T 93 100 169 113
T 113 174 169 93
T 161 169 174 93
T 93 161 168 174
T 93 109 113 174
T 109 168 174 93
T 113 100 169 129
T 129 113 174 169
T 116 182 169 129
T 129 189 182 169
T 129 116 100 169
T 189 174 169 129
T 129 116 182 153
T 153 129 189 182
T 143 222 182 153
T 153 224 222 182
T 153 143 116 182
T 224 189 182 153
T 153 143 222 203
T 203 153 224 222
T 190 264 222 203
T 203 277 264 222
T 203 190 143 222
T 277 224 222 203
T 203 190 264 260
T 260 203 277 264
T 252 324 264 260
T 260 340 324 264
T 260 252 190 264
T 340 277 264 260
T 260 252 324 330
T 330 260 340 324
T 318 406 324 330
T 330 413 406 324
T 330 318 252 324
T 413 340 324 330
T 330 318 406 440
T 440 330 413 406
T 430 521 406 440
T 440 536 521 406
T 440 430 318 406
T 536 413 406 440
T 440 430 521 564
T 564 440 536 521
T 545 642 521 564
T 564 654 642 521
T 564 545 430 521
T 654 536 521 564
T 564 545 642 719
T 719 564 654 642
T 711 804 642 719
T 719 823 804 642
T 719 711 545 642
T 823 654 642 719
T 823 804 955 719
T 719 823 964 955
T 711 867 955 719
T 719 882 867 955
T 719 711 804 955
T 882 964 955 719
T 800 815 620 879
T 879 715 620 800
T 614 620 715 800
T 800 614 707 715
T 800 870 879 715
T 870 707 715 800
T 895 742 658 879
T 879 895 830 658
T 715 620 658 879
T 879 815 620 658
T 879 715 742 658
T 815 830 658 879
T 937 785 712 895
T 895 937 874 712
T 742 658 712 895
T 895 830 658 712
T 895 742 785 712
T 830 874 712 895
T 986 847 771 937
T 937 986 924 771
T 785 712 771 937
T 937 874 712 771
T 937 785 847 771
T 874 924 771 937
T 1046 920 855 986
T 986 1046 987 855
T 847 771 855 986
T 986 924 771 855
T 986 847 920 855
T 924 987 855 986
T 1090 992 931 1046
T 1046 1090 1054 931
T 920 855 931 1046
T 1046 987 855 931
T 1046 920 992 931
T 987 1054 931 1046
T 1167 1080 1017 1090
T 1090 1167 1120 1017
T 992 931 1017 1090
T 1090 1054 931 1017
T 1090 992 1080 1017
T 1054 1120 1017 1090
T 1221 1147 1092 1167
T 1167 1221 1183 1092
T 1080 1017 1092 1167
T 1167 1120 1017 1092
T 1167 1080 1147 1092
T 1120 1183 1092 1167
T 1268 1216 1174 1221
T 1221 1268 1242 1174
T 1147 1092 1174 1221
T 1221 1183 1092 1174
T 1221 1147 1216 1174
T 1183 1242 1174 1221
T 1285 1238 1174 1295
T 1295 1285 1242 1174
T 1269 1216 1174 1295
T 1295 1268 1216 1174
T 1295 1269 1238 1174
T 1268 1242 1174 1295
T 614 620 480 715
T 715 562 480 614
T 469 480 562 614
T 614 469 553 562
T 614 707 715 562
T 707 553 562 614
T 742 586 510 715
T 715 742 658 510
T 562 480 510 715
T 715 620 480 510
T 715 562 586 510
T 620 658 510 715
T 785 618 548 742
T 742 785 712 548
T 586 510 548 742
T 742 658 510 548
T 742 586 618 548
T 658 712 548 742
T 847 698 604 785
T 785 847 771 604
T 618 548 604 785
T 785 712 548 604
T 785 618 698 604
T 712 771 604 785
T 920 784 694 847
T 847 920 855 694
T 698 604 694 847
T 847 771 604 694
T 847 698 784 694
T 771 855 694 847
T 992 861 794 920
T 920 992 931 794
T 784 694 794 920
T 920 855 694 794
T 920 784 861 794
T 855 931 794 920
T 1080 970 905 992
T 992 1080 1017 905
T 861 794 905 992
T 992 931 794 905
T 992 861 970 905
T 931 1017 905 992
T 1147 1060 999 1080
T 1080 1147 1092 999
T 970 905 999 1080
T 1080 1017 905 999
T 1080 970 1060 999
T 1017 1092 999 1080
T 1216 1150 1096 1147
T 1147 1216 1174 1096
T 1060 999 1096 1147
T 1147 1092 999 1096
T 1147 1060 1150 1096
T 1092 1174 1096 1147
T 1238 1184 1096 1269
T 1269 1238 1174 1096
T 1218 1150 1096 1269
T 1269 1216 1150 1096
T 1269 1218 1184 1096
T 1216 1174 1096 1269
T 469 480 364 562
T 562 438 364 469
T 353 364 438 469
T 469 353 427 438
T 469 553 562 438
T 553 427 438 469
T 586 460 396 562
T 562 586 510 396
T 438 364 396 562
T 562 480 364 396
T 562 438 460 396
T 480 510 396 562
T 618 496 420 586
T 586 618 548 420
T 460 396 420 586
T 586 510 396 420
T 586 460 496 420
T 510 548 420 586
T 698 574 482 618
T 618 698 604 482
T 496 420 482 618
T 618 548 420 482
T 618 496 574 482
T 548 604 482 618
T 784 631 576 698
T 698 784 694 576
T 574 482 576 698
T 698 604 482 576
T 698 574 631 576
T 604 694 576 698
T 861 740 651 784
T 784 861 794 651
T 631 576 651 784
T 784 694 576 651
T 784 631 740 651
T 694 794 651 784
T 970 857 783 861
T 861 970 905 783
T 740 651 783 861
T 861 794 651 783
T 861 740 857 783
T 794 905 783 861
T 1060 969 902 970
T 970 1060 999 902
T 857 783 902 970
T 970 905 783 902
T 970 857 969 902
T 905 999 902 970
T 1150 1078 1014 1060
T 1060 1150 1096 1014
T 969 902 1014 1060
T 1060 999 902 1014
T 1060 969 1078 1014
T 999 1096 1014 1060
T 1184 1125 1014 1218
T 1218 1184 1096 1014
T 1168 1078 1014 1218
T 1218 1150 1078 1014
T 1218 1168 1125 1014
T 1150 1096 1014 1218
T 353 364 269 438
T 438 332 269 353
T 262 269 332 353
T 353 262 323 332
T 353 427 438 332
T 427 323 332 353
T 460 346 291 438
T 438 460 396 291
T 332 269 291 438
T 438 364 269 291
T 438 332 346 291
T 364 396 291 438
T 496 402 328 460
T 460 496 420 328
T 346 291 328 460
T 460 396 291 328
T 460 346 402 328
T 396 420 328 460
T 574 455 378 496
T 496 574 482 378
T 402 328 378 496
T 496 420 328 378
T 496 402 455 378
T 420 482 378 496
T 631 524 456 574
T 574 631 576 456
T 455 378 456 574
T 574 482 378 456
T 574 455 524 456
T 482 576 456 574
T 740 608 539 631
T 631 740 651 539
T 524 456 539 631
T 631 576 456 539
T 631 524 608 539
T 576 651 539 631
T 857 749 666 740
T 740 857 783 666
T 608 539 666 740
T 740 651 539 666
T 740 608 749 666
T 651 783 666 740
T 969 863 801 857
T 857 969 902 801
T 749 666 801 857
T 857 783 666 801
T 857 749 863 801
T 783 902 801 857
T 1078 995 932 969
T 969 1078 1014 932
T 863 801 932 969
T 969 902 801 932
T 969 863 995 932
T 902 1014 932 969
T 1125 1057 932 1168
T 1168 1125 1014 932
T 1097 995 932 1168
T 1168 1078 995 932
T 1168 1097 1057 932
T 1078 1014 932 1168
T 262 269 205 332
T 332 255 205 262
T 197 205 255 262
T 262 197 246 255
T 262 323 332 255
T 323 246 255 262
T 346 280 223 332
T 332 346 291 223
T 255 205 223 332
T 332 269 205 223
T 332 255 280 223
T 269 291 223 332
T 402 309 250 346
T 346 402 328 250
T 280 223 250 346
T 346 291 223 250
T 346 280 309 250
T 291 328 250 346
T 455 368 301 402
T 402 455 378 301
T 309 250 301 402
T 402 328 250 301
T 402 309 368 301
T 328 378 301 402
T 524 444 372 455
T 455 524 456 372
T 368 301 372 455
T 455 378 301 372
T 455 368 444 372
T 378 456 372 455
T 608 531 458 524
T 524 608 539 458
T 444 372 458 524
T 524 456 372 458
T 524 444 531 458
T 456 539 458 524
T 749 639 578 608
T 608 749 666 578
T 531 458 578 608
T 608 539 458 578
T 608 531 639 578
T 539 666 578 608
T 863 781 702 749
T 749 863 801 702
T 639 578 702 749
T 749 666 578 702
T 749 639 781 702
T 666 801 702 749
T 995 921 854 863
T 863 995 932 854
T 781 702 854 863
T 863 801 702 854
T 863 781 921 854
T 801 932 854 863
T 1057 991 854 1097
T 1097 1057 932 854
T 1052 921 854 1097
T 1097 995 921 854
T 1097 1052 991 854
T 995 932 854 1097
T 197 205 138 255
T 255 200 138 197
T 134 138 200 197
T 197 134 191 200
T 197 246 255 200
T 246 191 200 197
T 280 221 159 255
T 255 280 223 159
T 200 138 159 255
T 255 205 138 159
T 255 200 221 159
T 205 223 159 255
T 309 240 185 280
T 280 309 250 185
T 221 159 185 280
T 280 223 159 185
T 280 221 240 185
T 223 250 185 280
T 368 300 230 309
T 309 368 301 230
T 240 185 230 309
T 309 250 185 230
T 309 240 300 230
T 250 301 230 309
T 444 371 297 368
T 368 444 372 297
T 300 230 297 368
T 368 301 230 297
T 368 300 371 297
T 301 372 297 368
T 531 448 383 444
T 444 531 458 383
T 371 297 383 444
T 444 372 297 383
T 444 371 448 383
T 372 458 383 444
T 639 577 483 531
T 531 639 578 483
T 448 383 483 531
T 531 458 383 483
T 531 448 577 483
T 458 578 483 531
T 781 692 606 639
T 639 781 702 606
T 577 483 606 639
T 639 578 483 606
T 639 577 692 606
T 578 702 606 639
T 921 846 766 781
T 781 921 854 766
T 692 606 766 781
T 781 702 606 766
T 781 692 846 766
T 702 854 766 781
T 991 925 766 1052
T 1052 991 854 766
T 989 846 766 1052
T 1052 921 846 766
T 1052 989 925 766
T 921 854 766 1052
T 134 138 103 200
T 200 152 103 134
T 94 103 152 134
T 134 94 147 152
T 134 191 200 152
T 191 147 152 134
T 221 172 125 200
T 200 221 159 125
T 152 103 125 200
T 200 138 103 125
T 200 152 172 125
T 138 159 125 200
T 240 206 150 221
T 221 240 185 150
T 172 125 150 221
T 221 159 125 150
T 221 172 206 150
T 159 185 150 221
T 300 243 186 240
T 240 300 230 186
T 206 150 186 240
T 240 185 150 186
T 240 206 243 186
T 185 230 186 240
T 371 315 251 300
T 300 371 297 251
T 243 186 251 300
T 300 230 186 251
T 300 243 315 251
T 230 297 251 300
T 448 400 327 371
T 371 448 383 327
T 315 251 327 371
T 371 297 251 327
T 371 315 400 327
T 297 383 327 371
T 577 504 434 448
T 448 577 483 434
T 400 327 434 448
T 448 383 327 434
T 448 400 504 434
T 383 483 434 448
T 692 617 547 577
T 577 692 606 547
T 504 434 547 577
T 577 483 434 547
T 577 504 617 547
T 483 606 547 577
T 846 787 706 692
T 692 846 766 706
T 617 547 706 692
T 692 606 547 706
T 692 617 787 706
T 606 766 706 692
T 925 875 706 989
T 989 925 766 706
T 941 787 706 989
T 989 846 787 706
T 989 941 875 706
T 846 766 706 989
T 94 103 81 152
T 152 128 81 94
T 74 81 128 94
T 94 74 122 128
T 94 147 152 128
T 147 122 128 94
T 172 137 89 152
T 152 172 125 89
T 128 81 89 152
T 152 103 81 89
T 152 128 137 89
T 103 125 89 152
T 206 170 118 172
T 172 206 150 118
T 137 89 118 172
T 172 125 89 118
T 172 137 170 118
T 125 150 118 172
T 243 215 163 206
T 206 243 186 163
T 170 118 163 206
T 206 150 118 163
T 206 170 215 163
T 150 186 163 206
T 315 287 213 243
T 243 315 251 213
T 215 163 213 243
T 243 186 163 213
T 243 215 287 213
T 186 251 213 243
T 400 345 295 315
T 315 400 327 295
T 287 213 295 315
T 315 251 213 295
T 315 287 345 295
T 251 327 295 315
T 504 462 395 400
T 400 504 434 395
T 345 295 395 400
T 400 327 295 395
T 400 345 462 395
T 327 434 395 400
T 617 587 508 504
T 504 617 547 508
T 462 395 508 504
T 504 434 395 508
T 504 462 587 508
T 434 547 508 504
T 787 748 656 617
T 617 787 706 656
T 587 508 656 617
T 617 547 508 656
T 617 587 748 656
T 547 706 656 617
T 875 835 656 941
T 941 875 706 656
T 904 748 656 941
T 941 787 748 656
T 941 904 835 656
T 787 706 656 941
T 74 81 66 128
T 128 113 66 74
T 57 66 113 74
T 74 57 109 113
T 74 122 128 113
T 122 109 113 74
T 137 129 82 128
T 128 137 89 82
T 113 66 82 128
T 128 81 66 82
T 128 113 129 82
T 81 89 82 128
T 170 153 105 137
T 137 170 118 105
T 129 82 105 137
T 137 89 82 105
T 137 129 153 105
T 89 118 105 137
T 215 203 140 170
T 170 215 163 140
T 153 105 140 170
T 170 118 105 140
T 170 153 203 140
T 118 163 140 170
T 287 260 201 215
T 215 287 213 201
T 203 140 201 215
T 215 163 140 201
T 215 203 260 201
T 163 213 201 215
T 345 330 274 287
T 287 345 295 274
T 260 201 274 287
T 287 213 201 274
T 287 260 330 274
T 213 295 274 287
T 462 440 369 345
T 345 462 395 369
T 330 274 369 345
T 345 295 274 369
T 345 330 440 369
T 295 395 369 345
T 587 564 478 462
T 462 587 508 478
T 440 369 478 462
T 462 395 369 478
T 462 440 564 478
T 395 508 478 462
T 748 719 621 587
T 587 748 656 621
T 564 478 621 587
T 587 508 478 621
T 587 564 719 621
T 508 656 621 587
T 835 811 621 904
T 904 835 656 621
T 882 719 621 904
T 904 748 719 621
T 904 882 811 621
T 748 656 621 904
T 53 56 100 66
T 66 113 100 53
T 93 100 113 53
T 53 93 109 113
T 53 57 66 113
T 57 109 113 53
T 66 56 100 82
T 82 66 113 100
T 75 116 100 82
T 82 129 116 100
T 82 75 56 100
T 129 113 100 82
T 82 75 116 105
T 105 82 129 116
T 92 143 116 105
T 105 153 143 116
T 105 92 75 116
T 153 129 116 105
T 105 92 143 140
T 140 105 153 143
T 136 190 143 140
T 140 203 190 143
T 140 136 92 143
T 203 153 143 140
T 140 136 190 201
T 201 140 203 190
T 194 252 190 201
T 201 260 252 190
T 201 194 136 190
T 260 203 190 201
T 201 194 252 274
T 274 201 260 252
T 266 318 252 274
T 274 330 318 252
T 274 266 194 252
T 330 260 252 274
T 274 266 318 369
T 369 274 330 318
T 357 430 318 369
T 369 440 430 318
T 369 357 266 318
T 440 330 318 369
T 369 357 430 478
T 478 369 440 430
T 470 545 430 478
T 478 564 545 430
T 478 470 357 430
T 564 440 430 478
T 478 470 545 621
T 621 478 564 545
T 612 711 545 621
T 621 719 711 545
T 621 612 470 545
T 719 564 545 621
T 719 711 867 621
T 621 719 882 867
T 612 795 867 621
T 621 811 795 867
T 621 612 711 867
T 811 882 867 621
T 734 753 581 815
T 815 620 581 734
T 571 581 620 734
T 734 571 614 620
T 734 800 815 620
T 800 614 620 734
T 830 658 595 815
T 815 830 765 595
T 620 581 595 815
T 815 753 581 595
T 815 620 658 595
T 753 765 595 815
T 874 712 636 830
T 830 874 828 636
T 658 595 636 830
T 830 765 595 636
T 830 658 712 636
T 765 828 636 830
T 924 771 708 874
T 874 924 876 708
T 712 636 708 874
T 874 828 636 708
T 874 712 771 708
T 828 876 708 874
T 987 855 788 924
T 924 987 947 788
T 771 708 788 924
T 924 876 708 788
T 924 771 855 788
T 876 947 788 924
T 1054 931 881 987
T 987 1054 1002 881
T 855 788 881 987
T 987 947 788 881
T 987 855 931 881
T 947 1002 881 987
T 1120 1017 978 1054
T 1054 1120 1083 978
T 931 881 978 1054
T 1054 1002 881 978
T 1054 931 1017 978
T 1002 1083 978 1054
T 1183 1092 1075 1120
T 1120 1183 1161 1075
T 1017 978 1075 1120
T 1120 1083 978 1075
T 1120 1017 1092 1075
T 1083 1161 1075 1120
T 1242 1174 1153 1183
T 1183 1242 1225 1153
T 1092 1075 1153 1183
T 1183 1161 1075 1153
T 1183 1092 1174 1153
T 1161 1225 1153 1183
T 1273 1228 1153 1285
T 1285 1273 1225 1153
T 1238 1174 1153 1285
T 1285 1242 1174 1153
T 1285 1238 1228 1153
T 1242 1225 1153 1285
T 571 581 424 620
T 620 480 424 571
T 414 424 480 571
T 571 414 469 480
T 571 614 620 480
T 614 469 480 571
T 658 510 459 620
T 620 658 595 459
T 480 424 459 620
T 620 581 424 459
T 620 480 510 459
T 581 595 459 620
T 712 548 494 658
T 658 712 636 494
T 510 459 494 658
T 658 595 459 494
T 658 510 548 494
T 595 636 494 658
T 771 604 558 712
T 712 771 708 558
T 548 494 558 712
T 712 636 494 558
T 712 548 604 558
T 636 708 558 712
T 855 694 627 771
T 771 855 788 627
T 604 558 627 771
T 771 708 558 627
T 771 604 694 627
T 708 788 627 771
T 931 794 729 855
T 855 931 881 729
T 694 627 729 855
T 855 788 627 729
T 855 694 794 729
T 788 881 729 855
T 1017 905 849 931
T 931 1017 978 849
T 794 729 849 931
T 931 881 729 849
T 931 794 905 849
T 881 978 849 931
T 1092 999 966 1017
T 1017 1092 1075 966
T 905 849 966 1017
T 1017 978 849 966
T 1017 905 999 966
T 978 1075 966 1017
T 1174 1096 1076 1092
T 1092 1174 1153 1076
T 999 966 1076 1092
T 1092 1075 966 1076
T 1092 999 1096 1076
T 1075 1153 1076 1092
T 1228 1159 1076 1238
T 1238 1228 1153 1076
T 1184 1096 1076 1238
T 1238 1174 1096 1076
T 1238 1184 1159 1076
T 1174 1153 1076 1238
T 414 424 313 480
T 480 364 313 414
T 304 313 364 414
T 414 304 353 364
T 414 469 480 364
T 469 353 364 414
T 510 396 338 480
T 480 510 459 338
T 364 313 338 480
T 480 424 313 338
T 480 364 396 338
T 424 459 338 480
T 548 420 376 510
T 510 548 494 376
T 396 338 376 510
T 510 459 338 376
T 510 396 420 376
T 459 494 376 510
T 604 482 426 548
T 548 604 558 426
T 420 376 426 548
T 548 494 376 426
T 548 420 482 426
T 494 558 426 548
T 694 576 500 604
T 604 694 627 500
T 482 426 500 604
T 604 558 426 500
T 604 482 576 500
T 558 627 500 604
T 794 651 594 694
T 694 794 729 594
T 576 500 594 694
T 694 627 500 594
T 694 576 651 594
T 627 729 594 694
T 905 783 720 794
T 794 905 849 720
T 651 594 720 794
T 794 729 594 720
T 794 651 783 720
T 729 849 720 794
T 999 902 856 905
T 905 999 966 856
T 783 720 856 905
T 905 849 720 856
T 905 783 902 856
T 849 966 856 905
T 1096 1014 979 999
T 999 1096 1076 979
T 902 856 979 999
T 999 966 856 979
T 999 902 1014 979
T 966 1076 979 999
T 1159 1087 979 1184
T 1184 1159 1076 979
T 1125 1014 979 1184
T 1184 1096 1014 979
T 1184 1125 1087 979
T 1096 1076 979 1184
T 304 313 228 364
T 364 269 228 304
T 217 228 269 304
T 304 217 262 269
T 304 353 364 269
T 353 262 269 304
T 396 291 238 364
T 364 396 338 238
T 269 228 238 364
T 364 313 228 238
T 364 269 291 238
T 313 338 238 364
T 420 328 288 396
T 396 420 376 288
T 291 238 288 396
T 396 338 238 288
T 396 291 328 288
T 338 376 288 396
T 482 378 321 420
T 420 482 426 321
T 328 288 321 420
T 420 376 288 321
T 420 328 378 321
T 376 426 321 420
T 576 456 403 482
T 482 576 500 403
T 378 321 403 482
T 482 426 321 403
T 482 378 456 403
T 426 500 403 482
T 651 539 472 576
T 576 651 594 472
T 456 403 472 576
T 576 500 403 472
T 576 456 539 472
T 500 594 472 576
T 783 666 598 651
T 651 783 720 598
T 539 472 598 651
T 651 594 472 598
T 651 539 666 598
T 594 720 598 651
T 902 801 739 783
T 783 902 856 739
T 666 598 739 783
T 783 720 598 739
T 783 666 801 739
T 720 856 739 783
T 1014 932 889 902
T 902 1014 979 889
T 801 739 889 902
T 902 856 739 889
T 902 801 932 889
T 856 979 889 902
T 1087 1010 889 1125
T 1125 1087 979 889
T 1057 932 889 1125
T 1125 1014 932 889
T 1125 1057 1010 889
T 1014 979 889 1125
T 217 228 157 269
T 269 205 157 217
T 148 157 205 217
T 217 148 197 205
T 217 262 269 205
T 262 197 205 217
T 291 223 178 269
T 269 291 238 178
T 205 157 178 269
T 269 228 157 178
T 269 205 223 178
T 228 238 178 269
T 328 250 207 291
T 291 328 288 207
T 223 178 207 291
T 291 238 178 207
T 291 223 250 207
T 238 288 207 291
T 378 301 242 328
T 328 378 321 242
T 250 207 242 328
T 328 288 207 242
T 328 250 301 242
T 288 321 242 328
T 456 372 311 378
T 378 456 403 311
T 301 242 311 378
T 378 321 242 311
T 378 301 372 311
T 321 403 311 378
T 539 458 399 456
T 456 539 472 399
T 372 311 399 456
T 456 403 311 399
T 456 372 458 399
T 403 472 399 456
T 666 578 502 539
T 539 666 598 502
T 458 399 502 539
T 539 472 399 502
T 539 458 578 502
T 472 598 502 539
T 801 702 626 666
T 666 801 739 626
T 578 502 626 666
T 666 598 502 626
T 666 578 702 626
T 598 739 626 666
T 932 854 789 801
T 801 932 889 789
T 702 626 789 801
T 801 739 626 789
T 801 702 854 789
T 739 889 789 801
T 1010 942 789 1057
T 1057 1010 889 789
T 991 854 789 1057
T 1057 932 854 789
T 1057 991 942 789
T 932 889 789 1057
T 148 157 101 205
T 205 138 101 148
T 91 101 138 148
T 148 91 134 138
T 148 197 205 138
T 197 134 138 148
T 223 159 127 205
T 205 223 178 127
T 138 101 127 205
T 205 157 101 127
T 205 138 159 127
T 157 178 127 205
T 250 185 151 223
T 223 250 207 151
T 159 127 151 223
T 223 178 127 151
T 223 159 185 151
T 178 207 151 223
T 301 230 196 250
T 250 301 242 196
T 185 151 196 250
T 250 207 151 196
T 250 185 230 196
T 207 242 196 250
T 372 297 254 301
T 301 372 311 254
T 230 196 254 301
T 301 242 196 254
T 301 230 297 254
T 242 311 254 301
T 458 383 320 372
T 372 458 399 320
T 297 254 320 372
T 372 311 254 320
T 372 297 383 320
T 311 399 320 372
T 578 483 429 458
T 458 578 502 429
T 383 320 429 458
T 458 399 320 429
T 458 383 483 429
T 399 502 429 458
T 702 606 552 578
T 578 702 626 552
T 483 429 552 578
T 578 502 429 552
T 578 483 606 552
T 502 626 552 578
T 854 766 713 702
T 702 854 789 713
T 606 552 713 702
T 702 626 552 713
T 702 606 766 713
T 626 789 713 702
T 942 869 713 991
T 991 942 789 713
T 925 766 713 991
T 991 854 766 713
T 991 925 869 713
T 854 789 713 991
T 91 101 70 138
T 138 103 70 91
T 67 70 103 91
T 91 67 94 103
T 91 134 138 103
T 134 94 103 91
T 159 125 87 138
T 138 159 127 87
T 103 70 87 138
T 138 101 70 87
T 138 103 125 87
T 101 127 87 138
T 185 150 114 159
T 159 185 151 114
T 125 87 114 159
T 159 127 87 114
T 159 125 150 114
T 127 151 114 159
T 230 186 144 185
T 185 230 196 144
T 150 114 144 185
T 185 151 114 144
T 185 150 186 144
T 151 196 144 185
T 297 251 208 230
T 230 297 254 208
T 186 144 208 230
T 230 196 144 208
T 230 186 251 208
T 196 254 208 230
T 383 327 279 297
T 297 383 320 279
T 251 208 279 297
T 297 254 208 279
T 297 251 327 279
T 254 320 279 297
T 483 434 375 383
T 383 483 429 375
T 327 279 375 383
T 383 320 279 375
T 383 327 434 375
T 320 429 375 383
T 606 547 491 483
T 483 606 552 491
T 434 375 491 483
T 483 429 375 491
T 483 434 547 491
T 429 552 491 483
T 766 706 633 606
T 606 766 713 633
T 547 491 633 606
T 606 552 491 633
T 606 547 706 633
T 552 713 633 606
T 869 825 633 925
T 925 869 713 633
T 875 706 633 925
T 925 766 706 633
T 925 875 825 633
T 766 713 633 925
T 67 70 47 103
T 103 81 47 67
T 40 47 81 67
T 67 40 74 81
T 67 94 103 81
T 94 74 81 67
T 125 89 63 103
T 103 125 87 63
T 81 47 63 103
T 103 70 47 63
T 103 81 89 63
T 70 87 63 103
T 150 118 85 125
T 125 150 114 85
T 89 63 85 125
T 125 87 63 85
T 125 89 118 85
T 87 114 85 125
T 186 163 126 150
T 150 186 144 126
T 118 85 126 150
T 150 114 85 126
T 150 118 163 126
T 114 144 126 150
T 251 213 176 186
T 186 251 208 176
T 163 126 176 186
T 186 144 126 176
T 186 163 213 176
T 144 208 176 186
T 327 295 231 251
T 251 327 279 231
T 213 176 231 251
T 251 208 176 231
T 251 213 295 231
T 208 279 231 251
T 434 395 333 327
T 327 434 375 333
T 295 231 333 327
T 327 279 231 333
T 327 295 395 333
T 279 375 333 327
T 547 508 454 434
T 434 547 491 454
T 395 333 454 434
T 434 375 333 454
T 434 395 508 454
T 375 491 454 434
T 706 656 596 547
T 547 706 633 596
T 508 454 596 547
T 547 491 454 596
T 547 508 656 596
T 491 633 596 547
T 825 760 596 875
T 875 825 633 596
T 835 656 596 875
T 875 706 656 596
T 875 835 760 596
T 706 633 596 875
T 40 47 37 81
T 81 66 37 40
T 30 37 66 40
T 40 30 57 66
T 40 74 81 66
T 74 57 66 40
T 89 82 51 81
T 81 89 63 51
T 66 37 51 81
T 81 47 37 51
T 81 66 82 51
T 47 63 51 81
T 118 105 72 89
T 89 118 85 72
T 82 51 72 89
T 89 63 51 72
T 89 82 105 72
T 63 85 72 89
T 163 140 106 118
T 118 163 126 106
T 105 72 106 118
T 118 85 72 106
T 118 105 140 106
T 85 126 106 118
T 213 201 155 163
T 163 213 176 155
T 140 106 155 163
T 163 126 106 155
T 163 140 201 155
T 126 176 155 163
T 295 274 225 213
T 213 295 231 225
T 201 155 225 213
T 213 176 155 225
T 213 201 274 225
T 176 231 225 213
T 395 369 317 295
T 295 395 333 317
T 274 225 317 295
T 295 231 225 317
T 295 274 369 317
T 231 333 317 295
T 508 478 433 395
T 395 508 454 433
T 369 317 433 395
T 395 333 317 433
T 395 369 478 433
T 333 454 433 395
T 656 621 585 508
T 508 656 596 585
T 478 433 585 508
T 508 454 433 585
T 508 478 621 585
T 454 596 585 508
T 760 747 585 835
T 835 760 596 585
T 811 621 585 835
T 835 656 621 585
T 835 811 747 585
T 656 596 585 835
T 27 32 56 37
T 37 66 56 27
T 53 56 66 27
T 27 53 57 66
T 27 30 37 66
T 30 57 66 27
T 37 32 56 51
T 51 37 66 56
T 44 75 56 51
T 51 82 75 56
T 51 44 32 56
T 82 66 56 51
T 51 44 75 72
T 72 51 82 75
T 68 92 75 72
T 72 105 92 75
T 72 68 44 75
T 105 82 75 72
T 72 68 92 106
T 106 72 105 92
T 99 136 92 106
T 106 140 136 92
T 106 99 68 92
T 140 105 92 106
T 106 99 136 155
T 155 106 140 136
T 146 194 136 155
T 155 201 194 136
T 155 146 99 136
T 201 140 136 155
T 155 146 194 225
T 225 155 201 194
T 214 266 194 225
T 225 274 266 194
T 225 214 146 194
T 274 201 194 225
T 225 214 266 317
T 317 225 274 266
T 308 357 266 317
T 317 369 357 266
T 317 308 214 266
T 369 274 266 317
T 317 308 357 433
T 433 317 369 357
T 418 470 357 433
T 433 478 470 357
T 433 418 308 357
T 478 369 357 433
T 433 418 470 585
T 585 433 478 470
T 567 612 470 585
T 585 621 612 470
T 585 567 418 470
T 621 478 470 585
T 621 612 795 585
T 585 621 811 795
T 567 731 795 585
T 585 747 731 795
T 585 567 612 795
T 747 811 795 585
T 689 695 526 753
T 753 581 526 689
T 513 526 581 689
T 689 513 571 581
T 689 734 753 581
T 734 571 581 689
T 765 595 555 753
T 753 765 725 555
T 581 526 555 753
T 753 695 526 555
T 753 581 595 555
T 695 725 555 753
T 828 636 602 765
T 765 828 763 602
T 595 555 602 765
T 765 725 555 602
T 765 595 636 602
T 725 763 602 765
T 876 708 655 828
T 828 876 833 655
T 636 602 655 828
T 828 763 602 655
T 828 636 708 655
T 763 833 655 828
T 947 788 751 876
T 876 947 900 751
T 708 655 751 876
T 876 833 655 751
T 876 708 788 751
T 833 900 751 876
T 1002 881 844 947
T 947 1002 981 844
T 788 751 844 947
T 947 900 751 844
T 947 788 881 844
T 900 981 844 947
T 1083 978 949 1002
T 1002 1083 1064 949
T 881 844 949 1002
T 1002 981 844 949
T 1002 881 978 949
T 981 1064 949 1002
T 1161 1075 1041 1083
T 1083 1161 1144 1041
T 978 949 1041 1083
T 1083 1064 949 1041
T 1083 978 1075 1041
T 1064 1144 1041 1083
T 1225 1153 1138 1161
T 1161 1225 1210 1138
T 1075 1041 1138 1161
T 1161 1144 1041 1138
T 1161 1075 1153 1138
T 1144 1210 1138 1161
T 1262 1204 1138 1273
T 1273 1262 1210 1138
T 1228 1153 1138 1273
T 1273 1225 1153 1138
T 1273 1228 1204 1138
T 1225 1210 1138 1273
T 513 526 394 581
T 581 424 394 513
T 381 394 424 513
T 513 381 414 424
T 513 571 581 424
T 571 414 424 513
T 595 459 405 581
T 581 595 555 405
T 424 394 405 581
T 581 526 394 405
T 581 424 459 405
T 526 555 405 581
T 636 494 453 595
T 595 636 602 453
T 459 405 453 595
T 595 555 405 453
T 595 459 494 453
T 555 602 453 595
T 708 558 506 636
T 636 708 655 506
T 494 453 506 636
T 636 602 453 506
T 636 494 558 506
T 602 655 506 636
T 788 627 589 708
T 708 788 751 589
T 558 506 589 708
T 708 655 506 589
T 708 558 627 589
T 655 751 589 708
T 881 729 680 788
T 788 881 844 680
T 627 589 680 788
T 788 751 589 680
T 788 627 729 680
T 751 844 680 788
T 978 849 809 881
T 881 978 949 809
T 729 680 809 881
T 881 844 680 809
T 881 729 849 809
T 844 949 809 881
T 1075 966 928 978
T 978 1075 1041 928
T 849 809 928 978
T 978 949 809 928
T 978 849 966 928
T 949 1041 928 978
T 1153 1076 1028 1075
T 1075 1153 1138 1028
T 966 928 1028 1075
T 1075 1041 928 1028
T 1075 966 1076 1028
T 1041 1138 1028 1075
T 1204 1140 1028 1228
T 1228 1204 1138 1028
T 1159 1076 1028 1228
T 1228 1153 1076 1028
T 1228 1159 1140 1028
T 1153 1138 1028 1228
T 381 394 283 424
T 424 313 283 381
T 272 283 313 381
T 381 272 304 313
T 381 414 424 313
T 414 304 313 381
T 459 338 299 424
T 424 459 405 299
T 313 283 299 424
T 424 394 283 299
T 424 313 338 299
T 394 405 299 424
T 494 376 335 459
T 459 494 453 335
T 338 299 335 459
T 459 405 299 335
T 459 338 376 335
T 405 453 335 459
T 558 426 391 494
T 494 558 506 391
T 376 335 391 494
T 494 453 335 391
T 494 376 426 391
T 453 506 391 494
T 627 500 463 558
T 558 627 589 463
T 426 391 463 558
T 558 506 391 463
T 558 426 500 463
T 506 589 463 558
T 729 594 556 627
T 627 729 680 556
T 500 463 556 627
T 627 589 463 556
T 627 500 594 556
T 589 680 556 627
T 849 720 678 729
T 729 849 809 678
T 594 556 678 729
T 729 680 556 678
T 729 594 720 678
T 680 809 678 729
T 966 856 810 849
T 849 966 928 810
T 720 678 810 849
T 849 809 678 810
T 849 720 856 810
T 809 928 810 849
T 1076 979 944 966
T 966 1076 1028 944
T 856 810 944 966
T 966 928 810 944
T 966 856 979 944
T 928 1028 944 966
T 1140 1065 944 1159
T 1159 1140 1028 944
T 1087 979 944 1159
T 1159 1076 979 944
T 1159 1087 1065 944
T 1076 1028 944 1159
T 272 283 195 313
T 313 228 195 272
T 181 195 228 272
T 272 181 217 228
T 272 304 313 228
T 304 217 228 272
T 338 238 209 313
T 313 338 299 209
T 228 195 209 313
T 313 283 195 209
T 313 228 238 209
T 283 299 209 313
T 376 288 237 338
T 338 376 335 237
T 238 209 237 338
T 338 299 209 237
T 338 238 288 237
T 299 335 237 338
T 426 321 292 376
T 376 426 391 292
T 288 237 292 376
T 376 335 237 292
T 376 288 321 292
T 335 391 292 376
T 500 403 350 426
T 426 500 463 350
T 321 292 350 426
T 426 391 292 350
T 426 321 403 350
T 391 463 350 426
T 594 472 447 500
T 500 594 556 447
T 403 350 447 500
T 500 463 350 447
T 500 403 472 447
T 463 556 447 500
T 720 598 561 594
T 594 720 678 561
T 472 447 561 594
T 594 556 447 561
T 594 472 598 561
T 556 678 561 594
T 856 739 690 720
T 720 856 810 690
T 598 561 690 720
T 720 678 561 690
T 720 598 739 690
T 678 810 690 720
T 979 889 840 856
T 856 979 944 840
T 739 690 840 856
T 856 810 690 840
T 856 739 889 840
T 810 944 840 856
T 1065 984 840 1087
T 1087 1065 944 840
T 1010 889 840 1087
T 1087 979 889 840
T 1087 1010 984 840
T 979 944 840 1087
T 181 195 133 228
T 228 157 133 181
T 120 133 157 181
T 181 120 148 157
T 181 217 228 157
T 217 148 157 181
T 238 178 141 228
T 228 238 209 141
T 157 133 141 228
T 228 195 133 141
T 228 157 178 141
T 195 209 141 228
T 288 207 175 238
T 238 288 237 175
T 178 141 175 238
T 238 209 141 175
T 238 178 207 175
T 209 237 175 238
T 321 242 212 288
T 288 321 292 212
T 207 175 212 288
T 288 237 175 212
T 288 207 242 212
T 237 292 212 288
T 403 311 282 321
T 321 403 350 282
T 242 212 282 321
T 321 292 212 282
T 321 242 311 282
T 292 350 282 321
T 472 399 361 403
T 403 472 447 361
T 311 282 361 403
T 403 350 282 361
T 403 311 399 361
T 350 447 361 403
T 598 502 465 472
T 472 598 561 465
T 399 361 465 472
T 472 447 361 465
T 472 399 502 465
T 447 561 465 472
T 739 626 590 598
T 598 739 690 590
T 502 465 590 598
T 598 561 465 590
T 598 502 626 590
T 561 690 590 598
T 889 789 746 739
T 739 889 840 746
T 626 590 746 739
T 739 690 590 746
T 739 626 789 746
T 690 840 746 739
T 984 899 746 1010
T 1010 984 840 746
T 942 789 746 1010
T 1010 889 789 746
T 1010 942 899 746
T 889 840 746 1010
T 120 133 80 157
T 157 101 80 120
T 73 80 101 120
T 120 73 91 101
T 120 148 157 101
T 148 91 101 120
T 178 127 90 157
T 157 178 141 90
T 101 80 90 157
T 157 133 80 90
T 157 101 127 90
T 133 141 90 157
T 207 151 117 178
T 178 207 175 117
T 127 90 117 178
T 178 141 90 117
T 178 127 151 117
T 141 175 117 178
T 242 196 158 207
T 207 242 212 158
T 151 117 158 207
T 207 175 117 158
T 207 151 196 158
T 175 212 158 207
T 311 254 216 242
T 242 311 282 216
T 196 158 216 242
T 242 212 158 216
T 242 196 254 216
T 212 282 216 242
T 399 320 293 311
T 311 399 361 293
T 254 216 293 311
T 311 282 216 293
T 311 254 320 293
T 282 361 293 311
T 502 429 397 399
T 399 502 465 397
T 320 293 397 399
T 399 361 293 397
T 399 320 429 397
T 361 465 397 399
T 626 552 507 502
T 502 626 590 507
T 429 397 507 502
T 502 465 397 507
T 502 429 552 507
T 465 590 507 502
T 789 713 661 626
T 626 789 746 661
T 552 507 661 626
T 626 590 507 661
T 626 552 713 661
T 590 746 661 626
T 899 834 661 942
T 942 899 746 661
T 869 713 661 942
T 942 789 713 661
T 942 869 834 661
T 789 746 661 942
T 73 80 46 101
T 101 70 46 73
T 41 46 70 73
T 73 41 67 70
T 73 91 101 70
T 91 67 70 73
T 127 87 55 101
T 101 127 90 55
T 70 46 55 101
T 101 80 46 55
T 101 70 87 55
T 80 90 55 101
T 151 114 86 127
T 127 151 117 86
T 87 55 86 127
T 127 90 55 86
T 127 87 114 86
T 90 117 86 127
T 196 144 119 151
T 151 196 158 119
T 114 86 119 151
T 151 117 86 119
T 151 114 144 119
T 117 158 119 151
T 254 208 173 196
T 196 254 216 173
T 144 119 173 196
T 196 158 119 173
T 196 144 208 173
T 158 216 173 196
T 320 279 236 254
T 254 320 293 236
T 208 173 236 254
T 254 216 173 236
T 254 208 279 236
T 216 293 236 254
T 429 375 336 320
T 320 429 397 336
T 279 236 336 320
T 320 293 236 336
T 320 279 375 336
T 293 397 336 320
T 552 491 450 429
T 429 552 507 450
T 375 336 450 429
T 429 397 336 450
T 429 375 491 450
T 397 507 450 429
T 713 633 601 552
T 552 713 661 601
T 491 450 601 552
T 552 507 450 601
T 552 491 633 601
T 507 661 601 552
T 834 764 601 869
T 869 834 661 601
T 825 633 601 869
T 869 713 633 601
T 869 825 764 601
T 713 661 601 869
T 41 46 29 70
T 70 47 29 41
T 21 29 47 41
T 41 21 40 47
T 41 67 70 47
T 67 40 47 41
T 87 63 39 70
T 70 87 55 39
T 47 29 39 70
T 70 46 29 39
T 70 47 63 39
T 46 55 39 70
T 114 85 59 87
T 87 114 86 59
T 63 39 59 87
T 87 55 39 59
T 87 63 85 59
T 55 86 59 87
T 144 126 88 114
T 114 144 119 88
T 85 59 88 114
T 114 86 59 88
T 114 85 126 88
T 86 119 88 114
T 208 176 139 144
T 144 208 173 139
T 126 88 139 144
T 144 119 88 139
T 144 126 176 139
T 119 173 139 144
T 279 231 211 208
T 208 279 236 211
T 176 139 211 208
T 208 173 139 211
T 208 176 231 211
T 173 236 211 208
T 375 333 298 279
T 279 375 336 298
T 231 211 298 279
T 279 236 211 298
T 279 231 333 298
T 236 336 298 279
T 491 454 410 375
T 375 491 450 410
T 333 298 410 375
T 375 336 298 410
T 375 333 454 410
T 336 450 410 375
T 633 596 550 491
T 491 633 601 550
T 454 410 550 491
T 491 450 410 550
T 491 454 596 550
T 450 601 550 491
T 764 727 550 825
T 825 764 601 550
T 760 596 550 825
T 825 633 596 550
T 825 760 727 550
T 633 601 550 825
T 21 29 19 47
T 47 37 19 21
T 14 19 37 21
T 21 14 30 37
T 21 40 47 37
T 40 30 37 21
T 63 51 24 47
T 47 63 39 24
T 37 19 24 47
T 47 29 19 24
T 47 37 51 24
T 29 39 24 47
T 85 72 49 63
T 63 85 59 49
T 51 24 49 63
T 63 39 24 49
T 63 51 72 49
T 39 59 49 63
T 126 106 79 85
T 85 126 88 79
T 72 49 79 85
T 85 59 49 79
T 85 72 106 79
T 59 88 79 85
T 176 155 132 126
T 126 176 139 132
T 106 79 132 126
T 126 88 79 132
T 126 106 155 132
T 88 139 132 126
T 231 225 193 176
T 176 231 211 193
T 155 132 193 176
T 176 139 132 193
T 176 155 225 193
T 139 211 193 176
T 333 317 290 231
T 231 333 298 290
T 225 193 290 231
T 231 211 193 290
T 231 225 317 290
T 211 298 290 231
T 454 433 389 333
T 333 454 410 389
T 317 290 389 333
T 333 298 290 389
T 333 317 433 389
T 298 410 389 333
T 596 585 527 454
T 454 596 550 527
T 433 389 527 454
T 454 410 389 527
T 454 433 585 527
T 410 550 527 454
T 727 693 527 760
T 760 727 550 527
T 747 585 527 760
T 760 596 585 527
T 760 747 693 527
T 596 550 527 760
T 10 13 32 19
T 19 37 32 10
T 27 32 37 10
T 10 27 30 37
T 10 14 19 37
T 14 30 37 10
T 19 13 32 24
T 24 19 37 32
T 22 44 32 24
T 24 51 44 32
T 24 22 13 32
T 51 37 32 24
T 24 22 44 49
T 49 24 51 44
T 45 68 44 49
T 49 72 68 44
T 49 45 22 44
T 72 51 44 49
T 49 45 68 79
T 79 49 72 68
T 76 99 68 79
T 79 106 99 68
T 79 76 45 68
T 106 72 68 79
T 79 76 99 132
T 132 79 106 99
T 123 146 99 132
T 132 155 146 99
T 132 123 76 99
T 155 106 99 132
T 132 123 146 193
T 193 132 155 146
T 180 214 146 193
T 193 225 214 146
T 193 180 123 146
T 225 155 146 193
T 193 180 214 290
T 290 193 225 214
T 271 308 214 290
T 290 317 308 214
T 290 271 180 214
T 317 225 214 290
T 290 271 308 389
T 389 290 317 308
T 379 418 308 389
T 389 433 418 308
T 389 379 271 308
T 433 317 308 389
T 389 379 418 527
T 527 389 433 418
T 515 567 418 527
T 527 585 567 418
T 527 515 379 418
T 585 433 418 527
T 585 567 731 527
T 527 585 747 731
T 515 688 731 527
T 527 693 688 731
T 527 515 567 731
T 693 747 731 527
T 668 676 497 695
T 695 526 497 668
T 492 497 526 668
T 668 492 513 526
T 668 689 695 526
T 689 513 526 668
T 725 555 528 695
T 695 725 700 528
T 526 497 528 695
T 695 676 497 528
T 695 526 555 528
T 676 700 528 695
T 763 602 584 725
T 725 763 754 584
T 555 528 584 725
T 725 700 528 584
T 725 555 602 584
T 700 754 584 725
T 833 655 630 763
T 763 833 820 630
T 602 584 630 763
T 763 754 584 630
T 763 602 655 630
T 754 820 630 763
T 900 751 718 833
T 833 900 883 718
T 655 630 718 833
T 833 820 630 718
T 833 655 751 718
T 820 883 718 833
T 981 844 824 900
T 900 981 965 824
T 751 718 824 900
T 900 883 718 824
T 900 751 844 824
T 883 965 824 900
T 1064 949 917 981
T 981 1064 1047 917
T 844 824 917 981
T 981 965 824 917
T 981 844 949 917
T 965 1047 917 981
T 1144 1041 1021 1064
T 1064 1144 1122 1021
T 949 917 1021 1064
T 1064 1047 917 1021
T 1064 949 1041 1021
T 1047 1122 1021 1064
T 1210 1138 1109 1144
T 1144 1210 1198 1109
T 1041 1021 1109 1144
T 1144 1122 1021 1109
T 1144 1041 1138 1109
T 1122 1198 1109 1144
T 1260 1201 1109 1262
T 1262 1260 1198 1109
T 1204 1138 1109 1262
T 1262 1210 1138 1109
T 1262 1204 1201 1109
T 1210 1198 1109 1262
T 492 497 366 526
T 526 394 366 492
T 352 366 394 492
T 492 352 381 394
T 492 513 526 394
T 513 381 394 492
T 555 405 392 526
T 526 555 528 392
T 394 366 392 526
T 526 497 366 392
T 526 394 405 392
T 497 528 392 526
T 602 453 437 555
T 555 602 584 437
T 405 392 437 555
T 555 528 392 437
T 555 405 453 437
T 528 584 437 555
T 655 506 484 602
T 602 655 630 484
T 453 437 484 602
T 602 584 437 484
T 602 453 506 484
T 584 630 484 602
T 751 589 573 655
T 655 751 718 573
T 506 484 573 655
T 655 630 484 573
T 655 506 589 573
T 630 718 573 655
T 844 680 653 751
T 751 844 824 653
T 589 573 653 751
T 751 718 573 653
T 751 589 680 653
T 718 824 653 751
T 949 809 779 844
T 844 949 917 779
T 680 653 779 844
T 844 824 653 779
T 844 680 809 779
T 824 917 779 844
T 1041 928 903 949
T 949 1041 1021 903
T 809 779 903 949
T 949 917 779 903
T 949 809 928 903
T 917 1021 903 949
T 1138 1028 1019 1041
T 1041 1138 1109 1019
T 928 903 1019 1041
T 1041 1021 903 1019
T 1041 928 1028 1019
T 1021 1109 1019 1041
T 1201 1128 1019 1204
T 1204 1201 1109 1019
T 1140 1028 1019 1204
T 1204 1138 1028 1019
T 1204 1140 1128 1019
T 1138 1109 1019 1204
T 352 366 258 394
T 394 283 258 352
T 245 258 283 352
T 352 245 272 283
T 352 381 394 283
T 381 272 283 352
T 405 299 289 394
T 394 405 392 289
T 283 258 289 394
T 394 366 258 289
T 394 283 299 289
T 366 392 289 394
T 453 335 316 405
T 405 453 437 316
T 299 289 316 405
T 405 392 289 316
T 405 299 335 316
T 392 437 316 405
T 506 391 374 453
T 453 506 484 374
T 335 316 374 453
T 453 437 316 374
T 453 335 391 374
T 437 484 374 453
T 589 463 441 506
T 506 589 573 441
T 391 374 441 506
T 506 484 374 441
T 506 391 463 441
T 484 573 441 506
T 680 556 529 589
T 589 680 653 529
T 463 441 529 589
T 589 573 441 529
T 589 463 556 529
T 573 653 529 589
T 809 678 634 680
T 680 809 779 634
T 556 529 634 680
T 680 653 529 634
T 680 556 678 634
T 653 779 634 680
T 928 810 776 809
T 809 928 903 776
T 678 634 776 809
T 809 779 634 776
T 809 678 810 776
T 779 903 776 809
T 1028 944 916 928
T 928 1028 1019 916
T 810 776 916 928
T 928 903 776 916
T 928 810 944 916
T 903 1019 916 928
T 1128 1051 916 1140
T 1140 1128 1019 916
T 1065 944 916 1140
T 1140 1028 944 916
T 1140 1065 1051 916
T 1028 1019 916 1140
T 245 258 171 283
T 283 195 171 245
T 166 171 195 245
T 245 166 181 195
T 245 272 283 195
T 272 181 195 245
T 299 209 192 283
T 283 299 289 192
T 195 171 192 283
T 283 258 171 192
T 283 195 209 192
T 258 289 192 283
T 335 237 229 299
T 299 335 316 229
T 209 192 229 299
T 299 289 192 229
T 299 209 237 229
T 289 316 229 299
T 391 292 270 335
T 335 391 374 270
T 237 229 270 335
T 335 316 229 270
T 335 237 292 270
T 316 374 270 335
T 463 350 334 391
T 391 463 441 334
T 292 270 334 391
T 391 374 270 334
T 391 292 350 334
T 374 441 334 391
T 556 447 417 463
T 463 556 529 417
T 350 334 417 463
T 463 441 334 417
T 463 350 447 417
T 441 529 417 463
T 678 561 530 556
T 556 678 634 530
T 447 417 530 556
T 556 529 417 530
T 556 447 561 530
T 529 634 530 556
T 810 690 670 678
T 678 810 776 670
T 561 530 670 678
T 678 634 530 670
T 678 561 690 670
T 634 776 670 678
T 944 840 821 810
T 810 944 916 821
T 690 670 821 810
T 810 776 670 821
T 810 690 840 821
T 776 916 821 810
T 1051 960 821 1065
T 1065 1051 916 821
T 984 840 821 1065
T 1065 944 840 821
T 1065 984 960 821
T 944 916 821 1065
T 166 171 112 195
T 195 133 112 166
T 102 112 133 166
T 166 102 120 133
T 166 181 195 133
T 181 120 133 166
T 209 141 130 195
T 195 209 192 130
T 133 112 130 195
T 195 171 112 130
T 195 133 141 130
T 171 192 130 195
T 237 175 156 209
T 209 237 229 156
T 141 130 156 209
T 209 192 130 156
T 209 141 175 156
T 192 229 156 209
T 292 212 202 237
T 237 292 270 202
T 175 156 202 237
T 237 229 156 202
T 237 175 212 202
T 229 270 202 237
T 350 282 256 292
T 292 350 334 256
T 212 202 256 292
T 292 270 202 256
T 292 212 282 256
T 270 334 256 292
T 447 361 331 350
T 350 447 417 331
T 282 256 331 350
T 350 334 256 331
T 350 282 361 331
T 334 417 331 350
T 561 465 443 447
T 447 561 530 443
T 361 331 443 447
T 447 417 331 443
T 447 361 465 443
T 417 530 443 447
T 690 590 565 561
T 561 690 670 565
T 465 443 565 561
T 561 530 443 565
T 561 465 590 565
T 530 670 565 561
T 840 746 721 690
T 690 840 821 721
T 590 565 721 690
T 690 670 565 721
T 690 590 746 721
T 670 821 721 690
T 960 888 721 984
T 984 960 821 721
T 899 746 721 984
T 984 840 746 721
T 984 899 888 721
T 840 821 721 984
T 102 112 64 133
T 133 80 64 102
T 58 64 80 102
T 102 58 73 80
T 102 120 133 80
T 120 73 80 102
T 141 90 83 133
T 133 141 130 83
T 80 64 83 133
T 133 112 64 83
T 133 80 90 83
T 112 130 83 133
T 175 117 111 141
T 141 175 156 111
T 90 83 111 141
T 141 130 83 111
T 141 90 117 111
T 130 156 111 141
T 212 158 142 175
T 175 212 202 142
T 117 111 142 175
T 175 156 111 142
T 175 117 158 142
T 156 202 142 175
T 282 216 204 212
T 212 282 256 204
T 158 142 204 212
T 212 202 142 204
T 212 158 216 204
T 202 256 204 212
T 361 293 267 282
T 282 361 331 267
T 216 204 267 282
T 282 256 204 267
T 282 216 293 267
T 256 331 267 282
T 465 397 370 361
T 361 465 443 370
T 293 267 370 361
T 361 331 267 370
T 361 293 397 370
T 331 443 370 361
T 590 507 479 465
T 465 590 565 479
T 397 370 479 465
T 465 443 370 479
T 465 397 507 479
T 443 565 479 465
T 746 661 619 590
T 590 746 721 619
T 507 479 619 590
T 590 565 479 619
T 590 507 661 619
T 565 721 619 590
T 888 814 619 899
T 899 888 721 619
T 834 661 619 899
T 899 746 661 619
T 899 834 814 619
T 746 721 619 899
T 58 64 36 80
T 80 46 36 58
T 34 36 46 58
T 58 34 41 46
T 58 73 80 46
T 73 41 46 58
T 90 55 48 80
T 80 90 83 48
T 46 36 48 80
T 80 64 36 48
T 80 46 55 48
T 64 83 48 80
T 117 86 71 90
T 90 117 111 71
T 55 48 71 90
T 90 83 48 71
T 90 55 86 71
T 83 111 71 90
T 158 119 110 117
T 117 158 142 110
T 86 71 110 117
T 117 111 71 110
T 117 86 119 110
T 111 142 110 117
T 216 173 154 158
T 158 216 204 154
T 119 110 154 158
T 158 142 110 154
T 158 119 173 154
T 142 204 154 158
T 293 236 226 216
T 216 293 267 226
T 173 154 226 216
T 216 204 154 226
T 216 173 236 226
T 204 267 226 216
T 397 336 314 293
T 293 397 370 314
T 236 226 314 293
T 293 267 226 314
T 293 236 336 314
T 267 370 314 293
T 507 450 428 397
T 397 507 479 428
T 336 314 428 397
T 397 370 314 428
T 397 336 450 428
T 370 479 428 397
T 661 601 580 507
T 507 661 619 580
T 450 428 580 507
T 507 479 428 580
T 507 450 601 580
T 479 619 580 507
T 814 750 580 834
T 834 814 619 580
T 764 601 580 834
T 834 661 601 580
T 834 764 750 580
T 661 619 580 834
T 34 36 18 46
T 46 29 18 34
T 16 18 29 34
T 34 16 21 29
T 34 41 46 29
T 41 21 29 34
T 55 39 25 46
T 46 55 48 25
T 29 18 25 46
T 46 36 18 25
T 46 29 39 25
T 36 48 25 46
T 86 59 50 55
T 55 86 71 50
T 39 25 50 55
T 55 48 25 50
T 55 39 59 50
T 48 71 50 55
T 119 88 84 86
T 86 119 110 84
T 59 50 84 86
T 86 71 50 84
T 86 59 88 84
T 71 110 84 86
T 173 139 131 119
T 119 173 154 131
T 88 84 131 119
T 119 110 84 131
T 119 88 139 131
T 110 154 131 119
T 236 211 187 173
T 173 236 226 187
T 139 131 187 173
T 173 154 131 187
T 173 139 211 187
T 154 226 187 173
T 336 298 284 236
T 236 336 314 284
T 211 187 284 236
T 236 226 187 284
T 236 211 298 284
T 226 314 284 236
T 450 410 388 336
T 336 450 428 388
T 298 284 388 336
T 336 314 284 388
T 336 298 410 388
T 314 428 388 336
T 601 550 532 450
T 450 601 580 532
T 410 388 532 450
T 450 428 388 532
T 450 410 550 532
T 428 580 532 450
T 750 696 532 764
T 764 750 580 532
T 727 550 532 764
T 764 601 550 532
T 764 727 696 532
T 601 580 532 764
T 16 18 8 29
T 29 19 8 16
T 7 8 19 16
T 16 7 14 19
T 16 21 29 19
T 21 14 19 16
T 39 24 20 29
T 29 39 25 20
T 19 8 20 29
T 29 18 8 20
T 29 19 24 20
T 18 25 20 29
T 59 49 38 39
T 39 59 50 38
T 24 20 38 39
T 39 25 20 38
T 39 24 49 38
T 25 50 38 39
T 88 79 69 59
T 59 88 84 69
T 49 38 69 59
T 59 50 38 69
T 59 49 79 69
T 50 84 69 59
T 139 132 115 88
T 88 139 131 115
T 79 69 115 88
T 88 84 69 115
T 88 79 132 115
T 84 131 115 88
T 211 193 177 139
T 139 211 187 177
T 132 115 177 139
T 139 131 115 177
T 139 132 193 177
T 131 187 177 139
T 298 290 259 211
T 211 298 284 259
T 193 177 259 211
T 211 187 177 259
T 211 193 290 259
T 187 284 259 211
T 410 389 365 298
T 298 410 388 365
T 290 259 365 298
T 298 284 259 365
T 298 290 389 365
T 284 388 365 298
T 550 527 499 410
T 410 550 532 499
T 389 365 499 410
T 410 388 365 499
T 410 389 527 499
T 388 532 499 410
T 696 674 499 727
T 727 696 532 499
T 693 527 499 727
T 727 550 527 499
T 727 693 674 499
T 550 532 499 727
T 3 5 13 8
T 8 19 13 3
T 10 13 19 3
T 3 10 14 19
T 3 7 8 19
T 7 14 19 3
T 8 5 13 20
T 20 8 19 13
T 15 22 13 20
T 20 24 22 13
T 20 15 5 13
T 24 19 13 20
T 20 15 22 38
T 38 20 24 22
T 35 45 22 38
T 38 49 45 22
T 38 35 15 22
T 49 24 22 38
T 38 35 45 69
T 69 38 49 45
T 62 76 45 69
T 69 79 76 45
T 69 62 35 45
T 79 49 45 69
T 69 62 76 115
T 115 69 79 76
T 104 123 76 115
T 115 132 123 76
T 115 104 62 76
T 132 79 76 115
T 115 104 123 177
T 177 115 132 123
T 165 180 123 177
T 177 193 180 123
T 177 165 104 123
T 193 132 123 177
T 177 165 180 259
T 259 177 193 180
T 247 271 180 259
T 259 290 271 180
T 259 247 165 180
T 290 193 180 259
T 259 247 271 365
T 365 259 290 271
T 349 379 271 365
T 365 389 379 271
T 365 349 247 271
T 389 290 271 365
T 365 349 379 499
T 499 365 389 379
T 490 515 379 499
T 499 527 515 379
T 499 490 349 379
T 527 389 379 499
T 527 515 688 499
T 499 527 693 688
T 490 652 688 499
T 499 674 652 688
T 499 490 515 688
T 674 693 688 499
T 668 492 497 647
T 647 668 676 497
T 477 488 497 647
T 647 663 488 497
T 647 477 492 497
T 663 676 497 647
T 681 700 528 676
T 676 497 528 681
T 519 528 497 681
T 681 519 488 497
T 681 663 676 497
T 663 488 497 681
T 732 754 584 700
T 700 528 584 732
T 570 584 528 732
T 732 570 519 528
T 732 681 700 528
T 681 519 528 732
T 798 820 630 754
T 754 584 630 798
T 611 630 584 798
T 798 611 570 584
T 798 732 754 584
T 732 570 584 798
T 866 883 718 820
T 820 630 718 866
T 705 718 630 866
T 866 705 611 630
T 866 798 820 630
T 798 611 630 866
T 954 965 824 883
T 883 718 824 954
T 818 824 718 954
T 954 818 705 718
T 954 866 883 718
T 866 705 718 954
T 1031 1047 917 965
T 965 824 917 1031
T 913 917 824 1031
T 1031 913 818 824
T 1031 954 965 824
T 954 818 824 1031
T 1113 1122 1021 1047
T 1047 917 1021 1113
T 1011 1021 917 1113
T 1113 1011 913 917
T 1113 1031 1047 917
T 1031 913 917 1113
T 1191 1198 1109 1122
T 1122 1021 1109 1191
T 1102 1109 1021 1191
T 1191 1102 1011 1021
T 1191 1113 1122 1021
T 1113 1011 1021 1191
T 1191 1102 1109 1255
T 1255 1191 1198 1109
T 1190 1201 1109 1255
T 1255 1260 1201 1109
T 1255 1190 1102 1109
T 1260 1198 1109 1255
T 492 352 366 477
T 477 492 497 366
T 344 360 366 477
T 477 488 360 366
T 477 344 352 366
T 488 497 366 477
T 519 528 392 497
T 497 366 392 519
T 380 392 366 519
T 519 380 360 366
T 519 488 497 366
T 488 360 366 519
T 570 584 437 528
T 528 392 437 570
T 412 437 392 570
T 570 412 380 392
T 570 519 528 392
T 519 380 392 570
T 611 630 484 584
T 584 437 484 611
T 467 484 437 611
T 611 467 412 437
T 611 570 584 437
T 570 412 437 611
T 705 718 573 630
T 630 484 573 705
T 557 573 484 705
T 705 557 467 484
T 705 611 630 484
T 611 467 484 705
T 818 824 653 718
T 718 573 653 818
T 644 653 573 818
T 818 644 557 573
T 818 705 718 573
T 705 557 573 818
T 913 917 779 824
T 824 653 779 913
T 772 779 653 913
T 913 772 644 653
T 913 818 824 653
T 818 644 653 913
T 1011 1021 903 917
T 917 779 903 1011
T 891 903 779 1011
T 1011 891 772 779
T 1011 913 917 779
T 913 772 779 1011
T 1102 1109 1019 1021
T 1021 903 1019 1102
T 1003 1019 903 1102
T 1102 1003 891 903
T 1102 1011 1021 903
T 1011 891 903 1102
T 1102 1003 1019 1190
T 1190 1102 1109 1019
T 1116 1128 1019 1190
T 1190 1201 1128 1019
T 1190 1116 1003 1019
T 1201 1109 1019 1190
T 352 245 258 344
T 344 352 366 258
T 234 248 258 344
T 344 360 248 258
T 344 234 245 258
T 360 366 258 344
T 380 392 289 366
T 366 258 289 380
T 276 289 258 380
T 380 276 248 258
T 380 360 366 258
T 360 248 258 380
T 412 437 316 392
T 392 289 316 412
T 305 316 289 412
T 412 305 276 289
T 412 380 392 289
T 380 276 289 412
T 467 484 374 437
T 437 316 374 467
T 354 374 316 467
T 467 354 305 316
T 467 412 437 316
T 412 305 316 467
T 557 573 441 484
T 484 374 441 557
T 423 441 374 557
T 557 423 354 374
T 557 467 484 374
T 467 354 374 557
T 644 653 529 573
T 573 441 529 644
T 514 529 441 644
T 644 514 423 441
T 644 557 573 441
T 557 423 441 644
T 772 779 634 653
T 653 529 634 772
T 623 634 529 772
T 772 623 514 529
T 772 644 653 529
T 644 514 529 772
T 891 903 776 779
T 779 634 776 891
T 770 776 634 891
T 891 770 623 634
T 891 772 779 634
T 772 623 634 891
T 1003 1019 916 903
T 903 776 916 1003
T 911 916 776 1003
T 1003 911 770 776
T 1003 891 903 776
T 891 770 776 1003
T 1003 911 916 1116
T 1116 1003 1019 916
T 1038 1051 916 1116
T 1116 1128 1051 916
T 1116 1038 911 916
T 1128 1019 916 1116
T 245 166 171 234
T 234 245 258 171
T 160 167 171 234
T 234 248 167 171
T 234 160 166 171
T 248 258 171 234
T 276 289 192 258
T 258 171 192 276
T 183 192 171 276
T 276 183 167 171
T 276 248 258 171
T 248 167 171 276
T 305 316 229 289
T 289 192 229 305
T 219 229 192 305
T 305 219 183 192
T 305 276 289 192
T 276 183 192 305
T 354 374 270 316
T 316 229 270 354
T 263 270 229 354
T 354 263 219 229
T 354 305 316 229
T 305 219 229 354
T 423 441 334 374
T 374 270 334 423
T 322 334 270 423
T 423 322 263 270
T 423 354 374 270
T 354 263 270 423
T 514 529 417 441
T 441 334 417 514
T 408 417 334 514
T 514 408 322 334
T 514 423 441 334
T 423 322 334 514
T 623 634 530 529
T 529 417 530 623
T 516 530 417 623
T 623 516 408 417
T 623 514 529 417
T 514 408 417 623
T 770 776 670 634
T 634 530 670 770
T 640 670 530 770
T 770 640 516 530
T 770 623 634 530
T 623 516 530 770
T 911 916 821 776
T 776 670 821 911
T 807 821 670 911
T 911 807 640 670
T 911 770 776 670
T 770 640 670 911
T 911 807 821 1038
T 1038 911 916 821
T 952 960 821 1038
T 1038 1051 960 821
T 1038 952 807 821
T 1051 916 821 1038
T 166 102 112 160
T 160 166 171 112
T 95 108 112 160
T 160 167 108 112
T 160 95 102 112
T 167 171 112 160
T 183 192 130 171
T 171 112 130 183
T 121 130 112 183
T 183 121 108 112
T 183 167 171 112
T 167 108 112 183
T 219 229 156 192
T 192 130 156 219
T 149 156 130 219
T 219 149 121 130
T 219 183 192 130
T 183 121 130 219
T 263 270 202 229
T 229 156 202 263
T 198 202 156 263
T 263 198 149 156
T 263 219 229 156
T 219 149 156 263
T 322 334 256 270
T 270 202 256 322
T 253 256 202 322
T 322 253 198 202
T 322 263 270 202
T 263 198 202 322
T 408 417 331 334
T 334 256 331 408
T 329 331 256 408
T 408 329 253 256
T 408 322 334 256
T 322 253 256 408
T 516 530 443 417
T 417 331 443 516
T 425 443 331 516
T 516 425 329 331
T 516 408 417 331
T 408 329 331 516
T 640 670 565 530
T 530 443 565 640
T 542 565 443 640
T 640 542 425 443
T 640 516 530 443
T 516 425 443 640
T 807 821 721 670
T 670 565 721 807
T 710 721 565 807
T 807 710 542 565
T 807 640 670 565
T 640 542 565 807
T 807 710 721 952
T 952 807 821 721
T 872 888 721 952
T 952 960 888 721
T 952 872 710 721
T 960 821 721 952
T 102 58 64 95
T 95 102 112 64
T 52 61 64 95
T 95 108 61 64
T 95 52 58 64
T 108 112 64 95
T 121 130 83 112
T 112 64 83 121
T 77 83 64 121
T 121 77 61 64
T 121 108 112 64
T 108 61 64 121
T 149 156 111 130
T 130 83 111 149
T 97 111 83 149
T 149 97 77 83
T 149 121 130 83
T 121 77 83 149
T 198 202 142 156
T 156 111 142 198
T 135 142 111 198
T 198 135 97 111
T 198 149 156 111
T 149 97 111 198
T 253 256 204 202
T 202 142 204 253
T 188 204 142 253
T 253 188 135 142
T 253 198 202 142
T 198 135 142 253
T 329 331 267 256
T 256 204 267 329
T 261 267 204 329
T 329 261 188 204
T 329 253 256 204
T 253 188 204 329
T 425 443 370 331
T 331 267 370 425
T 351 370 267 425
T 425 351 261 267
T 425 329 331 267
T 329 261 267 425
T 542 565 479 443
T 443 370 479 542
T 466 479 370 542
T 542 466 351 370
T 542 425 443 370
T 425 351 370 542
T 710 721 619 565
T 565 479 619 710
T 613 619 479 710
T 710 613 466 479
T 710 542 565 479
T 542 466 479 710
T 710 613 619 872
T 872 710 721 619
T 796 814 619 872
T 872 888 814 619
T 872 796 613 619
T 888 721 619 872
T 58 34 36 52
T 52 58 64 36
T 28 33 36 52
T 52 61 33 36
T 52 28 34 36
T 61 64 36 52
T 77 83 48 64
T 64 36 48 77
T 43 48 36 77
T 77 43 33 36
T 77 61 64 36
T 61 33 36 77
T 97 111 71 83
T 83 48 71 97
T 65 71 48 97
T 97 65 43 48
T 97 77 83 48
T 77 43 48 97
T 135 142 110 111
T 111 71 110 135
T 98 110 71 135
T 135 98 65 71
T 135 97 111 71
T 97 65 71 135
T 188 204 154 142
T 142 110 154 188
T 145 154 110 188
T 188 145 98 110
T 188 135 142 110
T 135 98 110 188
T 261 267 226 204
T 204 154 226 261
T 218 226 154 261
T 261 218 145 154
T 261 188 204 154
T 188 145 154 261
T 351 370 314 267
T 267 226 314 351
T 307 314 226 351
T 351 307 218 226
T 351 261 267 226
T 261 218 226 351
T 466 479 428 370
T 370 314 428 466
T 411 428 314 466
T 466 411 307 314
T 466 351 370 314
T 351 307 314 466
T 613 619 580 479
T 479 428 580 613
T 569 580 428 613
T 613 569 411 428
T 613 466 479 428
T 466 411 428 613
T 613 569 580 796
T 796 613 619 580
T 735 750 580 796
T 796 814 750 580
T 796 735 569 580
T 814 619 580 796
T 34 16 18 28
T 28 34 36 18
T 11 17 18 28
T 28 33 17 18
T 28 11 16 18
T 33 36 18 28
T 43 48 25 36
T 36 18 25 43
T 23 25 18 43
T 43 23 17 18
T 43 33 36 18
T 33 17 18 43
T 65 71 50 48
T 48 25 50 65
T 42 50 25 65
T 65 42 23 25
T 65 43 48 25
T 43 23 25 65
T 98 110 84 71
T 71 50 84 98
T 78 84 50 98
T 98 78 42 50
T 98 65 71 50
T 65 42 50 98
T 145 154 131 110
T 110 84 131 145
T 124 131 84 145
T 145 124 78 84
T 145 98 110 84
T 98 78 84 145
T 218 226 187 154
T 154 131 187 218
T 179 187 131 218
T 218 179 124 131
T 218 145 154 131
T 145 124 131 218
T 307 314 284 226
T 226 187 284 307
T 268 284 187 307
T 307 268 179 187
T 307 218 226 187
T 218 179 187 307
T 411 428 388 314
T 314 284 388 411
T 382 388 284 411
T 411 382 268 284
T 411 307 314 284
T 307 268 284 411
T 569 580 532 428
T 428 388 532 569
T 520 532 388 569
T 569 520 382 388
T 569 411 428 388
T 411 382 388 569
T 569 520 532 735
T 735 569 580 532
T 684 696 532 735
T 735 750 696 532
T 735 684 520 532
T 750 580 532 735
T 16 7 8 11
T 11 16 18 8
T 4 6 8 11
T 11 17 6 8
T 11 4 7 8
T 17 18 8 11
T 23 25 20 18
T 18 8 20 23
T 12 20 8 23
T 23 12 6 8
T 23 17 18 8
T 17 6 8 23
T 42 50 38 25
T 25 20 38 42
T 31 38 20 42
T 42 31 12 20
T 42 23 25 20
T 23 12 20 42
T 78 84 69 50
T 50 38 69 78
T 60 69 38 78
T 78 60 31 38
T 78 42 50 38
T 42 31 38 78
T 124 131 115 84
T 84 69 115 124
T 107 115 69 124
T 124 107 60 69
T 124 78 84 69
T 78 60 69 124
T 179 187 177 131
T 131 115 177 179
T 164 177 115 179
T 179 164 107 115
T 179 124 131 115
T 124 107 115 179
T 268 284 259 187
T 187 177 259 268
T 244 259 177 268
T 268 244 164 177
T 268 179 187 177
T 179 164 177 268
T 382 388 365 284
T 284 259 365 382
T 359 365 259 382
T 382 359 244 259
T 382 268 284 259
T 268 244 259 382
T 520 532 499 388
T 388 365 499 520
T 493 499 365 520
T 520 493 359 365
T 520 382 388 365
T 382 359 365 520
T 520 493 499 684
T 684 520 532 499
T 665 674 499 684
T 684 696 674 499
T 684 665 493 499
T 696 532 499 684
T 6 2 1 8
T 8 6 4 1
T 5 3 1 8
T 8 7 3 1
T 8 5 2 1
T 7 4 1 8
T 9 15 5 20
T 20 8 5 9
T 2 5 8 9
T 9 2 6 8
T 9 12 20 8
T 12 6 8 9
T 26 35 15 38
T 38 20 15 26
T 9 15 20 26
T 26 9 12 20
T 26 31 38 20
T 31 12 20 26
T 54 62 35 69
T 69 38 35 54
T 26 35 38 54
T 54 26 31 38
T 54 60 69 38
T 60 31 38 54
T 96 104 62 115
T 115 69 62 96
T 54 62 69 96
T 96 54 60 69
T 96 107 115 69
T 107 60 69 96
T 162 165 104 177
T 177 115 104 162
T 96 104 115 162
T 162 96 107 115
T 162 164 177 115
T 164 107 115 162
T 235 247 165 259
T 259 177 165 235
T 162 165 177 235
T 235 162 164 177
T 235 244 259 177
T 244 164 177 235
T 343 349 247 365
T 365 259 247 343
T 235 247 259 343
T 343 235 244 259
T 343 359 365 259
T 359 244 259 343
T 481 490 349 499
T 499 365 349 481
T 343 349 365 481
T 481 343 359 365
T 481 493 499 365
T 493 359 365 481
T 674 652 646 499
T 499 674 665 646
T 490 481 646 499
T 499 493 481 646
T 499 490 652 646
T 493 665 646 499
100.000000 100.000000 100.000000
100.000000 90.000000 100.000000
90.000000 100.000000 100.000000
100.000000 100.000000 90.000000
90.000000 90.000000 100.000000
100.000000 90.000000 90.000000
90.000000 100.000000 90.000000
90.000000 90.000000 90.000000
100.000000 80.000000 100.000000
80.000000 100.000000 100.000000
100.000000 100.000000 80.000000
100.000000 80.000000 90.000000
80.000000 90.000000 100.000000
80.000000 100.000000 90.000000
90.000000 80.000000 100.000000
90.000000 100.000000 80.000000
100.000000 90.000000 80.000000
90.000000 90.000000 80.000000
80.000000 90.000000 90.000000
90.000000 80.000000 90.000000
80.000000 100.000000 80.000000
80.000000 80.000000 100.000000
100.000000 80.000000 80.000000
80.000000 80.000000 90.000000
90.000000 80.000000 80.000000
100.000000 70.000000 100.000000
70.000000 100.000000 100.000000
100.000000 100.000000 70.000000
80.000000 90.000000 80.000000
70.000000 100.000000 90.000000
100.000000 70.000000 90.000000
70.000000 90.000000 100.000000
100.000000 90.000000 70.000000
90.000000 100.000000 70.000000
90.000000 70.000000 100.000000
90.000000 90.000000 70.000000
70.000000 90.000000 90.000000
90.000000 70.000000 90.000000
80.000000 80.000000 80.000000
70.000000 100.000000 80.000000
80.000000 100.000000 70.000000
100.000000 70.000000 80.000000
100.000000 80.000000 70.000000
70.000000 80.000000 100.000000
80.000000 70.000000 100.000000
80.000000 90.000000 70.000000
70.000000 90.000000 80.000000
90.000000 80.000000 70.000000
80.000000 70.000000 90.000000
90.000000 70.000000 80.000000
70.000000 80.000000 90.000000
100.000000 100.000000 60.000000
60.000000 100.000000 100.000000
100.000000 60.000000 100.000000
80.000000 80.000000 70.000000
60.000000 90.000000 100.000000
60.000000 100.000000 90.000000
90.000000 100.000000 60.000000
80.000000 70.000000 80.000000
100.000000 60.000000 90.000000
100.000000 90.000000 60.000000
90.000000 60.000000 100.000000
70.000000 80.000000 80.000000
90.000000 90.000000 60.000000
100.000000 70.000000 70.000000
60.000000 90.000000 90.000000
70.000000 100.000000 70.000000
70.000000 70.000000 100.000000
90.000000 60.000000 90.000000
70.000000 90.000000 70.000000
90.000000 70.000000 70.000000
70.000000 70.000000 90.000000
80.000000 100.000000 60.000000
60.000000 100.000000 80.000000
60.000000 80.000000 100.000000
80.000000 60.000000 100.000000
100.000000 80.000000 60.000000
100.000000 60.000000 80.000000
80.000000 60.000000 90.000000
80.000000 90.000000 60.000000
60.000000 90.000000 80.000000
60.000000 80.000000 90.000000
90.000000 80.000000 60.000000
90.000000 60.000000 80.000000
70.000000 70.000000 80.000000
80.000000 70.000000 70.000000
70.000000 80.000000 70.000000
80.000000 60.000000 80.000000
60.000000 80.000000 80.000000
80.000000 80.000000 60.000000
70.000000 100.000000 60.000000
60.000000 70.000000 100.000000
50.000000 100.000000 100.000000
60.000000 100.000000 70.000000
100.000000 100.000000 50.000000
100.000000 50.000000 100.000000
100.000000 70.000000 60.000000
100.000000 60.000000 70.000000
70.000000 60.000000 100.000000
50.000000 90.000000 100.000000
70.000000 90.000000 60.000000
90.000000 100.000000 50.000000
60.000000 90.000000 70.000000
90.000000 50.000000 100.000000
60.000000 70.000000 90.000000
70.000000 60.000000 90.000000
100.000000 50.000000 90.000000
100.000000 90.000000 50.000000
50.000000 100.000000 90.000000
90.000000 60.000000 70.000000
90.000000 70.000000 60.000000
90.000000 90.000000 50.000000
50.000000 90.000000 90.000000
70.000000 70.000000 70.000000
90.000000 50.000000 90.000000
50.000000 80.000000 100.000000
80.000000 70.000000 60.000000
60.000000 70.000000 80.000000
80.000000 60.000000 70.000000
80.000000 100.000000 50.000000
100.000000 80.000000 50.000000
50.000000 100.000000 80.000000
80.000000 50.000000 100.000000
100.000000 50.000000 80.000000
60.000000 80.000000 70.000000
70.000000 60.000000 80.000000
70.000000 80.000000 60.000000
50.000000 90.000000 80.000000
50.000000 80.000000 90.000000
90.000000 80.000000 50.000000
90.000000 50.000000 80.000000
80.000000 50.000000 90.000000
80.000000 90.000000 50.000000
60.000000 100.000000 60.000000
100.000000 60.000000 60.000000
60.000000 60.000000 100.000000
50.000000 80.000000 80.000000
60.000000 90.000000 60.000000
80.000000 50.000000 80.000000
60.000000 60.000000 90.000000
80.000000 80.000000 50.000000
90.000000 60.000000 60.000000
50.000000 70.000000 100.000000
70.000000 60.000000 70.000000
100.000000 50.000000 70.000000
70.000000 50.000000 100.000000
50.000000 100.000000 70.000000
70.000000 100.000000 50.000000
100.000000 70.000000 50.000000
60.000000 70.000000 70.000000
70.000000 70.000000 60.000000
50.000000 90.000000 70.000000
50.000000 70.000000 90.000000
90.000000 50.000000 70.000000
70.000000 50.000000 90.000000
90.000000 70.000000 50.000000
70.000000 90.000000 50.000000
80.000000 60.000000 60.000000
60.000000 80.000000 60.000000
100.000000 100.000000 40.000000
40.000000 100.000000 100.000000
100.000000 40.000000 100.000000
60.000000 60.000000 80.000000
100.000000 40.000000 90.000000
90.000000 40.000000 100.000000
90.000000 100.000000 40.000000
100.000000 90.000000 40.000000
40.000000 100.000000 90.000000
40.000000 90.000000 100.000000
50.000000 70.000000 80.000000
90.000000 90.000000 40.000000
50.000000 80.000000 70.000000
80.000000 50.000000 70.000000
40.000000 90.000000 90.000000
80.000000 70.000000 50.000000
70.000000 50.000000 80.000000
90.000000 40.000000 90.000000
70.000000 80.000000 50.000000
100.000000 40.000000 80.000000
80.000000 40.000000 100.000000
80.000000 100.000000 40.000000
40.000000 80.000000 100.000000
100.000000 80.000000 40.000000
40.000000 100.000000 80.000000
60.000000 70.000000 60.000000
60.000000 60.000000 70.000000
90.000000 40.000000 80.000000
100.000000 50.000000 60.000000
40.000000 80.000000 90.000000
50.000000 60.000000 100.000000
50.000000 100.000000 60.000000
90.000000 80.000000 40.000000
80.000000 40.000000 90.000000
60.000000 50.000000 100.000000
80.000000 90.000000 40.000000
70.000000 60.000000 60.000000
60.000000 100.000000 50.000000
100.000000 60.000000 50.000000
40.000000 90.000000 80.000000
50.000000 90.000000 60.000000
60.000000 50.000000 90.000000
90.000000 60.000000 50.000000
50.000000 60.000000 90.000000
90.000000 50.000000 60.000000
60.000000 90.000000 50.000000
50.000000 70.000000 70.000000
70.000000 70.000000 50.000000
70.000000 50.000000 70.000000
80.000000 80.000000 40.000000
40.000000 80.000000 80.000000
80.000000 40.000000 80.000000
80.000000 60.000000 50.000000
60.000000 50.000000 80.000000
70.000000 40.000000 100.000000
50.000000 60.000000 80.000000
80.000000 50.000000 60.000000
70.000000 100.000000 40.000000
100.000000 40.000000 70.000000
100.000000 70.000000 40.000000
40.000000 100.000000 70.000000
50.000000 80.000000 60.000000
40.000000 70.000000 100.000000
60.000000 80.000000 50.000000
40.000000 70.000000 90.000000
70.000000 40.000000 90.000000
90.000000 40.000000 70.000000
40.000000 90.000000 70.000000
70.000000 90.000000 40.000000
90.000000 70.000000 40.000000
60.000000 60.000000 60.000000
70.000000 40.000000 80.000000
40.000000 80.000000 70.000000
30.000000 100.000000 100.000000
100.000000 100.000000 30.000000
100.000000 30.000000 100.000000
80.000000 40.000000 70.000000
80.000000 70.000000 40.000000
70.000000 80.000000 40.000000
40.000000 70.000000 80.000000
50.000000 70.000000 60.000000
30.000000 100.000000 90.000000
70.000000 60.000000 50.000000
50.000000 60.000000 70.000000
100.000000 30.000000 90.000000
90.000000 100.000000 30.000000
50.000000 100.000000 50.000000
90.000000 30.000000 100.000000
100.000000 90.000000 30.000000
30.000000 90.000000 100.000000
60.000000 70.000000 50.000000
60.000000 50.000000 70.000000
50.000000 50.000000 100.000000
100.000000 50.000000 50.000000
70.000000 50.000000 60.000000
50.000000 90.000000 50.000000
90.000000 50.000000 50.000000
30.000000 90.000000 90.000000
90.000000 90.000000 30.000000
90.000000 30.000000 90.000000
50.000000 50.000000 90.000000
100.000000 40.000000 60.000000
60.000000 100.000000 40.000000
100.000000 60.000000 40.000000
40.000000 60.000000 100.000000
40.000000 100.000000 60.000000
60.000000 40.000000 100.000000
90.000000 40.000000 60.000000
100.000000 30.000000 80.000000
60.000000 90.000000 40.000000
90.000000 60.000000 40.000000
80.000000 30.000000 100.000000
80.000000 100.000000 30.000000
30.000000 100.000000 80.000000
60.000000 40.000000 90.000000
30.000000 80.000000 100.000000
100.000000 80.000000 30.000000
40.000000 60.000000 90.000000
40.000000 90.000000 60.000000
70.000000 40.000000 70.000000
50.000000 80.000000 50.000000
30.000000 80.000000 90.000000
80.000000 50.000000 50.000000
80.000000 90.000000 30.000000
90.000000 30.000000 80.000000
30.000000 90.000000 80.000000
40.000000 70.000000 70.000000
50.000000 50.000000 80.000000
70.000000 70.000000 40.000000
90.000000 80.000000 30.000000
80.000000 30.000000 90.000000
60.000000 80.000000 40.000000
80.000000 60.000000 40.000000
80.000000 40.000000 60.000000
40.000000 80.000000 60.000000
60.000000 40.000000 80.000000
40.000000 60.000000 80.000000
60.000000 50.000000 60.000000
80.000000 30.000000 80.000000
80.000000 80.000000 30.000000
50.000000 60.000000 60.000000
60.000000 60.000000 50.000000
30.000000 80.000000 80.000000
30.000000 100.000000 70.000000
70.000000 100.000000 30.000000
100.000000 70.000000 30.000000
30.000000 70.000000 100.000000
100.000000 30.000000 70.000000
70.000000 30.000000 100.000000
50.000000 70.000000 50.000000
30.000000 90.000000 70.000000
70.000000 50.000000 50.000000
30.000000 70.000000 90.000000
70.000000 90.000000 30.000000
90.000000 30.000000 70.000000
50.000000 50.000000 70.000000
90.000000 70.000000 30.000000
70.000000 30.000000 90.000000
50.000000 40.000000 100.000000
40.000000 70.000000 60.000000
70.000000 40.000000 60.000000
70.000000 60.000000 40.000000
100.000000 50.000000 40.000000
50.000000 100.000000 40.000000
40.000000 50.000000 100.000000
40.000000 100.000000 50.000000
40.000000 60.000000 70.000000
60.000000 40.000000 70.000000
60.000000 70.000000 40.000000
100.000000 40.000000 50.000000
50.000000 40.000000 90.000000
90.000000 40.000000 50.000000
50.000000 90.000000 40.000000
70.000000 30.000000 80.000000
90.000000 50.000000 40.000000
80.000000 70.000000 30.000000
80.000000 30.000000 70.000000
30.000000 80.000000 70.000000
70.000000 80.000000 30.000000
30.000000 70.000000 80.000000
40.000000 50.000000 90.000000
40.000000 90.000000 50.000000
20.000000 100.000000 100.000000
100.000000 20.000000 100.000000
100.000000 100.000000 20.000000
50.000000 40.000000 80.000000
50.000000 80.000000 40.000000
40.000000 50.000000 80.000000
30.000000 60.000000 100.000000
90.000000 20.000000 100.000000
80.000000 50.000000 40.000000
100.000000 30.000000 60.000000
90.000000 100.000000 20.000000
60.000000 100.000000 30.000000
100.000000 60.000000 30.000000
20.000000 90.000000 100.000000
30.000000 100.000000 60.000000
60.000000 30.000000 100.000000
40.000000 80.000000 50.000000
100.000000 20.000000 90.000000
100.000000 90.000000 20.000000
80.000000 40.000000 50.000000
20.000000 100.000000 90.000000
30.000000 60.000000 90.000000
60.000000 90.000000 30.000000
90.000000 20.000000 90.000000
90.000000 90.000000 20.000000
30.000000 90.000000 60.000000
50.000000 60.000000 50.000000
60.000000 30.000000 90.000000
90.000000 30.000000 60.000000
50.000000 50.000000 60.000000
60.000000 50.000000 50.000000
20.000000 90.000000 90.000000
90.000000 60.000000 30.000000
70.000000 30.000000 70.000000
70.000000 70.000000 30.000000
30.000000 70.000000 70.000000
60.000000 60.000000 40.000000
80.000000 20.000000 100.000000
100.000000 80.000000 20.000000
80.000000 100.000000 20.000000
100.000000 20.000000 80.000000
60.000000 40.000000 60.000000
20.000000 80.000000 100.000000
20.000000 100.000000 80.000000
40.000000 60.000000 60.000000
20.000000 90.000000 80.000000
90.000000 20.000000 80.000000
80.000000 20.000000 90.000000
30.000000 60.000000 80.000000
80.000000 60.000000 30.000000
90.000000 80.000000 20.000000
30.000000 80.000000 60.000000
80.000000 90.000000 20.000000
60.000000 30.000000 80.000000
60.000000 80.000000 30.000000
80.000000 30.000000 60.000000
20.000000 80.000000 90.000000
70.000000 40.000000 50.000000
50.000000 40.000000 70.000000
40.000000 50.000000 70.000000
50.000000 70.000000 40.000000
70.000000 50.000000 40.000000
40.000000 70.000000 50.000000
80.000000 80.000000 20.000000
40.000000 40.000000 100.000000
20.000000 80.000000 80.000000
100.000000 40.000000 40.000000
40.000000 100.000000 40.000000
80.000000 20.000000 80.000000
100.000000 20.000000 70.000000
100.000000 70.000000 20.000000
40.000000 40.000000 90.000000
70.000000 100.000000 20.000000
20.000000 100.000000 70.000000
20.000000 70.000000 100.000000
90.000000 40.000000 40.000000
70.000000 20.000000 100.000000
40.000000 90.000000 40.000000
60.000000 70.000000 30.000000
30.000000 60.000000 70.000000
30.000000 100.000000 50.000000
100.000000 50.000000 30.000000
70.000000 90.000000 20.000000
100.000000 30.000000 50.000000
70.000000 60.000000 30.000000
50.000000 100.000000 30.000000
90.000000 20.000000 70.000000
70.000000 30.000000 60.000000
50.000000 30.000000 100.000000
30.000000 70.000000 60.000000
20.000000 70.000000 90.000000
70.000000 20.000000 90.000000
60.000000 30.000000 70.000000
30.000000 50.000000 100.000000
20.000000 90.000000 70.000000
90.000000 70.000000 20.000000
50.000000 90.000000 30.000000
30.000000 50.000000 90.000000
50.000000 30.000000 90.000000
90.000000 50.000000 30.000000
30.000000 90.000000 50.000000
90.000000 30.000000 50.000000
50.000000 50.000000 50.000000
40.000000 40.000000 80.000000
40.000000 80.000000 40.000000
80.000000 40.000000 40.000000
50.000000 40.000000 60.000000
40.000000 50.000000 60.000000
80.000000 20.000000 70.000000
20.000000 70.000000 80.000000
20.000000 80.000000 70.000000
80.000000 70.000000 20.000000
70.000000 20.000000 80.000000
50.000000 60.000000 40.000000
60.000000 50.000000 40.000000
40.000000 60.000000 50.000000
60.000000 40.000000 50.000000
70.000000 80.000000 20.000000
50.000000 80.000000 30.000000
30.000000 80.000000 50.000000
50.000000 30.000000 80.000000
80.000000 50.000000 30.000000
30.000000 50.000000 80.000000
80.000000 30.000000 50.000000
100.000000 20.000000 60.000000
100.000000 60.000000 20.000000
20.000000 60.000000 100.000000
60.000000 100.000000 20.000000
60.000000 20.000000 100.000000
20.000000 100.000000 60.000000
70.000000 40.000000 40.000000
40.000000 40.000000 70.000000
20.000000 90.000000 60.000000
30.000000 60.000000 60.000000
10.000000 100.000000 100.000000
100.000000 100.000000 10.000000
60.000000 20.000000 90.000000
90.000000 20.000000 60.000000
60.000000 90.000000 20.000000
100.000000 10.000000 100.000000
60.000000 60.000000 30.000000
60.000000 30.000000 60.000000
90.000000 60.000000 20.000000
20.000000 60.000000 90.000000
40.000000 70.000000 40.000000
10.000000 100.000000 90.000000
100.000000 90.000000 10.000000
10.000000 90.000000 100.000000
90.000000 10.000000 100.000000
70.000000 20.000000 70.000000
90.000000 100.000000 10.000000
100.000000 10.000000 90.000000
70.000000 70.000000 20.000000
20.000000 70.000000 70.000000
50.000000 70.000000 30.000000
90.000000 90.000000 10.000000
30.000000 70.000000 50.000000
90.000000 10.000000 90.000000
70.000000 50.000000 30.000000
10.000000 90.000000 90.000000
70.000000 30.000000 50.000000
30.000000 50.000000 70.000000
50.000000 30.000000 70.000000
20.000000 80.000000 60.000000
80.000000 60.000000 20.000000
80.000000 20.000000 60.000000
60.000000 20.000000 80.000000
20.000000 60.000000 80.000000
60.000000 80.000000 20.000000
10.000000 100.000000 80.000000
40.000000 100.000000 30.000000
80.000000 100.000000 10.000000
100.000000 40.000000 30.000000
80.000000 10.000000 100.000000
100.000000 30.000000 40.000000
30.000000 40.000000 100.000000
30.000000 100.000000 40.000000
100.000000 80.000000 10.000000
100.000000 10.000000 80.000000
40.000000 30.000000 100.000000
10.000000 80.000000 100.000000
30.000000 40.000000 90.000000
50.000000 50.000000 40.000000
40.000000 50.000000 50.000000
80.000000 90.000000 10.000000
80.000000 10.000000 90.000000
90.000000 80.000000 10.000000
90.000000 40.000000 30.000000
90.000000 30.000000 40.000000
50.000000 40.000000 50.000000
90.000000 10.000000 80.000000
10.000000 80.000000 90.000000
30.000000 90.000000 40.000000
10.000000 90.000000 80.000000
40.000000 30.000000 90.000000
40.000000 90.000000 30.000000
40.000000 40.000000 60.000000
60.000000 40.000000 40.000000
40.000000 60.000000 40.000000
20.000000 70.000000 60.000000
100.000000 20.000000 50.000000
20.000000 50.000000 100.000000
40.000000 30.000000 80.000000
50.000000 20.000000 100.000000
30.000000 40.000000 80.000000
60.000000 20.000000 70.000000
60.000000 70.000000 20.000000
40.000000 80.000000 30.000000
80.000000 10.000000 80.000000
30.000000 80.000000 40.000000
70.000000 20.000000 60.000000
50.000000 100.000000 20.000000
20.000000 60.000000 70.000000
80.000000 80.000000 10.000000
80.000000 40.000000 30.000000
100.000000 50.000000 20.000000
70.000000 60.000000 20.000000
10.000000 80.000000 80.000000
20.000000 100.000000 50.000000
80.000000 30.000000 40.000000
50.000000 90.000000 20.000000
20.000000 50.000000 90.000000
50.000000 20.000000 90.000000
90.000000 20.000000 50.000000
10.000000 70.000000 100.000000
70.000000 10.000000 100.000000
10.000000 100.000000 70.000000
100.000000 10.000000 70.000000
100.000000 70.000000 10.000000
70.000000 100.000000 10.000000
20.000000 90.000000 50.000000
90.000000 50.000000 20.000000
50.000000 60.000000 30.000000
30.000000 60.000000 50.000000
60.000000 50.000000 30.000000
50.000000 30.000000 60.000000
60.000000 30.000000 50.000000
30.000000 50.000000 60.000000
90.000000 10.000000 70.000000
70.000000 90.000000 10.000000
10.000000 70.000000 90.000000
10.000000 90.000000 70.000000
90.000000 70.000000 10.000000
70.000000 10.000000 90.000000
50.000000 80.000000 20.000000
50.000000 20.000000 80.000000
20.000000 50.000000 80.000000
80.000000 50.000000 20.000000
80.000000 20.000000 50.000000
20.000000 80.000000 50.000000
10.000000 70.000000 80.000000
30.000000 40.000000 70.000000
70.000000 40.000000 30.000000
70.000000 80.000000 10.000000
70.000000 10.000000 80.000000
30.000000 70.000000 40.000000
70.000000 30.000000 40.000000
40.000000 30.000000 70.000000
40.000000 70.000000 30.000000
80.000000 10.000000 70.000000
80.000000 70.000000 10.000000
10.000000 80.000000 70.000000
60.000000 60.000000 20.000000
20.000000 60.000000 60.000000
60.000000 20.000000 60.000000
10.000000 100.000000 60.000000
50.000000 40.000000 40.000000
40.000000 50.000000 40.000000
40.000000 40.000000 50.000000
100.000000 60.000000 10.000000
60.000000 10.000000 100.000000
100.000000 10.000000 60.000000
60.000000 100.000000 10.000000
10.000000 60.000000 100.000000
20.000000 50.000000 70.000000
50.000000 20.000000 70.000000
50.000000 70.000000 20.000000
90.000000 10.000000 60.000000
60.000000 90.000000 10.000000
60.000000 10.000000 90.000000
10.000000 60.000000 90.000000
100.000000 30.000000 30.000000
30.000000 30.000000 100.000000
10.000000 90.000000 60.000000
70.000000 20.000000 50.000000
70.000000 50.000000 20.000000
30.000000 100.000000 30.000000
20.000000 70.000000 50.000000
90.000000 60.000000 10.000000
50.000000 50.000000 30.000000
10.000000 70.000000 70.000000
70.000000 10.000000 70.000000
90.000000 30.000000 30.000000
30.000000 30.000000 90.000000
70.000000 70.000000 10.000000
30.000000 90.000000 30.000000
30.000000 50.000000 50.000000
50.000000 30.000000 50.000000
100.000000 20.000000 40.000000
0.000000 100.000000 100.000000
40.000000 20.000000 100.000000
20.000000 100.000000 40.000000
100.000000 40.000000 20.000000
40.000000 100.000000 20.000000
100.000000 0.000000 100.000000
100.000000 100.000000 0.000000
20.000000 40.000000 100.000000
10.000000 80.000000 60.000000
30.000000 40.000000 60.000000
60.000000 40.000000 30.000000
90.000000 0.000000 100.000000
90.000000 40.000000 20.000000
40.000000 20.000000 90.000000
80.000000 60.000000 10.000000
60.000000 10.000000 80.000000
20.000000 90.000000 40.000000
60.000000 80.000000 10.000000
0.000000 100.000000 90.000000
20.000000 40.000000 90.000000
80.000000 10.000000 60.000000
30.000000 60.000000 40.000000
100.000000 90.000000 0.000000
0.000000 90.000000 100.000000
100.000000 0.000000 90.000000
60.000000 30.000000 40.000000
40.000000 30.000000 60.000000
90.000000 100.000000 0.000000
10.000000 60.000000 80.000000
90.000000 20.000000 40.000000
40.000000 90.000000 20.000000
40.000000 60.000000 30.000000
0.000000 90.000000 90.000000
90.000000 0.000000 90.000000
30.000000 30.000000 80.000000
90.000000 90.000000 0.000000
30.000000 80.000000 30.000000
80.000000 30.000000 30.000000
20.000000 40.000000 80.000000
80.000000 40.000000 20.000000
100.000000 80.000000 0.000000
0.000000 80.000000 100.000000
0.000000 100.000000 80.000000
100.000000 0.000000 80.000000
40.000000 20.000000 80.000000
20.000000 80.000000 40.000000
40.000000 80.000000 20.000000
80.000000 0.000000 100.000000
80.000000 100.000000 0.000000
80.000000 20.000000 40.000000
20.000000 50.000000 60.000000
50.000000 20.000000 60.000000
80.000000 0.000000 90.000000
60.000000 50.000000 20.000000
80.000000 90.000000 0.000000
90.000000 0.000000 80.000000
0.000000 90.000000 80.000000
50.000000 60.000000 20.000000
0.000000 80.000000 90.000000
90.000000 80.000000 0.000000
20.000000 60.000000 50.000000
60.000000 20.000000 50.000000
10.000000 100.000000 50.000000
10.000000 70.000000 60.000000
100.000000 50.000000 10.000000
60.000000 10.000000 70.000000
50.000000 100.000000 10.000000
70.000000 60.000000 10.000000
10.000000 60.000000 70.000000
100.000000 10.000000 50.000000
50.000000 10.000000 100.000000
60.000000 70.000000 10.000000
70.000000 10.000000 60.000000
10.000000 50.000000 100.000000
50.000000 90.000000 10.000000
10.000000 90.000000 50.000000
30.000000 30.000000 70.000000
90.000000 50.000000 10.000000
50.000000 10.000000 90.000000
70.000000 30.000000 30.000000
90.000000 10.000000 50.000000
30.000000 70.000000 30.000000
10.000000 50.000000 90.000000
0.000000 80.000000 80.000000
80.000000 80.000000 0.000000
40.000000 40.000000 40.000000
80.000000 0.000000 80.000000
20.000000 40.000000 70.000000
70.000000 40.000000 20.000000
40.000000 20.000000 70.000000
70.000000 0.000000 100.000000
100.000000 70.000000 0.000000
0.000000 70.000000 100.000000
70.000000 100.000000 0.000000
100.000000 0.000000 70.000000
40.000000 70.000000 20.000000
0.000000 100.000000 70.000000
20.000000 70.000000 40.000000
70.000000 20.000000 40.000000
50.000000 40.000000 30.000000
30.000000 40.000000 50.000000
50.000000 80.000000 10.000000
0.000000 70.000000 90.000000
40.000000 50.000000 30.000000
10.000000 80.000000 50.000000
80.000000 10.000000 50.000000
70.000000 0.000000 90.000000
50.000000 10.000000 80.000000
50.000000 30.000000 40.000000
90.000000 0.000000 70.000000
80.000000 50.000000 10.000000
0.000000 90.000000 70.000000
70.000000 90.000000 0.000000
90.000000 70.000000 0.000000
10.000000 50.000000 80.000000
30.000000 50.000000 40.000000
40.000000 30.000000 50.000000
0.000000 70.000000 80.000000
30.000000 100.000000 20.000000
70.000000 0.000000 80.000000
20.000000 100.000000 30.000000
0.000000 80.000000 70.000000
80.000000 70.000000 0.000000
80.000000 0.000000 70.000000
70.000000 80.000000 0.000000
60.000000 10.000000 60.000000
20.000000 30.000000 100.000000
30.000000 20.000000 100.000000
10.000000 60.000000 60.000000
100.000000 20.000000 30.000000
60.000000 60.000000 10.000000
100.000000 30.000000 20.000000
20.000000 50.000000 50.000000
30.000000 90.000000 20.000000
30.000000 20.000000 90.000000
90.000000 20.000000 30.000000
30.000000 30.000000 60.000000
20.000000 90.000000 30.000000
90.000000 30.000000 20.000000
30.000000 60.000000 30.000000
50.000000 20.000000 50.000000
20.000000 30.000000 90.000000
60.000000 30.000000 30.000000
50.000000 50.000000 20.000000
50.000000 70.000000 10.000000
10.000000 70.000000 50.000000
50.000000 10.000000 70.000000
70.000000 50.000000 10.000000
70.000000 10.000000 50.000000
10.000000 50.000000 70.000000
20.000000 40.000000 60.000000
40.000000 20.000000 60.000000
0.000000 100.000000 60.000000
60.000000 40.000000 20.000000
60.000000 0.000000 100.000000
100.000000 0.000000 60.000000
0.000000 60.000000 100.000000
100.000000 60.000000 0.000000
20.000000 60.000000 40.000000
60.000000 100.000000 0.000000
60.000000 20.000000 40.000000
40.000000 60.000000 20.000000
10.000000 100.000000 40.000000
40.000000 10.000000 100.000000
20.000000 80.000000 30.000000
30.000000 20.000000 80.000000
100.000000 10.000000 40.000000
0.000000 60.000000 90.000000
80.000000 30.000000 20.000000
80.000000 20.000000 30.000000
60.000000 0.000000 90.000000
0.000000 90.000000 60.000000
10.000000 40.000000 100.000000
90.000000 0.000000 60.000000
60.000000 90.000000 0.000000
40.000000 100.000000 10.000000
30.000000 80.000000 20.000000
100.000000 40.000000 10.000000
20.000000 30.000000 80.000000
90.000000 60.000000 0.000000
90.000000 10.000000 40.000000
0.000000 70.000000 70.000000
40.000000 10.000000 90.000000
90.000000 40.000000 10.000000
70.000000 0.000000 70.000000
40.000000 90.000000 10.000000
10.000000 40.000000 90.000000
70.000000 70.000000 0.000000
10.000000 90.000000 40.000000
60.000000 80.000000 0.000000
0.000000 60.000000 80.000000
0.000000 80.000000 60.000000
80.000000 60.000000 0.000000
80.000000 0.000000 60.000000
60.000000 0.000000 80.000000
40.000000 40.000000 30.000000
40.000000 10.000000 80.000000
10.000000 40.000000 80.000000
10.000000 80.000000 40.000000
80.000000 10.000000 40.000000
40.000000 30.000000 40.000000
30.000000 40.000000 40.000000
40.000000 80.000000 10.000000
80.000000 40.000000 10.000000
10.000000 60.000000 50.000000
50.000000 10.000000 60.000000
50.000000 60.000000 10.000000
20.000000 70.000000 30.000000
70.000000 30.000000 20.000000
10.000000 50.000000 60.000000
20.000000 30.000000 70.000000
30.000000 70.000000 20.000000
30.000000 20.000000 70.000000
60.000000 10.000000 50.000000
60.000000 50.000000 10.000000
70.000000 20.000000 30.000000
50.000000 30.000000 30.000000
30.000000 50.000000 30.000000
30.000000 30.000000 50.000000
20.000000 50.000000 40.000000
50.000000 40.000000 20.000000
20.000000 40.000000 50.000000
50.000000 20.000000 40.000000
40.000000 50.000000 20.000000
0.000000 100.000000 50.000000
100.000000 50.000000 0.000000
50.000000 0.000000 100.000000
0.000000 50.000000 100.000000
70.000000 0.000000 60.000000
50.000000 100.000000 0.000000
0.000000 70.000000 60.000000
100.000000 0.000000 50.000000
0.000000 60.000000 70.000000
60.000000 70.000000 0.000000
60.000000 0.000000 70.000000
70.000000 60.000000 0.000000
40.000000 20.000000 50.000000
10.000000 70.000000 40.000000
50.000000 90.000000 0.000000
0.000000 90.000000 50.000000
70.000000 40.000000 10.000000
50.000000 0.000000 90.000000
90.000000 50.000000 0.000000
40.000000 10.000000 70.000000
40.000000 70.000000 10.000000
10.000000 40.000000 70.000000
0.000000 50.000000 90.000000
90.000000 0.000000 50.000000
70.000000 10.000000 40.000000
20.000000 20.000000 100.000000
100.000000 20.000000 20.000000
20.000000 100.000000 20.000000
30.000000 60.000000 20.000000
20.000000 30.000000 60.000000
50.000000 80.000000 0.000000
20.000000 90.000000 20.000000
0.000000 50.000000 80.000000
30.000000 20.000000 60.000000
80.000000 0.000000 50.000000
80.000000 50.000000 0.000000
20.000000 20.000000 90.000000
60.000000 20.000000 30.000000
90.000000 20.000000 20.000000
50.000000 0.000000 80.000000
60.000000 30.000000 20.000000
0.000000 80.000000 50.000000
20.000000 60.000000 30.000000
10.000000 100.000000 30.000000
30.000000 100.000000 10.000000
30.000000 10.000000 100.000000
100.000000 10.000000 30.000000
10.000000 30.000000 100.000000
100.000000 30.000000 10.000000
10.000000 90.000000 30.000000
30.000000 10.000000 90.000000
90.000000 10.000000 30.000000
90.000000 30.000000 10.000000
30.000000 90.000000 10.000000
10.000000 30.000000 90.000000
50.000000 50.000000 10.000000
50.000000 10.000000 50.000000
10.000000 50.000000 50.000000
0.000000 60.000000 60.000000
60.000000 60.000000 0.000000
60.000000 0.000000 60.000000
20.000000 80.000000 20.000000
20.000000 20.000000 80.000000
80.000000 20.000000 20.000000
40.000000 10.000000 60.000000
10.000000 40.000000 60.000000
60.000000 40.000000 10.000000
60.000000 10.000000 40.000000
10.000000 60.000000 40.000000
40.000000 60.000000 10.000000
10.000000 80.000000 30.000000
30.000000 40.000000 30.000000
50.000000 70.000000 0.000000
0.000000 50.000000 70.000000
30.000000 10.000000 80.000000
0.000000 70.000000 50.000000
50.000000 0.000000 70.000000
70.000000 0.000000 50.000000
30.000000 80.000000 10.000000
80.000000 10.000000 30.000000
10.000000 30.000000 80.000000
40.000000 30.000000 30.000000
70.000000 50.000000 0.000000
30.000000 30.000000 40.000000
80.000000 30.000000 10.000000
40.000000 40.000000 20.000000
40.000000 100.000000 0.000000
100.000000 0.000000 40.000000
0.000000 100.000000 40.000000
100.000000 40.000000 0.000000
40.000000 0.000000 100.000000
0.000000 40.000000 100.000000
20.000000 40.000000 40.000000
40.000000 20.000000 40.000000
0.000000 40.000000 90.000000
90.000000 0.000000 40.000000
20.000000 20.000000 70.000000
20.000000 70.000000 20.000000
0.000000 90.000000 40.000000
40.000000 0.000000 90.000000
90.000000 40.000000 0.000000
70.000000 20.000000 20.000000
40.000000 90.000000 0.000000
20.000000 50.000000 30.000000
50.000000 20.000000 30.000000
50.000000 30.000000 20.000000
20.000000 30.000000 50.000000
30.000000 20.000000 50.000000
30.000000 50.000000 20.000000
10.000000 70.000000 30.000000
30.000000 10.000000 70.000000
30.000000 70.000000 10.000000
10.000000 30.000000 70.000000
70.000000 30.000000 10.000000
70.000000 10.000000 30.000000
40.000000 0.000000 80.000000
80.000000 40.000000 0.000000
0.000000 40.000000 80.000000
0.000000 80.000000 40.000000
80.000000 0.000000 40.000000
40.000000 80.000000 0.000000
50.000000 60.000000 0.000000
60.000000 50.000000 0.000000
0.000000 50.000000 60.000000
50.000000 0.000000 60.000000
0.000000 60.000000 50.000000
60.000000 0.000000 50.000000
50.000000 40.000000 10.000000
40.000000 50.000000 10.000000
10.000000 40.000000 50.000000
50.000000 10.000000 40.000000
40.000000 10.000000 50.000000
10.000000 50.000000 40.000000
20.000000 20.000000 60.000000
60.000000 20.000000 20.000000
20.000000 60.000000 20.000000
10.000000 100.000000 20.000000
70.000000 40.000000 0.000000
100.000000 10.000000 20.000000
40.000000 70.000000 0.000000
20.000000 100.000000 10.000000
20.000000 10.000000 100.000000
0.000000 40.000000 70.000000
40.000000 0.000000 70.000000
10.000000 20.000000 100.000000
70.000000 0.000000 40.000000
100.000000 20.000000 10.000000
0.000000 70.000000 40.000000
20.000000 90.000000 10.000000
60.000000 10.000000 30.000000
30.000000 60.000000 10.000000
30.000000 10.000000 60.000000
60.000000 30.000000 10.000000
10.000000 20.000000 90.000000
90.000000 10.000000 20.000000
10.000000 90.000000 20.000000
90.000000 20.000000 10.000000
10.000000 30.000000 60.000000
20.000000 10.000000 90.000000
10.000000 60.000000 30.000000
30.000000 30.000000 30.000000
20.000000 40.000000 30.000000
30.000000 40.000000 20.000000
80.000000 10.000000 20.000000
0.000000 100.000000 30.000000
40.000000 30.000000 20.000000
100.000000 30.000000 0.000000
10.000000 80.000000 20.000000
0.000000 30.000000 100.000000
10.000000 20.000000 80.000000
30.000000 0.000000 100.000000
20.000000 30.000000 40.000000
40.000000 20.000000 30.000000
100.000000 0.000000 30.000000
20.000000 80.000000 10.000000
30.000000 100.000000 0.000000
80.000000 20.000000 10.000000
20.000000 10.000000 80.000000
30.000000 20.000000 40.000000
0.000000 30.000000 90.000000
30.000000 90.000000 0.000000
50.000000 50.000000 0.000000
90.000000 30.000000 0.000000
0.000000 90.000000 30.000000
30.000000 0.000000 90.000000
0.000000 50.000000 50.000000
90.000000 0.000000 30.000000
50.000000 0.000000 50.000000
40.000000 0.000000 60.000000
60.000000 40.000000 0.000000
0.000000 60.000000 40.000000
0.000000 40.000000 60.000000
60.000000 0.000000 40.000000
40.000000 60.000000 0.000000
20.000000 50.000000 20.000000
50.000000 20.000000 20.000000
40.000000 40.000000 10.000000
30.000000 0.000000 80.000000
20.000000 20.000000 50.000000
80.000000 30.000000 0.000000
80.000000 0.000000 30.000000
10.000000 40.000000 40.000000
0.000000 80.000000 30.000000
40.000000 10.000000 40.000000
30.000000 80.000000 0.000000
0.000000 30.000000 80.000000
10.000000 70.000000 20.000000
10.000000 20.000000 70.000000
20.000000 10.000000 70.000000
20.000000 70.000000 10.000000
70.000000 20.000000 10.000000
70.000000 10.000000 20.000000
30.000000 10.000000 50.000000
50.000000 10.000000 30.000000
10.000000 30.000000 50.000000
50.000000 30.000000 10.000000
10.000000 50.000000 30.000000
30.000000 50.000000 10.000000
70.000000 30.000000 0.000000
0.000000 30.000000 70.000000
0.000000 70.000000 30.000000
30.000000 70.000000 0.000000
70.000000 0.000000 30.000000
30.000000 0.000000 70.000000
20.000000 10.000000 60.000000
50.000000 40.000000 0.000000
40.000000 50.000000 0.000000
60.000000 20.000000 10.000000
10.000000 20.000000 60.000000
0.000000 40.000000 50.000000
0.000000 50.000000 40.000000
60.000000 10.000000 20.000000
50.000000 0.000000 40.000000
20.000000 60.000000 10.000000
40.000000 0.000000 50.000000
10.000000 60.000000 20.000000
10.000000 100.000000 10.000000
100.000000 10.000000 10.000000
10.000000 10.000000 100.000000
30.000000 20.000000 30.000000
30.000000 30.000000 20.000000
20.000000 30.000000 30.000000
10.000000 10.000000 90.000000
10.000000 90.000000 10.000000
90.000000 10.000000 10.000000
0.000000 20.000000 100.000000
20.000000 100.000000 0.000000
20.000000 0.000000 100.000000
100.000000 20.000000 0.000000
20.000000 40.000000 20.000000
20.000000 20.000000 40.000000
100.000000 0.000000 20.000000
0.000000 100.000000 20.000000
40.000000 20.000000 20.000000
20.000000 90.000000 0.000000
60.000000 30.000000 0.000000
0.000000 60.000000 30.000000
90.000000 20.000000 0.000000
30.000000 60.000000 0.000000
20.000000 0.000000 90.000000
60.000000 0.000000 30.000000
0.000000 90.000000 20.000000
30.000000 0.000000 60.000000
90.000000 0.000000 20.000000
0.000000 30.000000 60.000000
0.000000 20.000000 90.000000
30.000000 10.000000 40.000000
40.000000 10.000000 30.000000
10.000000 40.000000 30.000000
10.000000 80.000000 10.000000
30.000000 40.000000 10.000000
40.000000 30.000000 10.000000
10.000000 10.000000 80.000000
80.000000 10.000000 10.000000
10.000000 30.000000 40.000000
80.000000 0.000000 20.000000
0.000000 80.000000 20.000000
20.000000 0.000000 80.000000
20.000000 80.000000 0.000000
80.000000 20.000000 0.000000
0.000000 20.000000 80.000000
20.000000 50.000000 10.000000
50.000000 20.000000 10.000000
20.000000 10.000000 50.000000
10.000000 20.000000 50.000000
50.000000 10.000000 20.000000
10.000000 50.000000 20.000000
10.000000 70.000000 10.000000
70.000000 10.000000 10.000000
10.000000 10.000000 70.000000
40.000000 0.000000 40.000000
0.000000 40.000000 40.000000
40.000000 40.000000 0.000000
0.000000 20.000000 70.000000
70.000000 0.000000 20.000000
0.000000 70.000000 20.000000
70.000000 20.000000 0.000000
20.000000 70.000000 0.000000
20.000000 0.000000 70.000000
30.000000 0.000000 50.000000
0.000000 50.000000 30.000000
0.000000 30.000000 50.000000
50.000000 30.000000 0.000000
50.000000 0.000000 30.000000
30.000000 50.000000 0.000000
30.000000 20.000000 20.000000
20.000000 30.000000 20.000000
20.000000 20.000000 30.000000
10.000000 10.000000 60.000000
60.000000 10.000000 10.000000
10.000000 60.000000 10.000000
30.000000 10.000000 30.000000
10.000000 30.000000 30.000000
30.000000 30.000000 10.000000
20.000000 60.000000 0.000000
0.000000 20.000000 60.000000
20.000000 0.000000 60.000000
0.000000 60.000000 20.000000
60.000000 20.000000 0.000000
60.000000 0.000000 20.000000
20.000000 10.000000 40.000000
40.000000 20.000000 10.000000
40.000000 10.000000 20.000000
10.000000 20.000000 40.000000
10.000000 100.000000 0.000000
100.000000 0.000000 10.000000
100.000000 10.000000 0.000000
20.000000 40.000000 10.000000
0.000000 100.000000 10.000000
10.000000 40.000000 20.000000
10.000000 0.000000 100.000000
0.000000 10.000000 100.000000
0.000000 10.000000 90.000000
90.000000 10.000000 0.000000
10.000000 0.000000 90.000000
0.000000 90.000000 10.000000
90.000000 0.000000 10.000000
10.000000 90.000000 0.000000
0.000000 10.000000 80.000000
80.000000 0.000000 10.000000
10.000000 0.000000 80.000000
0.000000 40.000000 30.000000
40.000000 30.000000 0.000000
10.000000 80.000000 0.000000
0.000000 80.000000 10.000000
80.000000 10.000000 0.000000
30.000000 0.000000 40.000000
40.000000 0.000000 30.000000
0.000000 30.000000 40.000000
30.000000 40.000000 0.000000
10.000000 10.000000 50.000000
50.000000 10.000000 10.000000
10.000000 50.000000 10.000000
50.000000 0.000000 20.000000
0.000000 50.000000 20.000000
0.000000 20.000000 50.000000
50.000000 20.000000 0.000000
20.000000 0.000000 50.000000
20.000000 50.000000 0.000000
10.000000 0.000000 70.000000
70.000000 10.000000 0.000000
10.000000 70.000000 0.000000
0.000000 70.000000 10.000000
70.000000 0.000000 10.000000
0.000000 10.000000 70.000000
20.000000 20.000000 20.000000
10.000000 20.000000 30.000000
20.000000 30.000000 10.000000
20.000000 10.000000 30.000000
30.000000 10.000000 20.000000
10.000000 30.000000 20.000000
30.000000 20.000000 10.000000
0.000000 10.000000 60.000000
60.000000 0.000000 10.000000
0.000000 60.000000 10.000000
10.000000 60.000000 0.000000
10.000000 0.000000 60.000000
60.000000 10.000000 0.000000
40.000000 10.000000 10.000000
30.000000 30.000000 0.000000
0.000000 30.000000 30.000000
30.000000 0.000000 30.000000
10.000000 40.000000 10.000000
10.000000 10.000000 40.000000
20.000000 40.000000 0.000000
0.000000 40.000000 20.000000
0.000000 20.000000 40.000000
40.000000 0.000000 20.000000
40.000000 20.000000 0.000000
20.000000 0.000000 40.000000
100.000000 0.000000 0.000000
0.000000 100.000000 0.000000
0.000000 0.000000 100.000000
0.000000 0.000000 90.000000
0.000000 90.000000 0.000000
90.000000 0.000000 0.000000
0.000000 0.000000 80.000000
80.000000 0.000000 0.000000
0.000000 80.000000 0.000000
0.000000 10.000000 50.000000
0.000000 50.000000 10.000000
10.000000 0.000000 50.000000
10.000000 50.000000 0.000000
50.000000 10.000000 0.000000
50.000000 0.000000 10.000000
20.000000 20.000000 10.000000
0.000000 0.000000 70.000000
10.000000 20.000000 20.000000
70.000000 0.000000 0.000000
20.000000 10.000000 20.000000
0.000000 70.000000 0.000000
30.000000 10.000000 10.000000
10.000000 10.000000 30.000000
10.000000 30.000000 10.000000
0.000000 20.000000 30.000000
30.000000 20.000000 0.000000
20.000000 0.000000 30.000000
30.000000 0.000000 20.000000
0.000000 30.000000 20.000000
20.000000 30.000000 0.000000
60.000000 0.000000 0.000000
0.000000 0.000000 60.000000
0.000000 60.000000 0.000000
40.000000 10.000000 0.000000
0.000000 10.000000 40.000000
10.000000 40.000000 0.000000
10.000000 0.000000 40.000000
40.000000 0.000000 10.000000
0.000000 40.000000 10.000000
0.000000 0.000000 50.000000
50.000000 0.000000 0.000000
0.000000 50.000000 0.000000
10.000000 20.000000 10.000000
20.000000 10.000000 10.000000
10.000000 10.000000 20.000000
20.000000 20.000000 0.000000
20.000000 0.000000 20.000000
0.000000 20.000000 20.000000
0.000000 10.000000 30.000000
30.000000 0.000000 10.000000
30.000000 10.000000 0.000000
10.000000 0.000000 30.000000
0.000000 30.000000 10.000000
10.000000 30.000000 0.000000
0.000000 0.000000 40.000000
40.000000 0.000000 0.000000
0.000000 40.000000 0.000000
10.000000 10.000000 10.000000
0.000000 10.000000 20.000000
10.000000 20.000000 0.000000
20.000000 10.000000 0.000000
20.000000 0.000000 10.000000
10.000000 0.000000 20.000000
0.000000 20.000000 10.000000
0.000000 0.000000 30.000000
30.000000 0.000000 0.000000
0.000000 30.000000 0.000000
0.000000 10.000000 10.000000
10.000000 10.000000 0.000000
10.000000 0.000000 10.000000
20.000000 0.000000 0.000000
0.000000 20.000000 0.000000
0.000000 0.000000 20.000000
0.000000 10.000000 0.000000
10.000000 0.000000 0.000000
0.000000 0.000000 10.000000
0.000000 0.000000 0.000000

