 "Time [day]","dt_tran [day]","Global H+ [mol]","Global Ca++ [mol]","Global Mg++ [mol]","Global K+ [mol]","Global Na+ [mol]","Global Cl- [mol]","Global H4SiO4 [mol]","Global Al+++ [mol]","Global SO4-- [mol]","Global HCO3- [mol]","Global Tracer [mol]","Global X- [mol]","inlet_bulk H+ [mol]","inlet_bulk Ca++ [mol]","inlet_bulk Mg++ [mol]","inlet_bulk K+ [mol]","inlet_bulk Na+ [mol]","inlet_bulk Cl- [mol]","inlet_bulk H4SiO4 [mol]","inlet_bulk Al+++ [mol]","inlet_bulk SO4-- [mol]","inlet_bulk HCO3- [mol]","inlet_bulk Tracer [mol]","inlet_bulk X- [mol]","inlet_bulk H+ [mol/day]","inlet_bulk Ca++ [mol/day]","inlet_bulk Mg++ [mol/day]","inlet_bulk K+ [mol/day]","inlet_bulk Na+ [mol/day]","inlet_bulk Cl- [mol/day]","inlet_bulk H4SiO4 [mol/day]","inlet_bulk Al+++ [mol/day]","inlet_bulk SO4-- [mol/day]","inlet_bulk HCO3- [mol/day]","inlet_bulk Tracer [mol/day]","inlet_bulk X- [mol/day]","outlet_bulk H+ [mol]","outlet_bulk Ca++ [mol]","outlet_bulk Mg++ [mol]","outlet_bulk K+ [mol]","outlet_bulk Na+ [mol]","outlet_bulk Cl- [mol]","outlet_bulk H4SiO4 [mol]","outlet_bulk Al+++ [mol]","outlet_bulk SO4-- [mol]","outlet_bulk HCO3- [mol]","outlet_bulk Tracer [mol]","outlet_bulk X- [mol]","outlet_bulk H+ [mol/day]","outlet_bulk Ca++ [mol/day]","outlet_bulk Mg++ [mol/day]","outlet_bulk K+ [mol/day]","outlet_bulk Na+ [mol/day]","outlet_bulk Cl- [mol/day]","outlet_bulk H4SiO4 [mol/day]","outlet_bulk Al+++ [mol/day]","outlet_bulk SO4-- [mol/day]","outlet_bulk HCO3- [mol/day]","outlet_bulk Tracer [mol/day]","outlet_bulk X- [mol/day]"
  1.00000000E-04  1.00000000E-04 -7.67458699E-05  8.88713712E-06  2.16401974E-06  1.88211588E-05  1.67378981E-05  2.36609742E-06  1.13140918E-04  1.85772485E-05  3.08401161E-06  2.43739822E-06  7.17292366E-05  2.31436318E-05  6.16977129E-17  5.78614691E-13  1.50598344E-14  2.47694645E-15  9.11516293E-13  2.06018790E-12  9.90778580E-17  9.90778580E-20  2.00137273E-14  1.18893430E-15  1.98155716E-12  9.90778580E-27  6.16977129E-13  5.78614691E-09  1.50598344E-10  2.47694645E-11  9.11516293E-09  2.06018790E-08  9.90778580E-13  9.90778580E-16  2.00137273E-10  1.18893430E-11  1.98155716E-08  9.90778580E-23  6.88514409E-16 -3.48380248E-13 -2.48247305E-13 -4.95818691E-14 -4.59502792E-12 -4.95358874E-12 -9.90594863E-17 -9.90760437E-17 -4.41588669E-13 -7.12020639E-16 -1.41968171E-12 -9.90778580E-27  6.88514409E-12 -3.48380248E-09 -2.48247305E-09 -4.95818691E-10 -4.59502792E-08 -4.95358874E-08 -9.90594863E-13 -9.90760437E-13 -4.41588669E-09 -7.12020639E-12 -1.41968171E-08 -9.90778580E-23
  2.00000000E-04  1.00000000E-04 -7.67458699E-05  8.88713733E-06  2.16401951E-06  1.88211587E-05  1.67378944E-05  2.36609452E-06  1.13140918E-04  1.85772485E-05  3.08401117E-06  2.43739822E-06  7.17292371E-05  2.31436318E-05  1.23395426E-16  1.15722938E-12  3.01196688E-14  4.95389290E-15  1.82303259E-12  4.12037579E-12  1.98155716E-16  1.98155716E-19  4.00274546E-14  2.37786859E-15  3.96311432E-12  1.98155716E-26  6.16977129E-13  5.78614691E-09  1.50598344E-10  2.47694645E-11  9.11516293E-09  2.06018790E-08  9.90778580E-13  9.90778580E-16  2.00137273E-10  1.18893430E-11  1.98155716E-08  9.90778580E-23  1.37927978E-15 -6.97938798E-13 -4.96894802E-13 -9.91945891E-14 -9.19195583E-12 -9.90686892E-12 -1.98100500E-16 -1.98143898E-16 -8.85873165E-13 -1.42648003E-15 -2.83925951E-12 -1.98155716E-26  6.90765374E-12 -3.49558550E-09 -2.48647496E-09 -4.96127199E-10 -4.59692791E-08 -4.95328018E-08 -9.90410142E-13 -9.90678539E-13 -4.44284496E-09 -7.14459390E-12 -1.41957780E-08 -9.90778580E-23
  3.00000000E-04  1.00000000E-04 -7.67458699E-05  8.88713755E-06  2.16401927E-06  1.88211587E-05  1.67378907E-05  2.36609163E-06  1.13140918E-04  1.85772485E-05  3.08401074E-06  2.43739822E-06  7.17292377E-05  2.31436318E-05  1.85093139E-16  1.73584407E-12  4.51795032E-14  7.43083935E-15  2.73454888E-12  6.18056369E-12  2.97233574E-16  2.97233574E-19  6.00411819E-14  3.56680289E-15  5.94467148E-12  2.97233574E-26  6.16977129E-13  5.78614691E-09  1.50598344E-10  2.47694645E-11  9.11516293E-09  2.06018790E-08  9.90778580E-13  9.90778580E-16  2.00137273E-10  1.18893430E-11  1.98155716E-08  9.90778580E-23  2.07165937E-15 -1.04836210E-12 -7.45832593E-13 -1.48829452E-13 -1.37902250E-11 -1.48598402E-11 -2.97123016E-16 -2.97203563E-16 -1.33214711E-12 -2.14274151E-15 -4.25873349E-12 -2.97233574E-26  6.92379585E-12 -3.50423300E-09 -2.48937791E-09 -4.96348632E-10 -4.59826914E-08 -4.95297131E-08 -9.90225160E-13 -9.90596655E-13 -4.46273943E-09 -7.16261478E-12 -1.41947398E-08 -9.90778580E-23
  4.00000000E-04  1.00000000E-04 -7.67458699E-05  8.88713777E-06  2.16401904E-06  1.88211586E-05  1.67378870E-05  2.36608873E-06  1.13140918E-04  1.85772485E-05  3.08401030E-06  2.43739822E-06  7.17292383E-05  2.31436318E-05  2.46790852E-16  2.31445876E-12  6.02393376E-14  9.90778580E-15  3.64606517E-12  8.24075158E-12  3.96311432E-16  3.96311432E-19  8.00549092E-14  4.75573718E-15  7.92622864E-12  3.96311432E-26  6.16977129E-13  5.78614691E-09  1.50598344E-10  2.47694645E-11  9.11516293E-09  2.06018790E-08  9.90778580E-13  9.90778580E-16  2.00137273E-10  1.18893430E-11  1.98155716E-08  9.90778580E-23  2.76518926E-15 -1.39941818E-12 -9.94979672E-13 -1.98480037E-13 -1.83894235E-11 -1.98125025E-11 -3.96127020E-16 -3.96255043E-16 -1.77988893E-12 -2.86034120E-15 -5.67810374E-12 -3.96311432E-26  6.93529892E-12 -3.51056081E-09 -2.49147079E-09 -4.96505848E-10 -4.59919852E-08 -4.95266226E-08 -9.90040039E-13 -9.90514801E-13 -4.47741823E-09 -7.17599691E-12 -1.41937025E-08 -9.90778580E-23
  5.00000000E-04  1.00000000E-04 -7.67458699E-05  8.88713800E-06  2.16401880E-06  1.88211586E-05  1.67378833E-05  2.36608584E-06  1.13140918E-04  1.85772485E-05  3.08400987E-06  2.43739822E-06  7.17292388E-05  2.31436318E-05  3.08488564E-16  2.89307345E-12  7.52991721E-14  1.23847322E-14  4.55758147E-12  1.03009395E-11  4.95389290E-16  4.95389290E-19  1.00068637E-13  5.94467148E-15  9.90778580E-12  4.95389290E-26  6.16977129E-13  5.78614691E-09  1.50598344E-10  2.47694645E-11  9.11516293E-09  2.06018790E-08  9.90778580E-13  9.90778580E-16  2.00137273E-10  1.18893430E-11  1.98155716E-08  9.90778580E-23  3.45953207E-15 -1.75093567E-12 -1.24427635E-12 -2.48141610E-13 -2.29892479E-11 -2.47648556E-11 -4.95112507E-16 -4.95298342E-16 -2.22871386E-12 -3.57894170E-15 -7.09737036E-12 -4.95389290E-26  6.94342813E-12 -3.51517491E-09 -2.49296680E-09 -4.96615733E-10 -4.59982445E-08 -4.95235315E-08 -9.89854864E-13 -9.90432987E-13 -4.48824926E-09 -7.18600504E-12 -1.41926661E-08 -9.90778580E-23
  6.00000000E-04  1.00000000E-04 -7.67458699E-05  8.88713822E-06  2.16401857E-06  1.88211585E-05  1.67378796E-05  2.36608295E-06  1.13140918E-04  1.85772485E-05  3.08400944E-06  2.43739822E-06  7.17292394E-05  2.31436318E-05  3.70186277E-16  3.47168814E-12  9.03590065E-14  1.48616787E-14  5.46909776E-12  1.23611274E-11  5.94467148E-16  5.94467148E-19  1.20082364E-13  7.13360577E-15  1.18893430E-11  5.94467148E-26  6.16977129E-13  5.78614691E-09  1.50598344E-10  2.47694645E-11  9.11516293E-09  2.06018790E-08  9.90778580E-13  9.90778580E-16  2.00137273E-10  1.18893430E-11  1.98155716E-08  9.90778580E-23  4.15444279E-15 -2.10278810E-12 -1.49367867E-12 -2.97810685E-13 -2.75894748E-11 -2.97168997E-11 -5.94079476E-16 -5.94333464E-16 -2.67833820E-12 -4.29829796E-15 -8.51653342E-12 -5.94467148E-26  6.94910722E-12 -3.51852428E-09 -2.49402320E-09 -4.96690748E-10 -4.60022690E-08 -4.95204407E-08 -9.89669696E-13 -9.90351221E-13 -4.49624344E-09 -7.19356257E-12 -1.41916306E-08 -9.90778580E-23
  7.00000000E-04  1.00000000E-04 -7.67458699E-05  8.88713844E-06  2.16401833E-06  1.88211585E-05  1.67378760E-05  2.36608006E-06  1.13140918E-04  1.85772485E-05  3.08400900E-06  2.43739822E-06  7.17292400E-05  2.31436318E-05  4.31883990E-16  4.05030283E-12  1.05418841E-13  1.73386251E-14  6.38061405E-12  1.44213153E-11  6.93545006E-16  6.93545006E-19  1.40096091E-13  8.32254007E-15  1.38709001E-11  6.93545006E-26  6.16977129E-13  5.78614691E-09  1.50598344E-10  2.47694645E-11  9.11516293E-09  2.06018790E-08  9.90778580E-13  9.90778580E-16  2.00137273E-10  1.18893430E-11  1.98155716E-08  9.90778580E-23  4.84974372E-15 -2.45488220E-12 -1.74315426E-12 -3.47484693E-13 -3.21899396E-11 -3.46686348E-11 -6.93027934E-16 -6.93360415E-16 -3.12855291E-12 -5.01823219E-15 -9.93559303E-12 -6.93545006E-26  6.95300921E-12 -3.52094098E-09 -2.49475591E-09 -4.96740082E-10 -4.60046481E-08 -4.95173508E-08 -9.89484581E-13 -9.90269509E-13 -4.50214708E-09 -7.19934234E-12 -1.41905960E-08 -9.90778580E-23
  8.00000000E-04  1.00000000E-04 -7.67458699E-05  8.88713865E-06  2.16401809E-06  1.88211584E-05  1.67378723E-05  2.36607716E-06  1.13140918E-04  1.85772485E-05  3.08400856E-06  2.43739822E-06  7.17292405E-05  2.31436318E-05  4.93581703E-16  4.62891752E-12  1.20478675E-13  1.98155716E-14  7.29213035E-12  1.64815032E-11  7.92622864E-16  7.92622864E-19  1.60109818E-13  9.51147436E-15  1.58524573E-11  7.92622864E-26  6.16977129E-13  5.78614691E-09  1.50598344E-10  2.47694645E-11  9.11516293E-09  2.06018790E-08  9.90778580E-13  9.90778580E-16  2.00137273E-10  1.18893430E-11  1.98155716E-08  9.90778580E-23  5.54530598E-15 -2.80714919E-12 -1.99267928E-12 -3.97161743E-13 -3.67905212E-11 -3.96200610E-11 -7.91957888E-16 -7.92379179E-16 -3.57920390E-12 -5.73861554E-15 -1.13545493E-11 -7.92622864E-26  6.95562269E-12 -3.52266993E-09 -2.49525013E-09 -4.96770494E-10 -4.60058157E-08 -4.95142619E-08 -9.89299531E-13 -9.90187643E-13 -4.50650990E-09 -7.20383348E-12 -1.41895623E-08 -9.90778580E-23
  1.00000000E-03  1.00000000E-04 -7.67458699E-05  8.88713908E-06  2.16401762E-06  1.88211583E-05  1.67378649E-05  2.36607138E-06  1.13140918E-04  1.85772485E-05  3.08400767E-06  2.43739823E-06  7.17292416E-05  2.31436318E-05  6.16977129E-16  5.78614691E-12  1.50598344E-13  2.47694645E-14  9.11516293E-12  2.06018790E-11  9.90778580E-16  9.90778580E-19  2.00137273E-13  1.18893430E-14  1.98155716E-11  9.90778580E-26  6.16977129E-13  5.78614691E-09  1.50598344E-10  2.47694645E-11  9.11516293E-09  2.06018790E-08  9.90778580E-13  9.90778580E-16  2.00137273E-10  1.18893430E-11  1.98155716E-08  9.90778580E-23  6.93686782E-15 -3.51201272E-12 -2.49181208E-12 -4.96519769E-13 -4.59917018E-11 -4.95219874E-11 -9.89762326E-16 -9.90392200E-16 -4.48139108E-12 -7.18038234E-15 -1.41921520E-11 -9.90778580E-26  6.95831354E-12 -3.52474261E-09 -2.49575894E-09 -4.96793262E-10 -4.60057135E-08 -4.95080895E-08 -9.88929786E-13 -9.90024299E-13 -4.51213295E-09 -7.21027598E-12 -1.41874976E-08 -9.90778580E-23
  2.00000000E-03  4.00000000E-04 -7.67458699E-05  8.88714143E-06  2.16401528E-06  1.88211579E-05  1.67378280E-05  2.36604250E-06  1.13140918E-04  1.85772485E-05  3.08400345E-06  2.43739823E-06  7.17292473E-05  2.31436318E-05  1.23395426E-15  1.15722938E-11  3.01196688E-13  4.95389290E-14  1.82303259E-11  4.12037579E-11  1.98155716E-15  1.98155716E-18  4.00274546E-13  2.37786859E-14  3.96311432E-11  1.98155716E-25  6.16977129E-13  5.78614691E-09  1.50598344E-10  2.47694645E-11  9.11516293E-09  2.06018790E-08  9.90778580E-13  9.90778580E-16  2.00137273E-10  1.18893430E-11  1.98155716E-08  9.90778580E-23  1.38936448E-14 -7.03763566E-12 -4.98717050E-12 -9.93221522E-13 -9.19862653E-11 -9.90091874E-11 -1.97744145E-15 -1.97986494E-15 -8.99882230E-12 -1.44018238E-14 -2.83726670E-11 -1.98155716E-25  6.95511441E-12 -3.52546097E-09 -2.49497157E-09 -4.96642994E-10 -4.59883160E-08 -4.94773947E-08 -9.87092236E-13 -9.89214000E-13 -4.51863033E-09 -7.22574324E-12 -1.41772383E-08 -9.90778580E-23
  3.00000000E-03  2.00000000E-04 -7.67458699E-05  8.88714374E-06  2.16401294E-06  1.88211574E-05  1.67377911E-05  2.36601365E-06  1.13140918E-04  1.85772485E-05  3.08399917E-06  2.43739823E-06  7.17292529E-05  2.31436318E-05  1.85093139E-15  1.73584407E-11  4.51795032E-13  7.43083935E-14  2.73454888E-11  6.18056369E-11  2.97233574E-15  2.97233574E-18  6.00411819E-13  3.56680289E-14  5.94467148E-11  2.97233574E-25  6.16977129E-13  5.78614691E-09  1.50598344E-10  2.47694645E-11  9.11516293E-09  2.06018790E-08  9.90778580E-13  9.90778580E-16  2.00137273E-10  1.18893430E-11  1.98155716E-08  9.90778580E-23  2.08430032E-14 -1.05617335E-11 -7.48080910E-12 -1.48968548E-12 -1.37956634E-10 -1.48461031E-10 -2.96300554E-15 -2.96840450E-15 -1.35184658E-11 -2.16373747E-14 -4.25413708E-11 -2.97233574E-25  6.94824084E-12 -3.52382209E-09 -2.49337944E-09 -4.96429453E-10 -4.59669261E-08 -4.94469849E-08 -9.85273521E-13 -9.88411408E-13 -4.51979899E-09 -7.23739366E-12 -1.41670809E-08 -9.90778580E-23
  4.00000000E-03  1.00000000E-03 -7.67458699E-05  8.88714605E-06  2.16401061E-06  1.88211569E-05  1.67377543E-05  2.36598484E-06  1.13140918E-04  1.85772485E-05  3.08399489E-06  2.43739824E-06  7.17292586E-05  2.31436318E-05  2.46790852E-15  2.31445876E-11  6.02393376E-13  9.90778580E-14  3.64606517E-11  8.24075158E-11  3.96311432E-15  3.96311432E-18  8.00549092E-13  4.75573718E-14  7.92622864E-11  3.96311432E-25  6.16977129E-13  5.78614691E-09  1.50598344E-10  2.47694645E-11  9.11516293E-09  2.06018790E-08  9.90778580E-13  9.90778580E-16  2.00137273E-10  1.18893430E-11  1.98155716E-08  9.90778580E-23  2.77841632E-14 -1.40837285E-11 -9.97254193E-12 -1.98589770E-12 -1.83901994E-10 -1.97877893E-10 -3.94647919E-15 -3.95602106E-15 -1.80389579E-11 -2.88860691E-14 -5.66983949E-11 -3.96311432E-25  6.94116004E-12 -3.52199495E-09 -2.49173283E-09 -4.96212221E-10 -4.59453599E-08 -4.94168612E-08 -9.83473649E-13 -9.87616560E-13 -4.52049213E-09 -7.24869448E-12 -1.41570240E-08 -9.90778580E-23
  5.00000000E-03  1.00000000E-03 -7.67458699E-05  8.88714836E-06  2.16400827E-06  1.88211564E-05  1.67377175E-05  2.36595605E-06  1.13140918E-04  1.85772485E-05  3.08399061E-06  2.43739824E-06  7.17292643E-05  2.31436318E-05  3.08488564E-15  2.89307345E-11  7.52991721E-13  1.23847322E-13  4.55758147E-11  1.03009395E-10  4.95389290E-15  4.95389290E-18  1.00068637E-12  5.94467148E-14  9.90778580E-11  4.95389290E-25  6.16977129E-13  5.78614691E-09  1.50598344E-10  2.47694645E-11  9.11516293E-09  2.06018790E-08  9.90778580E-13  9.90778580E-16  2.00137273E-10  1.18893430E-11  1.98155716E-08  9.90778580E-23  3.47182745E-14 -1.76038875E-11 -1.24626343E-11 -2.48189372E-12 -2.29825905E-10 -2.47264875E-10 -4.92816908E-15 -4.94284950E-15 -2.25600775E-11 -3.61459742E-14 -7.08454480E-11 -4.95389290E-25  6.93411122E-12 -3.52015906E-09 -2.49009236E-09 -4.95996018E-10 -4.59239109E-08 -4.93869820E-08 -9.81689895E-13 -9.86828442E-13 -4.52111956E-09 -7.25990506E-12 -1.41470531E-08 -9.90778580E-23
  6.00000000E-03  1.00000000E-03 -7.67458699E-05  8.88715067E-06  2.16400593E-06  1.88211560E-05  1.67376807E-05  2.36592730E-06  1.13140918E-04  1.85772485E-05  3.08398633E-06  2.43739825E-06  7.17292699E-05  2.31436318E-05  3.70186277E-15  3.47168814E-11  9.03590065E-13  1.48616787E-13  5.46909776E-11  1.23611274E-10  5.94467148E-15  5.94467148E-18  1.20082364E-12  7.13360577E-14  1.18893430E-10  5.94467148E-25  6.16977129E-13  5.78614691E-09  1.50598344E-10  2.47694645E-11  9.11516293E-09  2.06018790E-08  9.90778580E-13  9.90778580E-16  2.00137273E-10  1.18893430E-11  1.98155716E-08  9.90778580E-23  4.16453927E-14 -2.11222223E-11 -1.49510993E-11 -2.97767511E-12 -2.75728519E-10 -2.96622220E-10 -5.90809121E-15 -5.92889650E-15 -2.70818046E-11 -4.34170243E-14 -8.49826154E-11 -5.94467148E-25  6.92711825E-12 -3.51833473E-09 -2.48846497E-09 -4.95781392E-10 -4.59026138E-08 -4.93573453E-08 -9.79922129E-13 -9.86046997E-13 -4.52172708E-09 -7.27105015E-12 -1.41371674E-08 -9.90778580E-23
  7.00000000E-03  1.00000000E-03 -7.67458699E-05  8.88715298E-06  2.16400360E-06  1.88211555E-05  1.67376439E-05  2.36589857E-06  1.13140918E-04  1.85772485E-05  3.08398205E-06  2.43739825E-06  7.17292756E-05  2.31436318E-05  4.31883990E-15  4.05030283E-11  1.05418841E-12  1.73386251E-13  6.38061405E-11  1.44213153E-10  6.93545006E-15  6.93545006E-18  1.40096091E-12  8.32254007E-14  1.38709001E-10  6.93545006E-25  6.16977129E-13  5.78614691E-09  1.50598344E-10  2.47694645E-11  9.11516293E-09  2.06018790E-08  9.90778580E-13  9.90778580E-16  2.00137273E-10  1.18893430E-11  1.98155716E-08  9.90778580E-23  4.85655779E-14 -2.46387485E-11 -1.74379513E-11 -3.47324356E-12 -3.21609994E-10 -3.45950169E-10 -6.88626144E-15 -6.91416866E-15 -3.16041293E-11 -5.06991591E-14 -9.91099816E-11 -6.93545006E-25  6.92018523E-12 -3.51652624E-09 -2.48685208E-09 -4.95568452E-10 -4.58814752E-08 -4.93279493E-08 -9.78170225E-13 -9.85272166E-13 -4.52232474E-09 -7.28213473E-12 -1.41273661E-08 -9.90778580E-23
  8.00000000E-03  1.00000000E-03 -7.67458699E-05  8.88715529E-06  2.16400126E-06  1.88211550E-05  1.67376072E-05  2.36586988E-06  1.13140918E-04  1.85772485E-05  3.08397777E-06  2.43739826E-06  7.17292813E-05  2.31436318E-05  4.93581703E-15  4.62891752E-11  1.20478675E-12  1.98155716E-13  7.29213035E-11  1.64815032E-10  7.92622864E-15  7.92622864E-18  1.60109818E-12  9.51147436E-14  1.58524573E-10  7.92622864E-25  6.16977129E-13  5.78614691E-09  1.50598344E-10  2.47694645E-11  9.11516293E-09  2.06018790E-08  9.90778580E-13  9.90778580E-16  2.00137273E-10  1.18893430E-11  1.98155716E-08  9.90778580E-23  5.54788904E-14 -2.81534829E-11 -1.99232052E-11 -3.96860077E-12 -3.67470490E-10 -3.95248961E-10 -7.86269549E-15 -7.89867256E-15 -3.61270441E-11 -5.79923190E-14 -1.13227630E-10 -7.92622864E-25  6.91331243E-12 -3.51473442E-09 -2.48525387E-09 -4.95357211E-10 -4.58604955E-08 -4.92987920E-08 -9.76434054E-13 -9.84503893E-13 -4.52291479E-09 -7.29315994E-12 -1.41176486E-08 -9.90778580E-23
  9.00000000E-03  1.00000000E-03 -7.67458699E-05  8.88715761E-06  2.16399893E-06  1.88211546E-05  1.67375704E-05  2.36584121E-06  1.13140918E-04  1.85772485E-05  3.08397349E-06  2.43739826E-06  7.17292870E-05  2.31436318E-05  5.55279416E-15  5.20753221E-11  1.35538510E-12  2.22925180E-13  8.20364664E-11  1.85416911E-10  8.91700722E-15  8.91700722E-18  1.80123546E-12  1.07004087E-13  1.78340144E-10  8.91700722E-25  6.16977129E-13  5.78614691E-09  1.50598344E-10  2.47694645E-11  9.11516293E-09  2.06018790E-08  9.90778580E-13  9.90778580E-16  2.00137273E-10  1.18893430E-11  1.98155716E-08  9.90778580E-23  6.23853898E-14 -3.16664423E-11 -2.24068755E-11 -4.46374843E-12 -4.13310164E-10 -4.44518833E-10 -8.83740898E-15 -8.88241468E-15 -4.06505418E-11 -6.52964452E-14 -1.27335644E-10 -8.91700722E-25  6.90649944E-12 -3.51295934E-09 -2.48367031E-09 -4.95147660E-10 -4.58396740E-08 -4.92698713E-08 -9.74713491E-13 -9.83742122E-13 -4.52349774E-09 -7.30412621E-12 -1.41080140E-08 -9.90778580E-23
  1.00000000E-02  1.00000000E-03 -7.67458699E-05  8.88715992E-06  2.16399660E-06  1.88211541E-05  1.67375337E-05  2.36581257E-06  1.13140918E-04  1.85772485E-05  3.08396921E-06  2.43739827E-06  7.17292927E-05  2.31436318E-05  6.16977129E-15  5.78614691E-11  1.50598344E-12  2.47694645E-13  9.11516293E-11  2.06018790E-10  9.90778580E-15  9.90778580E-18  2.00137273E-12  1.18893430E-13  1.98155716E-10  9.90778580E-25  6.16977129E-13  5.78614691E-09  1.50598344E-10  2.47694645E-11  9.11516293E-09  2.06018790E-08  9.90778580E-13  9.90778580E-16  2.00137273E-10  1.18893430E-11  1.98155716E-08  9.90778580E-23  6.92851355E-14 -3.51776431E-11 -2.48889768E-11 -4.95868822E-12 -4.59129173E-10 -4.93760018E-10 -9.81041739E-15 -9.86540147E-15 -4.51746156E-11 -7.26114791E-14 -1.41434106E-10 -9.90778580E-25  6.89974570E-12 -3.51120087E-09 -2.48210127E-09 -4.94939787E-10 -4.58190093E-08 -4.92411854E-08 -9.73008411E-13 -9.82986796E-13 -4.52407376E-09 -7.31503384E-12 -1.40984618E-08 -9.90778580E-23
  2.00000000E-02  5.20000000E-03 -7.67458698E-05  8.88718460E-06  2.16397341E-06  1.88211494E-05  1.67371680E-05  2.36552811E-06  1.13140918E-04  1.85772485E-05  3.08392773E-06  2.43739831E-06  7.17293505E-05  2.31436318E-05  1.23395426E-14  1.15722938E-10  3.01196688E-12  4.95389290E-13  1.82303259E-10  4.12037579E-10  1.98155716E-14  1.98155716E-17  4.00274546E-12  2.37786859E-13  3.96311432E-10  1.98155716E-24  6.16977129E-13  5.78614691E-09  1.50598344E-10  2.47694645E-11  9.11516293E-09  2.06018790E-08  9.90778580E-13  9.90778580E-16  2.00137273E-10  1.18893430E-11  1.98155716E-08  9.90778580E-23  1.37833692E-13 -7.01734417E-11 -4.96061460E-11 -9.89423314E-12 -9.15938121E-10 -9.84261449E-10 -1.94275755E-14 -1.96450713E-14 -9.04527994E-11 -1.46499634E-13 -2.81784180E-10 -1.98155716E-24  6.83603141E-12 -3.49472117E-09 -2.46737218E-09 -4.92972810E-10 -4.56228137E-08 -4.89699528E-08 -9.56989641E-13 -9.75862163E-13 -4.52936977E-09 -7.42003155E-12 -1.40084070E-08 -9.90778580E-23
  3.00000000E-02  3.60000000E-03 -7.67458697E-05  8.88721002E-06  2.16395037E-06  1.88211447E-05  1.67368043E-05  2.36524637E-06  1.13140918E-04  1.85772485E-05  3.08388679E-06  2.43739836E-06  7.17294093E-05  2.31436318E-05  1.85093139E-14  1.73584407E-10  4.51795032E-12  7.43083935E-13  2.73454888E-10  6.18056369E-10  2.97233574E-14  2.97233574E-17  6.00411819E-12  3.56680289E-13  5.94467148E-10  2.97233574E-24  6.16977129E-13  5.78614691E-09  1.50598344E-10  2.47694645E-11  9.11516293E-09  2.06018790E-08  9.90778580E-13  9.90778580E-16  2.00137273E-10  1.18893430E-11  1.98155716E-08  9.90778580E-23  2.05743340E-13 -1.05005112E-10 -7.41763936E-11 -1.48099755E-11 -1.37076437E-09 -1.47203462E-09 -2.88848440E-14 -2.93532681E-14 -1.35782501E-10 -2.21465504E-13 -4.21231369E-10 -2.97233574E-24  6.77782838E-12 -3.47980331E-09 -2.45401164E-09 -4.91165392E-10 -4.54415828E-08 -4.87210233E-08 -9.42446195E-13 -9.69347654E-13 -4.53400806E-09 -7.51915452E-12 -1.39261317E-08 -9.90778580E-23
  4.00000000E-02  1.00000000E-02 -7.67458696E-05  8.88723369E-06  2.16392746E-06  1.88211401E-05  1.67364427E-05  2.36496744E-06  1.13140918E-04  1.85772485E-05  3.08384388E-06  2.43739840E-06  7.17294689E-05  2.31436318E-05  2.46790852E-14  2.31445876E-10  6.02393376E-12  9.90778580E-13  3.64606517E-10  8.24075158E-10  3.96311432E-14  3.96311432E-17  8.00549092E-12  4.75573718E-13  7.92622864E-10  3.96311432E-24  6.16977129E-13  5.78614691E-09  1.50598344E-10  2.47694645E-11  9.11516293E-09  2.06018790E-08  9.90778580E-13  9.90778580E-16  2.00137273E-10  1.18893430E-11  1.98155716E-08  9.90778580E-23  2.72995278E-13 -1.39669989E-10 -9.85969322E-11 -1.97052057E-11 -1.82352309E-09 -1.95698603E-09 -3.81791508E-14 -3.89878762E-14 -1.81162207E-10 -2.97584551E-13 -5.59749947E-10 -3.96311432E-24  6.72519381E-12 -3.46648773E-09 -2.44205386E-09 -4.89523021E-10 -4.52758719E-08 -4.84951410E-08 -9.29430675E-13 -9.63460808E-13 -4.53797066E-09 -7.61190473E-12 -1.38518577E-08 -9.90778580E-23
  5.00000000E-02  1.00000000E-02 -7.67458696E-05  8.88725746E-06  2.16390465E-06  1.88211355E-05  1.67360826E-05  2.36469060E-06  1.13140918E-04  1.85772484E-05  3.08380091E-06  2.43739844E-06  7.17295292E-05  2.31436318E-05  3.08488564E-14  2.89307345E-10  7.52991721E-12  1.23847322E-12  4.55758147E-10  1.03009395E-09  4.95389290E-14  4.95389290E-17  1.00068637E-11  5.94467148E-13  9.90778580E-10  4.95389290E-24  6.16977129E-13  5.78614691E-09  1.50598344E-10  2.47694645E-11  9.11516293E-09  2.06018790E-08  9.90778580E-13  9.90778580E-16  2.00137273E-10  1.18893430E-11  1.98155716E-08  9.90778580E-23  3.39762535E-13 -1.74213438E-10 -1.22908246E-10 -2.45852350E-11 -2.27474007E-09 -2.43984906E-09 -4.73546204E-14 -4.85682483E-14 -2.26576705E-10 -3.74583245E-13 -6.97584705E-10 -4.95389290E-24  6.67672570E-12 -3.45434486E-09 -2.43113137E-09 -4.88002927E-10 -4.51216981E-08 -4.82863029E-08 -9.17546964E-13 -9.58037207E-13 -4.54144976E-09 -7.69986934E-12 -1.37834758E-08 -9.90778580E-23
  6.00000000E-02  1.00000000E-02 -7.67458695E-05  8.88728131E-06  2.16388195E-06  1.88211309E-05  1.67357239E-05  2.36441569E-06  1.13140918E-04  1.85772484E-05  3.08375789E-06  2.43739848E-06  7.17295902E-05  2.31436318E-05  3.70186277E-14  3.47168814E-10  9.03590065E-12  1.48616787E-12  5.46909776E-10  1.23611274E-09  5.94467148E-14  5.94467148E-17  1.20082364E-11  7.13360577E-13  1.18893430E-09  5.94467148E-24  6.16977129E-13  5.78614691E-09  1.50598344E-10  2.47694645E-11  9.11516293E-09  2.06018790E-08  9.90778580E-13  9.90778580E-16  2.00137273E-10  1.18893430E-11  1.98155716E-08  9.90778580E-23  4.06083276E-13 -2.08646207E-10 -1.47119850E-10 -2.94511940E-11 -2.72452225E-09 -2.92078120E-09 -5.64217220E-14 -5.80986528E-14 -2.72021557E-10 -4.52416080E-13 -8.34789889E-10 -5.94467148E-24  6.63207402E-12 -3.44327689E-09 -2.42116040E-09 -4.86595898E-10 -4.49782181E-08 -4.80932139E-08 -9.06710159E-13 -9.53040449E-13 -4.54448518E-09 -7.78328355E-12 -1.37205184E-08 -9.90778580E-23
  7.00000000E-02  1.00000000E-02 -7.67458694E-05  8.88730523E-06  2.16385934E-06  1.88211262E-05  1.67353666E-05  2.36414256E-06  1.13140918E-04  1.85772484E-05  3.08371481E-06  2.43739852E-06  7.17296517E-05  2.31436318E-05  4.31883990E-14  4.05030283E-10  1.05418841E-11  1.73386251E-12  6.38061405E-10  1.44213153E-09  6.93545006E-14  6.93545006E-17  1.40096091E-11  8.32254007E-13  1.38709001E-09  6.93545006E-24  6.16977129E-13  5.78614691E-09  1.50598344E-10  2.47694645E-11  9.11516293E-09  2.06018790E-08  9.90778580E-13  9.90778580E-16  2.00137273E-10  1.18893430E-11  1.98155716E-08  9.90778580E-23  4.71992461E-13 -2.42978152E-10 -1.71240493E-10 -3.43041284E-11 -3.17296878E-09 -3.39992798E-09 -6.53901384E-14 -6.75830241E-14 -3.17492708E-10 -5.31039787E-13 -9.71415443E-10 -6.93545006E-24  6.59091854E-12 -3.43319454E-09 -2.41206431E-09 -4.85293442E-10 -4.48446533E-08 -4.79146787E-08 -8.96841635E-13 -9.48437137E-13 -4.54711513E-09 -7.86237071E-12 -1.36625554E-08 -9.90778580E-23
  8.00000000E-02  1.00000000E-02 -7.67458694E-05  8.88732923E-06  2.16383681E-06  1.88211217E-05  1.67350106E-05  2.36387108E-06  1.13140918E-04  1.85772484E-05  3.08367169E-06  2.43739856E-06  7.17297138E-05  2.31436318E-05  4.93581703E-14  4.62891752E-10  1.20478675E-11  1.98155716E-12  7.29213035E-10  1.64815032E-09  7.92622864E-14  7.92622864E-17  1.60109818E-11  9.51147436E-13  1.58524573E-09  7.92622864E-24  6.16977129E-13  5.78614691E-09  1.50598344E-10  2.47694645E-11  9.11516293E-09  2.06018790E-08  9.90778580E-13  9.90778580E-16  2.00137273E-10  1.18893430E-11  1.98155716E-08  9.90778580E-23  5.37522155E-13 -2.77218311E-10 -1.95278221E-10 -3.91450056E-11 -3.62017162E-09 -3.87742392E-09 -7.42688240E-14 -7.70249902E-14 -3.62986461E-10 -6.10413250E-13 -1.10750735E-09 -7.92622864E-24  6.55296939E-12 -3.42401590E-09 -2.40377281E-09 -4.84087716E-10 -4.47202838E-08 -4.77495935E-08 -8.87868561E-13 -9.44196603E-13 -4.54937531E-09 -7.93734623E-12 -1.36091905E-08 -9.90778580E-23
  9.00000000E-02  1.00000000E-02 -7.67458693E-05  8.88735328E-06  2.16381435E-06  1.88211171E-05  1.67346557E-05  2.36360113E-06  1.13140918E-04  1.85772484E-05  3.08362853E-06  2.43739860E-06  7.17297763E-05  2.31436318E-05  5.55279416E-14  5.20753221E-10  1.35538510E-11  2.22925180E-12  8.20364664E-10  1.85416911E-09  8.91700722E-14  8.91700722E-17  1.80123546E-11  1.07004087E-12  1.78340144E-09  8.91700722E-24  6.16977129E-13  5.78614691E-09  1.50598344E-10  2.47694645E-11  9.11516293E-09  2.06018790E-08  9.90778580E-13  9.90778580E-16  2.00137273E-10  1.18893430E-11  1.98155716E-08  9.90778580E-23  6.02701793E-13 -3.11374969E-10 -2.19240435E-10 -4.39747203E-11 -4.06621606E-09 -4.35339331E-09 -8.30660586E-14 -8.64278969E-14 -4.08499451E-10 -6.90497424E-13 -1.24310794E-09 -8.91700722E-24  6.51796379E-12 -3.41566582E-09 -2.39622138E-09 -4.82971477E-10 -4.46044437E-08 -4.75969395E-08 -8.79723463E-13 -9.40290675E-13 -4.55129895E-09 -8.00841743E-12 -1.35600589E-08 -9.90778580E-23
  1.00000000E+00  2.04000000E-02 -7.67458631E-05  8.88956836E-06  2.16181254E-06  1.88207110E-05  1.67036421E-05  2.34051882E-06  1.13140918E-04  1.85772476E-05  3.07967184E-06  2.43740115E-06  7.17359217E-05  2.31436318E-05  6.16977129E-13  5.78614691E-09  1.50598344E-10  2.47694645E-11  9.11516293E-09  2.06018790E-08  9.90778580E-13  9.90778580E-16  2.00137273E-10  1.18893430E-11  1.98155716E-08  9.90778580E-23  6.16977129E-13  5.78614691E-09  1.50598344E-10  2.47694645E-11  9.11516293E-09  2.06018790E-08  9.90778580E-13  9.90778580E-16  2.00137273E-10  1.18893430E-11  1.98155716E-08  9.90778580E-23  6.21361573E-12 -3.35939277E-09 -2.35811091E-09 -4.72584322E-10 -4.33745757E-08 -4.61834802E-08 -8.57282550E-13 -9.08584860E-13 -4.54500589E-09 -8.95929810E-12 -1.31298884E-08 -9.90778580E-23  6.12914078E-12 -3.34349330E-09 -2.36182429E-09 -4.69287333E-10 -4.29266500E-08 -4.57135847E-08 -8.78981589E-13 -9.00442771E-13 -4.54270710E-09 -9.37550557E-12 -1.29917130E-08 -9.90778580E-23
  2.00000000E+00  1.00000000E-01 -7.67458564E-05  8.89202475E-06  2.15958927E-06  1.88202664E-05  1.66698452E-05  2.31542643E-06  1.13140918E-04  1.85772467E-05  3.07532850E-06  2.43740359E-06  7.17427467E-05  2.31436318E-05  1.23395426E-12  1.15722938E-08  3.01196688E-10  4.95389290E-11  1.82303259E-08  4.12037579E-08  1.98155716E-12  1.98155716E-15  4.00274546E-10  2.37786859E-11  3.96311432E-08  1.98155716E-22  6.16977129E-13  5.78614691E-09  1.50598344E-10  2.47694645E-11  9.11516293E-09  2.06018790E-08  9.90778580E-13  9.90778580E-16  2.00137273E-10  1.18893430E-11  1.98155716E-08  9.90778580E-23  1.23552715E-11 -6.69789618E-09 -4.73199108E-09 -9.41995739E-10 -8.62867244E-08 -9.18777713E-08 -1.75955710E-12 -1.81015158E-12 -9.09723734E-09 -1.84179527E-11 -2.61205019E-08 -1.98155716E-22  6.14805653E-12 -3.33432173E-09 -2.37970512E-09 -4.69495809E-10 -4.29114266E-08 -4.56825730E-08 -9.14454531E-13 -9.01923353E-13 -4.55942030E-09 -9.50201397E-12 -1.29909289E-08 -9.90778580E-23
  3.00000000E+00  1.00000000E-01 -7.67458496E-05  8.89449751E-06  2.15735790E-06  1.88198217E-05  1.66360517E-05  2.29036253E-06  1.13140918E-04  1.85772458E-05  3.07098088E-06  2.43740595E-06  7.17495701E-05  2.31436318E-05  1.85093139E-12  1.73584407E-08  4.51795032E-10  7.43083935E-11  2.73454888E-08  6.18056369E-08  2.97233574E-12  2.97233574E-15  6.00411819E-10  3.56680289E-11  5.94467148E-08  2.97233574E-22  6.16977129E-13  5.78614691E-09  1.50598344E-10  2.47694645E-11  9.11516293E-09  2.06018790E-08  9.90778580E-13  9.90778580E-16  2.00137273E-10  1.18893430E-11  1.98155716E-08  9.90778580E-23  1.85039493E-11 -1.00284120E-08 -7.11396801E-09 -1.41147964E-09 -1.29195323E-07 -1.37543573E-07 -2.68064819E-12 -2.71154055E-12 -1.36621014E-08 -2.79463210E-11 -3.91125879E-08 -2.97233574E-22  6.14712120E-12 -3.32778811E-09 -2.38283415E-09 -4.69429682E-10 -4.29030247E-08 -4.56495328E-08 -9.24833735E-13 -9.00636631E-13 -4.56832514E-09 -9.54448903E-12 -1.29933008E-08 -9.90778580E-23
  4.00000000E+00  1.00000000E-01 -7.67458428E-05  8.89697910E-06  2.15512612E-06  1.88193772E-05  1.66022790E-05  2.26534337E-06  1.13140919E-04  1.85772449E-05  3.06662976E-06  2.43740829E-06  7.17563902E-05  2.31436318E-05  2.46790852E-12  2.31445876E-08  6.02393376E-10  9.90778580E-11  3.64606517E-08  8.24075158E-08  3.96311432E-12  3.96311432E-15  8.00549092E-10  4.75573718E-11  7.92622864E-08  3.96311432E-22  6.16977129E-13  5.78614691E-09  1.50598344E-10  2.47694645E-11  9.11516293E-09  2.06018790E-08  9.90778580E-13  9.90778580E-16  2.00137273E-10  1.18893430E-11  1.98155716E-08  9.90778580E-23  2.46452108E-11 -1.33530717E-08 -9.49636001E-09 -1.88074462E-09 -1.72083215E-07 -1.83164645E-07 -3.60779862E-12 -3.61054937E-12 -1.82334629E-08 -3.75036898E-11 -5.21081416E-08 -3.96311432E-22  6.13508184E-12 -3.32197677E-09 -2.38160645E-09 -4.69092001E-10 -4.28721365E-08 -4.55936182E-08 -9.28529005E-13 -8.97398741E-13 -4.57368450E-09 -9.56663483E-12 -1.29977514E-08 -9.90778580E-23
  5.00000000E+00  1.00000000E-01 -7.67458361E-05  8.89946919E-06  2.15289692E-06  1.88189331E-05  1.65685494E-05  2.24039650E-06  1.13140919E-04  1.85772440E-05  3.06227529E-06  2.43741061E-06  7.17632043E-05  2.31436318E-05  3.08488564E-12  2.89307345E-08  7.52991721E-10  1.23847322E-10  4.55758147E-08  1.03009395E-07  4.95389290E-12  4.95389290E-15  1.00068637E-09  5.94467148E-11  9.90778580E-08  4.95389290E-22  6.16977129E-13  5.78614691E-09  1.50598344E-10  2.47694645E-11  9.11516293E-09  2.06018790E-08  9.90778580E-13  9.90778580E-16  2.00137273E-10  1.18893430E-11  1.98155716E-08  9.90778580E-23  3.07696768E-11 -1.66711522E-08 -1.18761717E-08 -2.34953329E-09 -2.14927909E-07 -2.28713416E-07 -4.53728025E-12 -4.50532156E-12 -2.28100672E-08 -4.70806676E-11 -6.51095390E-08 -4.95389290E-22  6.11461542E-12 -3.31456507E-09 -2.37804385E-09 -4.68503089E-10 -4.28188989E-08 -4.55071815E-08 -9.30085813E-13 -8.92362368E-13 -4.57913766E-09 -9.58554719E-12 -1.30048041E-08 -9.90778580E-23
  6.00000000E+00  1.00000000E-01 -7.67458294E-05  8.90196950E-06  2.15067232E-06  1.88184899E-05  1.65348853E-05  2.21555436E-06  1.13140919E-04  1.85772431E-05  3.05791623E-06  2.43741291E-06  7.17700098E-05  2.31436318E-05  3.70186277E-12  3.47168814E-08  9.03590065E-10  1.48616787E-10  5.46909776E-08  1.23611274E-07  5.94467148E-12  5.94467148E-15  1.20082364E-09  7.13360577E-11  1.18893430E-07  5.94467148E-22  6.16977129E-13  5.78614691E-09  1.50598344E-10  2.47694645E-11  9.11516293E-09  2.06018790E-08  9.90778580E-13  9.90778580E-16  2.00137273E-10  1.18893430E-11  1.98155716E-08  9.90778580E-23  3.68695905E-11 -1.99805241E-08 -1.42513755E-08 -2.81759637E-09 -2.57707148E-07 -2.74157467E-07 -5.46784970E-12 -5.39412980E-12 -2.73928016E-08 -5.66776613E-11 -7.81196076E-08 -5.94467148E-22  6.08686023E-12 -3.30473767E-09 -2.37261515E-09 -4.67666190E-10 -4.27434946E-08 -4.53873297E-08 -9.30902572E-13 -8.85663202E-13 -4.58591409E-09 -9.60692347E-12 -1.30148466E-08 -9.90778580E-23
  7.00000000E+00  1.00000000E-01 -7.67458227E-05  8.90448242E-06  2.14845411E-06  1.88180475E-05  1.65013086E-05  2.19085050E-06  1.13140919E-04  1.85772422E-05  3.05355083E-06  2.43741519E-06  7.17768035E-05  2.31436318E-05  4.31883990E-12  4.05030283E-08  1.05418841E-09  1.73386251E-10  6.38061405E-08  1.44213153E-07  6.93545006E-12  6.93545006E-15  1.40096091E-09  8.32254007E-11  1.38709001E-07  6.93545006E-22  6.16977129E-13  5.78614691E-09  1.50598344E-10  2.47694645E-11  9.11516293E-09  2.06018790E-08  9.90778580E-13  9.90778580E-16  2.00137273E-10  1.18893430E-11  1.98155716E-08  9.90778580E-23  4.29381601E-11 -2.32786493E-08 -1.66202050E-08 -3.28468921E-09 -3.00399061E-07 -3.19463231E-07 -6.39906617E-12 -6.27540568E-12 -3.19832135E-08 -6.62983139E-11 -9.11414831E-08 -6.93545006E-22  6.05271111E-12 -3.29233155E-09 -2.36548678E-09 -4.66588554E-10 -4.26465631E-08 -4.52341273E-08 -9.31449676E-13 -8.77478017E-13 -4.59434641E-09 -9.63258049E-12 -1.30281233E-08 -9.90778580E-23
  8.00000000E+00  1.00000000E-01 -7.67458161E-05  8.90701038E-06  2.14624389E-06  1.88176064E-05  1.64678400E-05  2.16631737E-06  1.13140919E-04  1.85772414E-05  3.04917734E-06  2.43741743E-06  7.17835821E-05  2.31436318E-05  4.93581703E-12  4.62891752E-08  1.20478675E-09  1.98155716E-10  7.29213035E-08  1.64815032E-07  7.92622864E-12  7.92622864E-15  1.60109818E-09  9.51147436E-11  1.58524573E-07  7.92622864E-22  6.16977129E-13  5.78614691E-09  1.50598344E-10  2.47694645E-11  9.11516293E-09  2.06018790E-08  9.90778580E-13  9.90778580E-16  2.00137273E-10  1.18893430E-11  1.98155716E-08  9.90778580E-23  4.89694727E-11 -2.65629944E-08 -1.89810321E-08 -3.75057870E-09 -3.42982797E-07 -3.64598270E-07 -7.33076444E-12 -7.14777204E-12 -3.65829832E-08 -7.59472006E-11 -1.04178472E-07 -7.92622864E-22  6.01304175E-12 -3.27745518E-09 -2.35678989E-09 -4.65285066E-10 -4.25294267E-08 -4.50494416E-08 -9.31892040E-13 -8.68006464E-13 -4.60445256E-09 -9.66293210E-12 -1.30447483E-08 -9.90778580E-23
  9.00000000E+00  1.00000000E-01 -7.67458095E-05  8.90955567E-06  2.14404317E-06  1.88171667E-05  1.64344988E-05  2.14198492E-06  1.13140919E-04  1.85772405E-05  3.04479407E-06  2.43741965E-06  7.17903422E-05  2.31436318E-05  5.55279416E-12  5.20753221E-08  1.35538510E-09  2.22925180E-10  8.20364664E-08  1.85416911E-07  8.91700722E-12  8.91700722E-15  1.80123546E-09  1.07004087E-10  1.78340144E-07  8.91700722E-22  6.16977129E-13  5.78614691E-09  1.50598344E-10  2.47694645E-11  9.11516293E-09  2.06018790E-08  9.90778580E-13  9.90778580E-16  2.00137273E-10  1.18893430E-11  1.98155716E-08  9.90778580E-23  5.49584811E-11 -2.98312075E-08 -2.13323678E-08 -4.21504994E-09 -3.85439121E-07 -4.09532627E-07 -8.26287789E-12 -8.01005415E-12 -4.11937369E-08 -8.56289781E-11 -1.17233934E-07 -8.91700722E-22  5.96870712E-12 -3.26033456E-09 -2.34667214E-09 -4.63776312E-10 -4.23939067E-08 -4.48361505E-08 -9.32290390E-13 -8.57450684E-13 -4.61613579E-09 -9.69786250E-12 -1.30647267E-08 -9.90778580E-23
  1.00000000E+01  1.00000000E-01 -7.67458029E-05  8.91212038E-06  2.14185327E-06  1.88167286E-05  1.64013023E-05  2.11787994E-06  1.13140919E-04  1.85772396E-05  3.04039950E-06  2.43742183E-06  7.17970806E-05  2.31436318E-05  6.16977129E-12  5.78614691E-08  1.50598344E-09  2.47694645E-10  9.11516293E-08  2.06018790E-07  9.90778580E-12  9.90778580E-15  2.00137273E-09  1.18893430E-10  1.98155716E-07  9.90778580E-22  6.16977129E-13  5.78614691E-09  1.50598344E-10  2.47694645E-11  9.11516293E-09  2.06018790E-08  9.90778580E-13  9.90778580E-16  2.00137273E-10  1.18893430E-11  1.98155716E-08  9.90778580E-23  6.09009683E-11 -3.30811926E-08 -2.36728805E-08 -4.67791048E-09 -4.27750781E-07 -4.54239515E-07 -9.19537773E-12 -8.86127422E-12 -4.58169771E-08 -9.53480591E-11 -1.30311185E-07 -9.90778580E-22  5.92051266E-12 -3.24124329E-09 -2.33529727E-09 -4.62085859E-10 -4.22420837E-08 -4.45975961E-08 -9.32669407E-13 -8.46001884E-13 -4.62925747E-09 -9.73705191E-12 -1.30879789E-08 -9.90778580E-23
  1.10000000E+01  1.00000000E-01 -7.67457964E-05  8.91470631E-06  2.13967536E-06  1.88162923E-05  1.63682655E-05  2.09402580E-06  1.13140919E-04  1.85772388E-05  3.03599226E-06  2.43742397E-06  7.18037939E-05  2.31436318E-05  6.78674842E-12  6.36476160E-08  1.65658179E-09  2.72464109E-10  1.00266792E-07  2.26620669E-07  1.08985644E-11  1.08985644E-14  2.20151000E-09  1.30782773E-10  2.17971288E-07  1.08985644E-21  6.16977129E-13  5.78614691E-09  1.50598344E-10  2.47694645E-11  9.11516293E-09  2.06018790E-08  9.90778580E-13  9.90778580E-16  2.00137273E-10  1.18893430E-11  1.98155716E-08  9.90778580E-23  6.67934838E-11 -3.63111364E-08 -2.60014063E-08 -5.13899207E-09 -4.69902659E-07 -4.98695565E-07 -1.01282518E-11 -9.70063612E-12 -5.04540593E-08 -1.05108489E-10 -1.43413423E-07 -1.08985644E-21  5.86919057E-12 -3.22046734E-09 -2.32283516E-09 -4.60238135E-10 -4.20761115E-08 -4.43372206E-08 -9.33041020E-13 -8.33833194E-13 -4.64366574E-09 -9.78010561E-12 -1.31143630E-08 -9.90778580E-23
  1.20000000E+01  1.00000000E-01 -7.67457900E-05  8.91731498E-06  2.13751043E-06  1.88158579E-05  1.63354015E-05  2.07044248E-06  1.13140919E-04  1.85772380E-05  3.03157116E-06  2.43742606E-06  7.18104792E-05  2.31436318E-05  7.40372555E-12  6.94337629E-08  1.80718013E-09  2.97233574E-10  1.09381955E-07  2.47222547E-07  1.18893430E-11  1.18893430E-14  2.40164728E-09  1.42672115E-10  2.37786859E-07  1.18893430E-21  6.16977129E-13  5.78614691E-09  1.50598344E-10  2.47694645E-11  9.11516293E-09  2.06018790E-08  9.90778580E-13  9.90778580E-16  2.00137273E-10  1.18893430E-11  1.98155716E-08  9.90778580E-23  7.26332633E-11 -3.95195091E-08 -2.83169506E-08 -5.59815065E-09 -5.11881773E-07 -5.42880796E-07 -1.10614968E-11 -1.05275054E-11 -5.51061856E-08 -1.14913904E-10 -1.56543684E-07 -1.18893430E-21  5.81538831E-12 -3.19828681E-09 -2.30945323E-09 -4.58257047E-10 -4.18980989E-08 -4.40583370E-08 -9.33412330E-13 -8.21096807E-13 -4.65920725E-09 -9.82660851E-12 -1.31436946E-08 -9.90778580E-23
  1.30000000E+01  1.00000000E-01 -7.67457836E-05  8.91994768E-06  2.13535931E-06  1.88154256E-05  1.63027212E-05  2.04714678E-06  1.13140919E-04  1.85772372E-05  3.02713515E-06  2.43742811E-06  7.18171337E-05  2.31436318E-05  8.02070268E-12  7.52199098E-08  1.95777847E-09  3.22003038E-10  1.18497118E-07  2.67824426E-07  1.28801215E-11  1.28801215E-14  2.60178455E-09  1.54561458E-10  2.57602431E-07  1.28801215E-21  6.16977129E-13  5.78614691E-09  1.50598344E-10  2.47694645E-11  9.11516293E-09  2.06018790E-08  9.90778580E-13  9.90778580E-16  2.00137273E-10  1.18893430E-11  1.98155716E-08  9.90778580E-23  7.84181422E-11 -4.27050533E-08 -3.06186819E-08 -6.05526543E-09 -5.53677190E-07 -5.86778404E-07 -1.19951154E-11 -1.13413882E-11 -5.97744065E-08 -1.24767526E-10 -1.69704800E-07 -1.28801215E-21  5.75966675E-12 -3.17496643E-09 -2.29531082E-09 -4.56165192E-10 -4.17100409E-08 -4.37639998E-08 -9.33788285E-13 -8.07923764E-13 -4.67573210E-09 -9.87614977E-12 -1.31757628E-08 -9.90778580E-23
  1.40000000E+01  1.00000000E-01 -7.67457773E-05  8.92260541E-06  2.13322269E-06  1.88149954E-05  1.62702337E-05  2.02415262E-06  1.13140919E-04  1.85772364E-05  3.02268335E-06  2.43743010E-06  7.18237546E-05  2.31436318E-05  8.63767981E-12  8.10060567E-08  2.10837682E-09  3.46772503E-10  1.27612281E-07  2.88426305E-07  1.38709001E-11  1.38709001E-14  2.80192182E-09  1.66450801E-10  2.77418002E-07  1.38709001E-21  6.16977129E-13  5.78614691E-09  1.50598344E-10  2.47694645E-11  9.11516293E-09  2.06018790E-08  9.90778580E-13  9.90778580E-16  2.00137273E-10  1.18893430E-11  1.98155716E-08  9.90778580E-23  8.41464708E-11 -4.58667655E-08 -3.29059223E-08 -6.51023725E-09 -5.95279893E-07 -6.30374469E-07 -1.29291142E-11 -1.21419105E-11 -6.44596254E-08 -1.34672175E-10 -1.82899384E-07 -1.38709001E-21  5.70250448E-12 -3.15075061E-09 -2.28055578E-09 -4.53983424E-10 -4.15137822E-08 -4.34569460E-08 -9.34172597E-13 -7.94425280E-13 -4.69309641E-09 -9.92833498E-12 -1.32103434E-08 -9.90778580E-23
  1.50000000E+01  1.00000000E-01 -7.67457710E-05  8.92528896E-06  2.13110109E-06  1.88145674E-05  1.62379461E-05  2.00147137E-06  1.13140919E-04  1.85772356E-05  3.01821500E-06  2.43743205E-06  7.18303398E-05  2.31436318E-05  9.25465693E-12  8.67922036E-08  2.25897516E-09  3.71541967E-10  1.36727444E-07  3.09028184E-07  1.48616787E-11  1.48616787E-14  3.00205910E-09  1.78340144E-10  2.97233574E-07  1.48616787E-21  6.16977129E-13  5.78614691E-09  1.50598344E-10  2.47694645E-11  9.11516293E-09  2.06018790E-08  9.90778580E-13  9.90778580E-16  2.00137273E-10  1.18893430E-11  1.98155716E-08  9.90778580E-23  8.98170367E-11 -4.90038737E-08 -3.51781340E-08 -6.96298677E-09 -6.36682617E-07 -6.73657626E-07 -1.38635033E-11 -1.29287998E-11 -6.91626065E-08 -1.44630289E-10 -1.96129823E-07 -1.48616787E-21  5.64430592E-12 -3.12586055E-09 -2.26532243E-09 -4.51730609E-10 -4.13109957E-08 -4.31395853E-08 -9.34568079E-13 -7.80694863E-13 -4.71116426E-09 -9.98279289E-12 -1.32472076E-08 -9.90778580E-23
  1.60000000E+01  1.00000000E-01 -7.67457648E-05  8.92799890E-06  2.12899494E-06  1.88141417E-05  1.62058641E-05  1.97911216E-06  1.13140919E-04  1.85772348E-05  3.01372947E-06  2.43743393E-06  7.18368869E-05  2.31436318E-05  9.87163406E-12  9.25783505E-08  2.40957351E-09  3.96311432E-10  1.45842607E-07  3.29630063E-07  1.58524573E-11  1.58524573E-14  3.20219637E-09  1.90229487E-10  3.17049145E-07  1.58524573E-21  6.16977129E-13  5.78614691E-09  1.50598344E-10  2.47694645E-11  9.11516293E-09  2.06018790E-08  9.90778580E-13  9.90778580E-16  2.00137273E-10  1.18893430E-11  1.98155716E-08  9.90778580E-23  9.54289952E-11 -5.21158138E-08 -3.74349058E-08 -7.41345231E-09 -6.77879668E-07 -7.16618748E-07 -1.47982950E-11 -1.37018682E-11 -7.38839831E-08 -1.54643949E-10 -2.09398278E-07 -1.58524573E-21  5.58541085E-12 -3.10049255E-09 -2.24973021E-09 -4.49423493E-10 -4.11031699E-08 -4.28140215E-08 -9.34976812E-13 -7.66810753E-13 -4.72980990E-09 -1.00391798E-11 -1.32861300E-08 -9.90778580E-23
  1.70000000E+01  1.00000000E-01 -7.67457586E-05  8.93073562E-06  2.12690452E-06  1.88137184E-05  1.61739922E-05  1.95708215E-06  1.13140919E-04  1.85772340E-05  3.00922627E-06  2.43743576E-06  7.18433941E-05  2.31436318E-05  1.04886112E-11  9.83644974E-08  2.56017185E-09  4.21080896E-10  1.54957770E-07  3.50231942E-07  1.68432359E-11  1.68432359E-14  3.40233364E-09  2.02118830E-10  3.36864717E-07  1.68432359E-21  6.16977129E-13  5.78614691E-09  1.50598344E-10  2.47694645E-11  9.11516293E-09  2.06018790E-08  9.90778580E-13  9.90778580E-16  2.00137273E-10  1.18893430E-11  1.98155716E-08  9.90778580E-23  1.00981811E-10 -5.52022039E-08 -3.96759373E-08 -7.86158777E-09 -7.18866736E-07 -7.59250663E-07 -1.57335035E-11 -1.44609990E-11 -7.86242695E-08 -1.64714909E-10 -2.22706684E-07 -1.68432359E-21  5.52610434E-12 -3.07481703E-09 -2.23388308E-09 -4.47076639E-10 -4.08916031E-08 -4.24820890E-08 -9.35400256E-13 -7.52838344E-13 -4.74891990E-09 -1.00971823E-11 -1.33268923E-08 -9.90778580E-23
  1.80000000E+01  1.00000000E-01 -7.67457525E-05  8.93349936E-06  2.12483005E-06  1.88132974E-05  1.61423333E-05  1.93538682E-06  1.13140919E-04  1.85772333E-05  3.00470499E-06  2.43743753E-06  7.18498595E-05  2.31436318E-05  1.11055883E-11  1.04150644E-07  2.71077019E-09  4.45850361E-10  1.64072933E-07  3.70833821E-07  1.78340144E-11  1.78340144E-14  3.60247092E-09  2.14008173E-10  3.56680289E-07  1.78340144E-21  6.16977129E-13  5.78614691E-09  1.50598344E-10  2.47694645E-11  9.11516293E-09  2.06018790E-08  9.90778580E-13  9.90778580E-16  2.00137273E-10  1.18893430E-11  1.98155716E-08  9.90778580E-23  1.06475207E-10 -5.82628179E-08 -4.19010233E-08 -8.30736040E-09 -7.59640706E-07 -8.01547901E-07 -1.66691439E-11 -1.52061348E-11 -8.33838742E-08 -1.74844627E-10 -2.36056767E-07 -1.78340144E-21  5.46662573E-12 -3.04897864E-09 -2.21786939E-09 -4.44702445E-10 -4.06774038E-08 -4.21453924E-08 -9.35839357E-13 -7.38832364E-13 -4.76839480E-09 -1.01565189E-11 -1.33692872E-08 -9.90778580E-23
  1.90000000E+01  1.00000000E-01 -7.67457465E-05  8.93629022E-06  2.12277166E-06  1.88128787E-05  1.61108897E-05  1.91403014E-06  1.13140919E-04  1.85772326E-05  3.00016532E-06  2.43743925E-06  7.18562818E-05  2.31436318E-05  1.17225655E-11  1.09936791E-07  2.86136854E-09  4.70619825E-10  1.73188096E-07  3.91435700E-07  1.88247930E-11  1.88247930E-14  3.80260819E-09  2.25897516E-10  3.76495860E-07  1.88247930E-21  6.16977129E-13  5.78614691E-09  1.50598344E-10  2.47694645E-11  9.11516293E-09  2.06018790E-08  9.90778580E-13  9.90778580E-16  2.00137273E-10  1.18893430E-11  1.98155716E-08  9.90778580E-23  1.11909126E-10 -6.12975611E-08 -4.41100390E-08 -8.75074871E-09 -8.00199469E-07 -8.43506489E-07 -1.76052323E-11 -1.59372680E-11 -8.81631142E-08 -1.85034298E-10 -2.49450051E-07 -1.88247930E-21  5.40717636E-12 -3.02309744E-09 -2.20176262E-09 -4.42311252E-10 -4.04614992E-08 -4.18053417E-08 -9.36294628E-13 -7.24838715E-13 -4.78814979E-09 -1.02169402E-11 -1.34131201E-08 -9.90778580E-23
  2.00000000E+01  1.00000000E-01 -7.67457405E-05  8.93910817E-06  2.12072939E-06  1.88124625E-05  1.60796625E-05  1.89301477E-06  1.13140919E-04  1.85772319E-05  2.99560701E-06  2.43744090E-06  7.18626596E-05  2.31436318E-05  1.23395426E-11  1.15722938E-07  3.01196688E-09  4.95389290E-10  1.82303259E-07  4.12037579E-07  1.98155716E-11  1.98155716E-14  4.00274546E-09  2.37786859E-10  3.96311432E-07  1.98155716E-21  6.16977129E-13  5.78614691E-09  1.50598344E-10  2.47694645E-11  9.11516293E-09  2.06018790E-08  9.90778580E-13  9.90778580E-16  2.00137273E-10  1.18893430E-11  1.98155716E-08  9.90778580E-23  1.17283692E-10 -6.43064460E-08 -4.63029253E-08 -9.19174052E-09 -8.40541753E-07 -8.85123768E-07 -1.85417850E-11 -1.66544325E-11 -9.29622297E-08 -1.95284882E-10 -2.62887874E-07 -1.98155716E-21  5.34792565E-12 -2.99727125E-09 -2.18562277E-09 -4.39911535E-10 -4.02446521E-08 -4.14631789E-08 -9.36766237E-13 -7.10895926E-13 -4.80811414E-09 -1.02782270E-11 -1.34582099E-08 -9.90778580E-23
  2.10000000E+01  1.00000000E-01 -7.67457346E-05  8.94195312E-06  2.11870326E-06  1.88120487E-05  1.60486524E-05  1.87234220E-06  1.13140919E-04  1.85772312E-05  2.99102989E-06  2.43744249E-06  7.18689916E-05  2.31436318E-05  1.29565197E-11  1.21509085E-07  3.16256523E-09  5.20158754E-10  1.91418422E-07  4.32639458E-07  2.08063502E-11  2.08063502E-14  4.20288273E-09  2.49676202E-10  4.16127003E-07  2.08063502E-21  6.16977129E-13  5.78614691E-09  1.50598344E-10  2.47694645E-11  9.11516293E-09  2.06018790E-08  9.90778580E-13  9.90778580E-16  2.00137273E-10  1.18893430E-11  1.98155716E-08  9.90778580E-23  1.22599184E-10 -6.72895726E-08 -4.84796765E-08 -9.63033119E-09 -8.80666966E-07 -9.26398239E-07 -1.94788182E-11 -1.73576976E-11 -9.77813970E-08 -2.05597140E-10 -2.76371399E-07 -2.08063502E-21  5.28901587E-12 -2.97157873E-09 -2.16949822E-09 -4.37510161E-10 -4.00274830E-08 -4.11199959E-08 -9.37254077E-13 -6.97036282E-13 -4.82822950E-09 -1.03401879E-11 -1.35043892E-08 -9.90778580E-23
  2.20000000E+01  1.00000000E-01 -7.67457287E-05  8.94482489E-06  2.11669322E-06  1.88116373E-05  1.60178594E-05  1.85201293E-06  1.13140920E-04  1.85772305E-05  2.98643382E-06  2.43744402E-06  7.18752770E-05  2.31436318E-05  1.35734968E-11  1.27295232E-07  3.31316357E-09  5.44928219E-10  2.00533585E-07  4.53241337E-07  2.17971288E-11  2.17971288E-14  4.40302001E-09  2.61565545E-10  4.35942575E-07  2.17971288E-21  6.16977129E-13  5.78614691E-09  1.50598344E-10  2.47694645E-11  9.11516293E-09  2.06018790E-08  9.90778580E-13  9.90778580E-16  2.00137273E-10  1.18893430E-11  1.98155716E-08  9.90778580E-23  1.27856010E-10 -7.02471101E-08 -5.06403302E-08 -1.00665222E-08 -9.20575072E-07 -9.67329417E-07 -2.04163481E-11 -1.80471615E-11 -1.02620740E-07 -2.15971649E-10 -2.89901631E-07 -2.17971288E-21  5.23056577E-12 -2.94608288E-09 -2.15342781E-09 -4.35112671E-10 -3.98104950E-08 -4.07767461E-08 -9.37757826E-13 -6.83286691E-13 -4.84844755E-09 -1.04026559E-11 -1.35515048E-08 -9.90778580E-23
  2.30000000E+01  1.00000000E-01 -7.67457229E-05  8.94772324E-06  2.11469921E-06  1.88112283E-05  1.59872831E-05  1.83202656E-06  1.13140920E-04  1.85772298E-05  2.98181872E-06  2.43744548E-06  7.18815147E-05  2.31436318E-05  1.41904740E-11  1.33081379E-07  3.46376191E-09  5.69697683E-10  2.09648747E-07  4.73843216E-07  2.27879073E-11  2.27879073E-14  4.60315728E-09  2.73454888E-10  4.55758147E-07  2.27879073E-21  6.16977129E-13  5.78614691E-09  1.50598344E-10  2.47694645E-11  9.11516293E-09  2.06018790E-08  9.90778580E-13  9.90778580E-16  2.00137273E-10  1.18893430E-11  1.98155716E-08  9.90778580E-23  1.33054685E-10 -7.31792841E-08 -5.27849581E-08 -1.05003200E-08 -9.60266486E-07 -1.00791770E-06 -2.13543902E-11 -1.87229470E-11 -1.07480338E-07 -2.26408837E-10 -3.03479427E-07 -2.27879073E-21  5.17267353E-12 -2.92083443E-09 -2.13744292E-09 -4.32723560E-10 -3.95940984E-08 -4.04342530E-08 -9.38276999E-13 -6.69669385E-13 -4.86872737E-09 -1.04654844E-11 -1.35994166E-08 -9.90778580E-23
  2.40000000E+01  1.00000000E-01 -7.67457172E-05  8.95064790E-06  2.11272113E-06  1.88108216E-05  1.59569227E-05  1.81238193E-06  1.13140920E-04  1.85772291E-05  2.97718453E-06  2.43744689E-06  7.18877042E-05  2.31436318E-05  1.48074511E-11  1.38867526E-07  3.61436026E-09  5.94467148E-10  2.18763910E-07  4.94445095E-07  2.37786859E-11  2.37786859E-14  4.80329455E-09  2.85344231E-10  4.75573718E-07  2.37786859E-21  6.16977129E-13  5.78614691E-09  1.50598344E-10  2.47694645E-11  9.11516293E-09  2.06018790E-08  9.90778580E-13  9.90778580E-16  2.00137273E-10  1.18893430E-11  1.98155716E-08  9.90778580E-23  1.38195814E-10 -7.60863654E-08 -5.49136604E-08 -1.09317351E-08 -9.99741988E-07 -1.04816424E-06 -2.22929597E-11 -1.93851965E-11 -1.12360232E-07 -2.36908990E-10 -3.17105513E-07 -2.37786859E-21  5.11541925E-12 -2.89587468E-09 -2.12156922E-09 -4.30346518E-10 -3.93786322E-08 -4.00932187E-08 -9.38810988E-13 -6.56202520E-13 -4.88903312E-09 -1.05285439E-11 -1.36479971E-08 -9.90778580E-23
  2.50000000E+01  1.00000000E-01 -7.67457115E-05  8.95359853E-06  2.11075885E-06  1.88104174E-05  1.59267772E-05  1.79307725E-06  1.13140920E-04  1.85772285E-05  2.97253122E-06  2.43744823E-06  7.18938448E-05  2.31436318E-05  1.54244282E-11  1.44653673E-07  3.76495860E-09  6.19236612E-10  2.27879073E-07  5.15046974E-07  2.47694645E-11  2.47694645E-14  5.00343183E-09  2.97233574E-10  4.95389290E-07  2.47694645E-21  6.16977129E-13  5.78614691E-09  1.50598344E-10  2.47694645E-11  9.11516293E-09  2.06018790E-08  9.90778580E-13  9.90778580E-16  2.00137273E-10  1.18893430E-11  1.98155716E-08  9.90778580E-23  1.43280069E-10 -7.89686619E-08 -5.70265602E-08 -1.13607812E-08 -1.03900267E-06 -1.08807082E-06 -2.32320710E-11 -2.00340689E-11 -1.17260432E-07 -2.47472275E-10 -3.30780492E-07 -2.47694645E-21  5.05886728E-12 -2.87123779E-09 -2.10582799E-09 -4.27984613E-10 -3.91643809E-08 -3.97542331E-08 -9.39359099E-13 -6.42900723E-13 -4.90933225E-09 -1.05917191E-11 -1.36971308E-08 -9.90778580E-23
  2.60000000E+01  1.00000000E-01 -7.67457058E-05  8.95657478E-06  2.10881223E-06  1.88100154E-05  1.58968450E-05  1.77411020E-06  1.13140920E-04  1.85772278E-05  2.96785881E-06  2.43744950E-06  7.18999360E-05  2.31436318E-05  1.60414054E-11  1.50439820E-07  3.91555695E-09  6.44006077E-10  2.36994236E-07  5.35648853E-07  2.57602431E-11  2.57602431E-14  5.20356910E-09  3.09122917E-10  5.15204861E-07  2.57602431E-21  6.16977129E-13  5.78614691E-09  1.50598344E-10  2.47694645E-11  9.11516293E-09  2.06018790E-08  9.90778580E-13  9.90778580E-16  2.00137273E-10  1.18893430E-11  1.98155716E-08  9.90778580E-23  1.48308183E-10 -8.18265126E-08 -5.91238001E-08 -1.17874749E-08 -1.07804989E-06 -1.12763978E-06 -2.41717378E-11 -2.06697359E-11 -1.22180913E-07 -2.58098750E-10 -3.44504860E-07 -2.57602431E-21  5.00306845E-12 -2.84695227E-09 -2.09023712E-09 -4.25640433E-10 -3.89515860E-08 -3.94177857E-08 -9.39920578E-13 -6.29775600E-13 -4.92959438E-09 -1.06549066E-11 -1.37467133E-08 -9.90778580E-23
  2.70000000E+01  1.00000000E-01 -7.67457003E-05  8.95957628E-06  2.10688111E-06  1.88096159E-05  1.58671248E-05  1.75547801E-06  1.13140920E-04  1.85772272E-05  2.96316733E-06  2.43745072E-06  7.19059774E-05  2.31436318E-05  1.66583825E-11  1.56225966E-07  4.06615529E-09  6.68775541E-10  2.46109399E-07  5.56250732E-07  2.67510217E-11  2.67510217E-14  5.40370637E-09  3.21012260E-10  5.35020433E-07  2.67510217E-21  6.16977129E-13  5.78614691E-09  1.50598344E-10  2.47694645E-11  9.11516293E-09  2.06018790E-08  9.90778580E-13  9.90778580E-16  2.00137273E-10  1.18893430E-11  1.98155716E-08  9.90778580E-23  1.53280931E-10 -8.46602824E-08 -6.12055391E-08 -1.22118353E-08 -1.11688520E-06 -1.16687388E-06 -2.51119732E-11 -2.12923792E-11 -1.27121622E-07 -2.68788376E-10 -3.58279013E-07 -2.67510217E-21  4.94806210E-12 -2.82304200E-09 -2.07481171E-09 -4.23316170E-10 -3.87404538E-08 -3.90842782E-08 -9.40494640E-13 -6.16836215E-13 -4.94979075E-09 -1.07180133E-11 -1.37966504E-08 -9.90778580E-23
  2.80000000E+01  1.00000000E-01 -7.67456948E-05  8.96260260E-06  2.10496533E-06  1.88092186E-05  1.58376147E-05  1.73717755E-06  1.13140920E-04  1.85772266E-05  2.95845684E-06  2.43745187E-06  7.19119688E-05  2.31436318E-05  1.72753596E-11  1.62012113E-07  4.21675364E-09  6.93545006E-10  2.55224562E-07  5.76852611E-07  2.77418002E-11  2.77418002E-14  5.60384365E-09  3.32901603E-10  5.54836005E-07  2.77418002E-21  6.16977129E-13  5.78614691E-09  1.50598344E-10  2.47694645E-11  9.11516293E-09  2.06018790E-08  9.90778580E-13  9.90778580E-16  2.00137273E-10  1.18893430E-11  1.98155716E-08  9.90778580E-23  1.58199123E-10 -8.74703577E-08 -6.32719496E-08 -1.26338832E-08 -1.15551039E-06 -1.20577625E-06 -2.60527891E-11 -2.19021885E-11 -1.32082478E-07 -2.79541024E-10 -3.72103259E-07 -2.77418002E-21  4.89387802E-12 -2.79952685E-09 -2.05956443E-09 -4.21013677E-10 -3.85311607E-08 -3.87540374E-08 -9.41080483E-13 -6.04089513E-13 -4.96989405E-09 -1.07809556E-11 -1.38468574E-08 -9.90778580E-23
  2.90000000E+01  1.00000000E-01 -7.67456893E-05  8.96565332E-06  2.10306468E-06  1.88088236E-05  1.58083129E-05  1.71920541E-06  1.13140920E-04  1.85772260E-05  2.95372741E-06  2.43745296E-06  7.19179098E-05  2.31436318E-05  1.78923367E-11  1.67798260E-07  4.36735198E-09  7.18314470E-10  2.64339725E-07  5.97454490E-07  2.87325788E-11  2.87325788E-14  5.80398092E-09  3.44790946E-10  5.74651576E-07  2.87325788E-21  6.16977129E-13  5.78614691E-09  1.50598344E-10  2.47694645E-11  9.11516293E-09  2.06018790E-08  9.90778580E-13  9.90778580E-16  2.00137273E-10  1.18893430E-11  1.98155716E-08  9.90778580E-23  1.63063594E-10 -9.02571429E-08 -6.53232158E-08 -1.30536414E-08 -1.19392736E-06 -1.24435029E-06 -2.69941969E-11 -2.24993597E-11 -1.37063374E-07 -2.90356489E-10 -3.85977823E-07 -2.87325788E-21  4.84053812E-12 -2.77642300E-09 -2.04450579E-09 -4.18734502E-10 -3.83238556E-08 -3.84273278E-08 -9.41677305E-13 -5.91540702E-13 -4.98987855E-09 -1.08436583E-11 -1.38972580E-08 -9.90778580E-23
  3.00000000E+01  1.00000000E-01 -7.67456839E-05  8.96872801E-06  2.10117899E-06  1.88084309E-05  1.57792171E-05  1.70155794E-06  1.13140920E-04  1.85772254E-05  2.94897917E-06  2.43745399E-06  7.19238003E-05  2.31436318E-05  1.85093139E-11  1.73584407E-07  4.51795032E-09  7.43083935E-10  2.73454888E-07  6.18056369E-07  2.97233574E-11  2.97233574E-14  6.00411819E-09  3.56680289E-10  5.94467148E-07  2.97233574E-21  6.16977129E-13  5.78614691E-09  1.50598344E-10  2.47694645E-11  9.11516293E-09  2.06018790E-08  9.90778580E-13  9.90778580E-16  2.00137273E-10  1.18893430E-11  1.98155716E-08  9.90778580E-23  1.67875197E-10 -9.30210567E-08 -6.73595312E-08 -1.34711338E-08 -1.23213818E-06 -1.28259967E-06 -2.79362073E-11 -2.30840927E-11 -1.42064178E-07 -3.01234493E-10 -3.99902863E-07 -2.97233574E-21  4.78805788E-12 -2.75374333E-09 -2.02964431E-09 -4.16479921E-10 -3.81186628E-08 -3.81043622E-08 -9.42284315E-13 -5.79193572E-13 -5.00972022E-09 -1.09060543E-11 -1.39477839E-08 -9.90778580E-23
  3.10000000E+01  1.00000000E-01 -7.67456785E-05  8.97182620E-06  2.09930804E-06  1.88080404E-05  1.57503254E-05  1.68423129E-06  1.13140920E-04  1.85772249E-05  2.94421224E-06  2.43745496E-06  7.19296403E-05  2.31436318E-05  1.91262910E-11  1.79370554E-07  4.66854867E-09  7.67853399E-10  2.82570051E-07  6.38658248E-07  3.07141360E-11  3.07141360E-14  6.20425547E-09  3.68569632E-10  6.14282719E-07  3.07141360E-21  6.16977129E-13  5.78614691E-09  1.50598344E-10  2.47694645E-11  9.11516293E-09  2.06018790E-08  9.90778580E-13  9.90778580E-16  2.00137273E-10  1.18893430E-11  1.98155716E-08  9.90778580E-23  1.72634797E-10 -9.57625287E-08 -6.93810968E-08 -1.38863856E-08 -1.27014502E-06 -1.32052823E-06 -2.88788299E-11 -2.36565908E-11 -1.47084735E-07 -3.12174696E-10 -4.13878468E-07 -3.07141360E-21  4.73644757E-12 -2.73149762E-09 -2.01498669E-09 -4.14250957E-10 -3.79156837E-08 -3.77853114E-08 -9.42900744E-13 -5.67050755E-13 -5.02939689E-09 -1.09680837E-11 -1.39983740E-08 -9.90778580E-23
  3.20000000E+01  1.00000000E-01 -7.67456732E-05  8.97494743E-06  2.09745164E-06  1.88076521E-05  1.57216354E-05  1.66722147E-06  1.13140920E-04  1.85772243E-05  2.93942677E-06  2.43745586E-06  7.19354296E-05  2.31436318E-05  1.97432681E-11  1.85156701E-07  4.81914701E-09  7.92622864E-10  2.91685214E-07  6.59260127E-07  3.17049145E-11  3.17049145E-14  6.40439274E-09  3.80458975E-10  6.34098291E-07  3.17049145E-21  6.16977129E-13  5.78614691E-09  1.50598344E-10  2.47694645E-11  9.11516293E-09  2.06018790E-08  9.90778580E-13  9.90778580E-16  2.00137273E-10  1.18893430E-11  1.98155716E-08  9.90778580E-23  1.77343268E-10 -9.84819972E-08 -7.13881193E-08 -1.42994230E-08 -1.30795014E-06 -1.35813995E-06 -2.98220738E-11 -2.42170593E-11 -1.52124868E-07 -3.23176701E-10 -4.27904673E-07 -3.17049145E-21  4.68571317E-12 -2.70969290E-09 -2.00053803E-09 -4.12048413E-10 -3.77149994E-08 -3.74703113E-08 -9.43525851E-13 -5.55113938E-13 -5.04888821E-09 -1.10296933E-11 -1.40489734E-08 -9.90778580E-23
  3.30000000E+01  1.00000000E-01 -7.67456679E-05  8.97809123E-06  2.09560958E-06  1.88072661E-05  1.56931447E-05  1.65052438E-06  1.13140920E-04  1.85772238E-05  2.93462293E-06  2.43745670E-06  7.19411684E-05  2.31436318E-05  2.03602453E-11  1.90942848E-07  4.96974536E-09  8.17392328E-10  3.00800377E-07  6.79862006E-07  3.26956931E-11  3.26956931E-14  6.60453001E-09  3.92348318E-10  6.53913863E-07  3.26956931E-21  6.16977129E-13  5.78614691E-09  1.50598344E-10  2.47694645E-11  9.11516293E-09  2.06018790E-08  9.90778580E-13  9.90778580E-16  2.00137273E-10  1.18893430E-11  1.98155716E-08  9.90778580E-23  1.82001488E-10 -1.01179906E-07 -7.33808099E-08 -1.47102726E-08 -1.34555586E-06 -1.39543895E-06 -3.07659472E-11 -2.47657047E-11 -1.57184382E-07 -3.34240064E-10 -4.41981460E-07 -3.26956931E-21  4.63585722E-12 -2.68833375E-09 -1.98630198E-09 -4.09872891E-10 -3.75166730E-08 -3.71594688E-08 -9.44158924E-13 -5.43384032E-13 -5.06817568E-09 -1.10908364E-11 -1.40995333E-08 -9.90778580E-23
  3.40000000E+01  1.00000000E-01 -7.67456627E-05  8.98125712E-06  2.09378163E-06  1.88068822E-05  1.56648511E-05  1.63413580E-06  1.13140920E-04  1.85772232E-05  2.92980089E-06  2.43745749E-06  7.19468567E-05  2.31436318E-05  2.09772224E-11  1.96728995E-07  5.12034370E-09  8.42161793E-10  3.09915540E-07  7.00463885E-07  3.36864717E-11  3.36864717E-14  6.80466729E-09  4.04237661E-10  6.73729434E-07  3.36864717E-21  6.16977129E-13  5.78614691E-09  1.50598344E-10  2.47694645E-11  9.11516293E-09  2.06018790E-08  9.90778580E-13  9.90778580E-16  2.00137273E-10  1.18893430E-11  1.98155716E-08  9.90778580E-23  1.86610335E-10 -1.03856701E-07 -7.53593825E-08 -1.51189618E-08 -1.38296458E-06 -1.43242944E-06 -3.17104577E-11 -2.53027341E-11 -1.62263064E-07 -3.45364293E-10 -4.56108764E-07 -3.36864717E-21  4.58687936E-12 -2.66742265E-09 -1.97228097E-09 -4.07724827E-10 -3.73207519E-08 -3.68528665E-08 -9.44799285E-13 -5.31861307E-13 -5.08724249E-09 -1.11514714E-11 -1.41500102E-08 -9.90778580E-23
  3.50000000E+01  1.00000000E-01 -7.67456576E-05  8.98444462E-06  2.09196758E-06  1.88065004E-05  1.56367521E-05  1.61805146E-06  1.13140920E-04  1.85772227E-05  2.92496087E-06  2.43745821E-06  7.19524945E-05  2.31436318E-05  2.15941995E-11  2.02515142E-07  5.27094204E-09  8.66931257E-10  3.19030703E-07  7.21065763E-07  3.46772503E-11  3.46772503E-14  7.00480456E-09  4.16127003E-10  6.93545006E-07  3.46772503E-21  6.16977129E-13  5.78614691E-09  1.50598344E-10  2.47694645E-11  9.11516293E-09  2.06018790E-08  9.90778580E-13  9.90778580E-16  2.00137273E-10  1.18893430E-11  1.98155716E-08  9.90778580E-23  1.91170686E-10 -1.06512833E-07 -7.73240531E-08 -1.55255181E-08 -1.42017871E-06 -1.46911568E-06 -3.26556123E-11 -2.58283547E-11 -1.67360683E-07 -3.56548860E-10 -4.70286481E-07 -3.46772503E-21  4.53877690E-12 -2.64696029E-09 -1.95847639E-09 -4.05604512E-10 -3.71272702E-08 -3.65505666E-08 -9.45446292E-13 -5.20545503E-13 -5.10607339E-09 -1.12115619E-11 -1.42003651E-08 -9.90778580E-23
  3.60000000E+01  1.00000000E-01 -7.67456525E-05  8.98765325E-06  2.09016722E-06  1.88061207E-05  1.56088451E-05  1.60226703E-06  1.13140920E-04  1.85772222E-05  2.92010306E-06  2.43745887E-06  7.19580821E-05  2.31436318E-05  2.22111766E-11  2.08301289E-07  5.42154039E-09  8.91700722E-10  3.28145866E-07  7.41667642E-07  3.56680289E-11  3.56680289E-14  7.20494183E-09  4.28016346E-10  7.13360577E-07  3.56680289E-21  6.16977129E-13  5.78614691E-09  1.50598344E-10  2.47694645E-11  9.11516293E-09  2.06018790E-08  9.90778580E-13  9.90778580E-16  2.00137273E-10  1.18893430E-11  1.98155716E-08  9.90778580E-23  1.95683414E-10 -1.09148748E-07 -7.92750383E-08 -1.59299695E-08 -1.45720072E-06 -1.50550201E-06 -3.36014173E-11 -2.63427729E-11 -1.72476997E-07 -3.67793204E-10 -4.84514469E-07 -3.56680289E-21  4.49154517E-12 -2.62694584E-09 -1.94488874E-09 -4.03512118E-10 -3.69362507E-08 -3.62526137E-08 -9.46099341E-13 -5.09435915E-13 -5.12465455E-09 -1.12710759E-11 -1.42505637E-08 -9.90778580E-23
  3.70000000E+01  1.00000000E-01 -7.67456474E-05  8.99088254E-06  2.08838033E-06  1.88057431E-05  1.55811279E-05  1.58677815E-06  1.13140920E-04  1.85772217E-05  2.91522770E-06  2.43745948E-06  7.19636196E-05  2.31436318E-05  2.28281538E-11  2.14087435E-07  5.57213873E-09  9.16470186E-10  3.37261029E-07  7.62269521E-07  3.66588074E-11  3.66588074E-14  7.40507910E-09  4.39905689E-10  7.33176149E-07  3.66588074E-21  6.16977129E-13  5.78614691E-09  1.50598344E-10  2.47694645E-11  9.11516293E-09  2.06018790E-08  9.90778580E-13  9.90778580E-16  2.00137273E-10  1.18893430E-11  1.98155716E-08  9.90778580E-23  2.00149386E-10 -1.11764894E-07 -8.12125552E-08 -1.63323439E-08 -1.49403306E-06 -1.54159280E-06 -3.45478784E-11 -2.68461945E-11 -1.77611749E-07 -3.79096731E-10 -4.98792556E-07 -3.66588074E-21  4.44517793E-12 -2.60737719E-09 -1.93151781E-09 -4.01447716E-10 -3.67477069E-08 -3.59590376E-08 -9.46757859E-13 -4.98531470E-13 -5.14297342E-09 -1.13299853E-11 -1.43005753E-08 -9.90778580E-23
  3.80000000E+01  1.00000000E-01 -7.67456424E-05  8.99413200E-06  2.08660668E-06  1.88053675E-05  1.55535978E-05  1.57158043E-06  1.13140920E-04  1.85772212E-05  2.91033503E-06  2.43746002E-06  7.19691072E-05  2.31436318E-05  2.34451309E-11  2.19873582E-07  5.72273708E-09  9.41239651E-10  3.46376191E-07  7.82871400E-07  3.76495860E-11  3.76495860E-14  7.60521638E-09  4.51795032E-10  7.52991721E-07  3.76495860E-21  6.16977129E-13  5.78614691E-09  1.50598344E-10  2.47694645E-11  9.11516293E-09  2.06018790E-08  9.90778580E-13  9.90778580E-16  2.00137273E-10  1.18893430E-11  1.98155716E-08  9.90778580E-23  2.04569463E-10 -1.14361716E-07 -8.31368200E-08 -1.67326693E-08 -1.53067823E-06 -1.57739242E-06 -3.54950008E-11 -2.73388239E-11 -1.82764671E-07 -3.90458823E-10 -5.13120539E-07 -3.76495860E-21  4.39966759E-12 -2.58825122E-09 -1.91836280E-09 -3.99411294E-10 -3.65616443E-08 -3.56698555E-08 -9.47421312E-13 -4.87830789E-13 -5.16101856E-09 -1.13882654E-11 -1.43503728E-08 -9.90778580E-23
  3.90000000E+01  1.00000000E-01 -7.67456374E-05  8.99740117E-06  2.08484608E-06  1.88049940E-05  1.55262524E-05  1.55666948E-06  1.13140920E-04  1.85772207E-05  2.90542528E-06  2.43746051E-06  7.19745451E-05  2.31436318E-05  2.40621080E-11  2.25659729E-07  5.87333542E-09  9.66009115E-10  3.55491354E-07  8.03473279E-07  3.86403646E-11  3.86403646E-14  7.80535365E-09  4.63684375E-10  7.72807292E-07  3.86403646E-21  6.16977129E-13  5.78614691E-09  1.50598344E-10  2.47694645E-11  9.11516293E-09  2.06018790E-08  9.90778580E-13  9.90778580E-16  2.00137273E-10  1.18893430E-11  1.98155716E-08  9.90778580E-23  2.08944497E-10 -1.16939653E-07 -8.50480479E-08 -1.71309736E-08 -1.56713870E-06 -1.61290529E-06 -3.64427891E-11 -2.78208639E-11 -1.87935482E-07 -4.01878839E-10 -5.27498190E-07 -3.86403646E-21  4.35500549E-12 -2.56956392E-09 -1.90542240E-09 -3.97402771E-10 -3.63780619E-08 -3.53850736E-08 -9.48089196E-13 -4.77332238E-13 -5.17877959E-09 -1.14458947E-11 -1.43999322E-08 -9.90778580E-23
  4.00000000E+01  1.00000000E-01 -7.67456325E-05  9.00068956E-06  2.08309830E-06  1.88046225E-05  1.54990892E-05  1.54204088E-06  1.13140920E-04  1.85772202E-05  2.90049871E-06  2.43746094E-06  7.19799336E-05  2.31436318E-05  2.46790852E-11  2.31445876E-07  6.02393376E-09  9.90778580E-10  3.64606517E-07  8.24075158E-07  3.96311432E-11  3.96311432E-14  8.00549092E-09  4.75573718E-10  7.92622864E-07  3.96311432E-21  6.16977129E-13  5.78614691E-09  1.50598344E-10  2.47694645E-11  9.11516293E-09  2.06018790E-08  9.90778580E-13  9.90778580E-16  2.00137273E-10  1.18893430E-11  1.98155716E-08  9.90778580E-23  2.13275330E-10 -1.19499142E-07 -8.69464527E-08 -1.75272847E-08 -1.60341695E-06 -1.64813579E-06 -3.73912475E-11 -2.82925156E-11 -1.93123893E-07 -4.13356117E-10 -5.41925259E-07 -3.96311432E-21  4.31118209E-12 -2.55131056E-09 -1.89269490E-09 -3.95422011E-10 -3.61969533E-08 -3.51046890E-08 -9.48761043E-13 -4.67033971E-13 -5.19624706E-09 -1.15028544E-11 -1.44492324E-08 -9.90778580E-23
  4.10000000E+01  1.00000000E-01 -7.67456276E-05  9.00399672E-06  2.08136313E-06  1.88042529E-05  1.54721058E-05  1.52769026E-06  1.13140920E-04  1.85772198E-05  2.89555558E-06  2.43746132E-06  7.19852730E-05  2.31436318E-05  2.52960623E-11  2.37232023E-07  6.17453211E-09  1.01554804E-09  3.73721680E-07  8.44677037E-07  4.06219218E-11  4.06219218E-14  8.20562820E-09  4.87463061E-10  8.12438435E-07  4.06219218E-21  6.16977129E-13  5.78614691E-09  1.50598344E-10  2.47694645E-11  9.11516293E-09  2.06018790E-08  9.90778580E-13  9.90778580E-16  2.00137273E-10  1.18893430E-11  1.98155716E-08  9.90778580E-23  2.17562797E-10 -1.22040614E-07 -8.88322462E-08 -1.79216302E-08 -1.63951544E-06 -1.68308831E-06 -3.83403797E-11 -2.87539783E-11 -1.98329606E-07 -4.24889980E-10 -5.56401478E-07 -4.06219218E-21  4.26818714E-12 -2.53348584E-09 -1.88017827E-09 -3.93468831E-10 -3.60183074E-08 -3.48286910E-08 -9.49436412E-13 -4.56933970E-13 -5.21341240E-09 -1.15591282E-11 -1.44982549E-08 -9.90778580E-23
  4.20000000E+01  1.00000000E-01 -7.67456228E-05  9.00732218E-06  2.07964036E-06  1.88038853E-05  1.54452997E-05  1.51361323E-06  1.13140920E-04  1.85772193E-05  2.89059618E-06  2.43746164E-06  7.19905635E-05  2.31436318E-05  2.59130394E-11  2.43018170E-07  6.32513045E-09  1.04031751E-09  3.82836843E-07  8.65278916E-07  4.16127003E-11  4.16127003E-14  8.40576547E-09  4.99352404E-10  8.32254007E-07  4.16127003E-21  6.16977129E-13  5.78614691E-09  1.50598344E-10  2.47694645E-11  9.11516293E-09  2.06018790E-08  9.90778580E-13  9.90778580E-16  2.00137273E-10  1.18893430E-11  1.98155716E-08  9.90778580E-23  2.21807720E-10 -1.24564494E-07 -9.07056379E-08 -1.83140376E-08 -1.67543664E-06 -1.71776725E-06 -3.92901891E-11 -2.92054491E-11 -2.03552315E-07 -4.36479732E-10 -5.70926558E-07 -4.16127003E-21  4.22600982E-12 -2.51608398E-09 -1.86787021E-09 -3.91543011E-10 -3.58421096E-08 -3.45570623E-08 -9.50114894E-13 -4.47030073E-13 -5.23026782E-09 -1.16147019E-11 -1.45469832E-08 -9.90778580E-23
  4.30000000E+01  1.00000000E-01 -7.67456180E-05  9.01066550E-06  2.07792979E-06  1.88035196E-05  1.54186684E-05  1.49980543E-06  1.13140921E-04  1.85772189E-05  2.88562077E-06  2.43746190E-06  7.19958054E-05  2.31436318E-05  2.65300165E-11  2.48804317E-07  6.47572880E-09  1.06508697E-09  3.91952006E-07  8.85880795E-07  4.26034789E-11  4.26034789E-14  8.60590274E-09  5.11241747E-10  8.52069579E-07  4.26034789E-21  6.16977129E-13  5.78614691E-09  1.50598344E-10  2.47694645E-11  9.11516293E-09  2.06018790E-08  9.90778580E-13  9.90778580E-16  2.00137273E-10  1.18893430E-11  1.98155716E-08  9.90778580E-23  2.26010910E-10 -1.27071202E-07 -9.25668351E-08 -1.87045340E-08 -1.71118298E-06 -1.75217695E-06 -4.02406784E-11 -2.96471227E-11 -2.08791705E-07 -4.48124667E-10 -5.85500198E-07 -4.26034789E-21  4.18463888E-12 -2.49909881E-09 -1.85576819E-09 -3.89644297E-10 -3.56683418E-08 -3.42897801E-08 -9.50796106E-13 -4.37320002E-13 -5.24680627E-09 -1.16695633E-11 -1.45954032E-08 -9.90778580E-23
  4.40000000E+01  1.00000000E-01 -7.67456132E-05  9.01402621E-06  2.07623121E-06  1.88031557E-05  1.53922096E-05  1.48626254E-06  1.13140921E-04  1.85772185E-05  2.88062964E-06  2.43746211E-06  7.20009991E-05  2.31436318E-05  2.71469937E-11  2.54590464E-07  6.62632714E-09  1.08985644E-09  4.01067169E-07  9.06482674E-07  4.35942575E-11  4.35942575E-14  8.80604002E-09  5.23131090E-10  8.71885150E-07  4.35942575E-21  6.16977129E-13  5.78614691E-09  1.50598344E-10  2.47694645E-11  9.11516293E-09  2.06018790E-08  9.90778580E-13  9.90778580E-16  2.00137273E-10  1.18893430E-11  1.98155716E-08  9.90778580E-23  2.30173167E-10 -1.29561151E-07 -9.44160424E-08 -1.90931466E-08 -1.74675688E-06 -1.78632174E-06 -4.11918503E-11 -3.00791918E-11 -2.14047457E-07 -4.59824066E-10 -6.00122083E-07 -4.35942575E-21  4.14406270E-12 -2.48252385E-09 -1.84386952E-09 -3.87772414E-10 -3.54969837E-08 -3.40268168E-08 -9.51479692E-13 -4.27801385E-13 -5.26302139E-09 -1.17237021E-11 -1.46435025E-08 -9.90778580E-23
  4.50000000E+01  1.00000000E-01 -7.67456085E-05  9.01740389E-06  2.07454442E-06  1.88027937E-05  1.53659208E-05  1.47298025E-06  1.13140921E-04  1.85772180E-05  2.87562308E-06  2.43746227E-06  7.20061449E-05  2.31436318E-05  2.77639708E-11  2.60376611E-07  6.77692548E-09  1.11462590E-09  4.10182332E-07  9.27084553E-07  4.45850361E-11  4.45850361E-14  9.00617729E-09  5.35020433E-10  8.91700722E-07  4.45850361E-21  6.16977129E-13  5.78614691E-09  1.50598344E-10  2.47694645E-11  9.11516293E-09  2.06018790E-08  9.90778580E-13  9.90778580E-16  2.00137273E-10  1.18893430E-11  1.98155716E-08  9.90778580E-23  2.34295279E-10 -1.32034748E-07 -9.62534615E-08 -1.94799019E-08 -1.78216073E-06 -1.82020594E-06 -4.21437069E-11 -3.05018464E-11 -2.19319243E-07 -4.71577203E-10 -6.14791885E-07 -4.45850361E-21  4.10426943E-12 -2.46635240E-09 -1.83217137E-09 -3.85927065E-10 -3.53280127E-08 -3.37681410E-08 -9.52165317E-13 -4.18471773E-13 -5.27890745E-09 -1.17771094E-11 -1.46912704E-08 -9.90778580E-23
  4.60000000E+01  1.00000000E-01 -7.67456038E-05  9.02079808E-06  2.07286921E-06  1.88024336E-05  1.53397997E-05  1.45995429E-06  1.13140921E-04  1.85772176E-05  2.87060138E-06  2.43746237E-06  7.20112430E-05  2.31436318E-05  2.83809479E-11  2.66162758E-07  6.92752383E-09  1.13939537E-09  4.19297495E-07  9.47686432E-07  4.55758147E-11  4.55758147E-14  9.20631456E-09  5.46909776E-10  9.11516293E-07  4.55758147E-21  6.16977129E-13  5.78614691E-09  1.50598344E-10  2.47694645E-11  9.11516293E-09  2.06018790E-08  9.90778580E-13  9.90778580E-16  2.00137273E-10  1.18893430E-11  1.98155716E-08  9.90778580E-23  2.38378023E-10 -1.34492392E-07 -9.80792914E-08 -1.98648263E-08 -1.81739691E-06 -1.85383380E-06 -4.30962502E-11 -3.09152742E-11 -2.24606732E-07 -4.83383341E-10 -6.29509269E-07 -4.55758147E-21  4.06524701E-12 -2.45057758E-09 -1.82067083E-09 -3.84107937E-10 -3.51614045E-08 -3.35137179E-08 -9.52852673E-13 -4.09328657E-13 -5.29445932E-09 -1.18297780E-11 -1.47386975E-08 -9.90778580E-23
  4.70000000E+01  1.00000000E-01 -7.67455992E-05  9.02420837E-06  2.07120540E-06  1.88020753E-05  1.53138439E-05  1.44718044E-06  1.13140921E-04  1.85772172E-05  2.86556486E-06  2.43746242E-06  7.20162940E-05  2.31436318E-05  2.89979251E-11  2.71948905E-07  7.07812217E-09  1.16416483E-09  4.28412658E-07  9.68288311E-07  4.65665932E-11  4.65665932E-14  9.40645184E-09  5.58799119E-10  9.31331865E-07  4.65665932E-21  6.16977129E-13  5.78614691E-09  1.50598344E-10  2.47694645E-11  9.11516293E-09  2.06018790E-08  9.90778580E-13  9.90778580E-16  2.00137273E-10  1.18893430E-11  1.98155716E-08  9.90778580E-23  2.42422163E-10 -1.36934475E-07 -9.98937280E-08 -2.02479458E-08 -1.85246778E-06 -1.88720955E-06 -4.40494816E-11 -3.13196602E-11 -2.29909586E-07 -4.95241739E-10 -6.44273889E-07 -4.65665932E-21  4.02698324E-12 -2.43519234E-09 -1.80936488E-09 -3.82314706E-10 -3.49971336E-08 -3.32635099E-08 -9.53541470E-13 -4.00369480E-13 -5.30967242E-09 -1.18817016E-11 -1.47857760E-08 -9.90778580E-23
  4.80000000E+01  1.00000000E-01 -7.67455946E-05  9.02763433E-06  2.06955279E-06  1.88017187E-05  1.52880511E-05  1.43465449E-06  1.13140921E-04  1.85772168E-05  2.86051380E-06  2.43746243E-06  7.20212981E-05  2.31436318E-05  2.96149022E-11  2.77735051E-07  7.22872052E-09  1.18893430E-09  4.37527821E-07  9.88890190E-07  4.75573718E-11  4.75573718E-14  9.60658911E-09  5.70688462E-10  9.51147436E-07  4.75573718E-21  6.16977129E-13  5.78614691E-09  1.50598344E-10  2.47694645E-11  9.11516293E-09  2.06018790E-08  9.90778580E-13  9.90778580E-16  2.00137273E-10  1.18893430E-11  1.98155716E-08  9.90778580E-23  2.46428450E-10 -1.39361385E-07 -1.01696964E-07 -2.06292862E-08 -1.88737564E-06 -1.92033740E-06 -4.50034024E-11 -3.17151870E-11 -2.35227466E-07 -5.07151648E-10 -6.59085392E-07 -4.75573718E-21  3.98946587E-12 -2.42018960E-09 -1.79825047E-09 -3.80547037E-10 -3.48351731E-08 -3.30174772E-08 -9.54231437E-13 -3.91591649E-13 -5.32454270E-09 -1.19328754E-11 -1.48324991E-08 -9.90778580E-23
  4.90000000E+01  1.00000000E-01 -7.67455900E-05  9.03107555E-06  2.06791119E-06  1.88013639E-05  1.52624190E-05  1.42237230E-06  1.13140921E-04  1.85772164E-05  2.85544853E-06  2.43746238E-06  7.20262556E-05  2.31436318E-05  3.02318793E-11  2.83521198E-07  7.37931886E-09  1.21370376E-09  4.46642984E-07  1.00949207E-06  4.85481504E-11  4.85481504E-14  9.80672638E-09  5.82577805E-10  9.70963008E-07  4.85481504E-21  6.16977129E-13  5.78614691E-09  1.50598344E-10  2.47694645E-11  9.11516293E-09  2.06018790E-08  9.90778580E-13  9.90778580E-16  2.00137273E-10  1.18893430E-11  1.98155716E-08  9.90778580E-23  2.50397625E-10 -1.41773499E-07 -1.03489190E-07 -2.10088728E-08 -1.92212281E-06 -1.95322150E-06 -4.59580138E-11 -3.21020345E-11 -2.40560025E-07 -5.19112317E-10 -6.73943420E-07 -4.85481504E-21  3.95268256E-12 -2.40556217E-09 -1.78732450E-09 -3.78804589E-10 -3.46754956E-08 -3.27755779E-08 -9.54922323E-13 -3.82992543E-13 -5.33906659E-09 -1.19832956E-11 -1.48788612E-08 -9.90778580E-23
  5.00000000E+01  1.00000000E-01 -7.67455855E-05  9.03453162E-06  2.06628041E-06  1.88010108E-05  1.52369454E-05  1.41032976E-06  1.13140921E-04  1.85772161E-05  2.85036935E-06  2.43746228E-06  7.20311670E-05  2.31436318E-05  3.08488564E-11  2.89307345E-07  7.52991721E-09  1.23847322E-09  4.55758147E-07  1.03009395E-06  4.95389290E-11  4.95389290E-14  1.00068637E-08  5.94467148E-10  9.90778580E-07  4.95389290E-21  6.16977129E-13  5.78614691E-09  1.50598344E-10  2.47694645E-11  9.11516293E-09  2.06018790E-08  9.90778580E-13  9.90778580E-16  2.00137273E-10  1.18893430E-11  1.98155716E-08  9.90778580E-23  2.54330415E-10 -1.44171188E-07 -1.05270592E-07 -2.13867307E-08 -1.95671154E-06 -1.98586594E-06 -4.69133164E-11 -3.24803800E-11 -2.45906917E-07 -5.31122990E-10 -6.88847610E-07 -4.95389290E-21  3.91662100E-12 -2.39130288E-09 -1.77658386E-09 -3.77087016E-10 -3.45180729E-08 -3.25377686E-08 -9.55613892E-13 -3.74569521E-13 -5.35324097E-09 -1.20329593E-11 -1.49248576E-08 -9.90778580E-23
  5.10000000E+01  1.00000000E-01 -7.67455810E-05  9.03800214E-06  2.06466027E-06  1.88006594E-05  1.52116279E-05  1.39852279E-06  1.13140921E-04  1.85772157E-05  2.84527658E-06  2.43746213E-06  7.20360326E-05  2.31436318E-05  3.14658336E-11  2.95093492E-07  7.68051555E-09  1.26324269E-09  4.64873310E-07  1.05069583E-06  5.05297076E-11  5.05297076E-14  1.02070009E-08  6.06356491E-10  1.01059415E-06  5.05297076E-21  6.16977129E-13  5.78614691E-09  1.50598344E-10  2.47694645E-11  9.11516293E-09  2.06018790E-08  9.90778580E-13  9.90778580E-16  2.00137273E-10  1.18893430E-11  1.98155716E-08  9.90778580E-23  2.58227534E-10 -1.46554818E-07 -1.07041354E-07 -2.17628846E-08 -1.99114407E-06 -2.01827481E-06 -4.78693109E-11 -3.28503980E-11 -2.51267789E-07 -5.43182910E-10 -7.03797593E-07 -5.05297076E-21  3.88126889E-12 -2.37740453E-09 -1.76602542E-09 -3.75393969E-10 -3.43628760E-08 -3.23040047E-08 -9.56305925E-13 -3.66319931E-13 -5.36706319E-09 -1.20818645E-11 -1.49704845E-08 -9.90778580E-23
  5.20000000E+01  1.00000000E-01 -7.67455765E-05  9.04148671E-06  2.06305060E-06  1.88003097E-05  1.51864644E-05  1.38694739E-06  1.13140921E-04  1.85772153E-05  2.84017054E-06  2.43746193E-06  7.20408527E-05  2.31436318E-05  3.20828107E-11  3.00879639E-07  7.83111389E-09  1.28801215E-09  4.73988473E-07  1.07129771E-06  5.15204861E-11  5.15204861E-14  1.04071382E-08  6.18245834E-10  1.03040972E-06  5.15204861E-21  6.16977129E-13  5.78614691E-09  1.50598344E-10  2.47694645E-11  9.11516293E-09  2.06018790E-08  9.90778580E-13  9.90778580E-16  2.00137273E-10  1.18893430E-11  1.98155716E-08  9.90778580E-23  2.62089686E-10 -1.48924744E-07 -1.08801656E-07 -2.21373587E-08 -2.02542261E-06 -2.05045212E-06 -4.88259976E-11 -3.32122606E-11 -2.56642289E-07 -5.55291317E-10 -7.18792998E-07 -5.15204861E-21  3.84661396E-12 -2.36385995E-09 -1.75564606E-09 -3.73725097E-10 -3.42098761E-08 -3.20742402E-08 -9.56998215E-13 -3.58241113E-13 -5.38053098E-09 -1.21300100E-11 -1.50157388E-08 -9.90778580E-23
  5.30000000E+01  1.00000000E-01 -7.67455721E-05  9.04498496E-06  2.06145120E-06  1.87999617E-05  1.51614528E-05  1.37559957E-06  1.13140921E-04  1.85772150E-05  2.83505154E-06  2.43746168E-06  7.20456279E-05  2.31436318E-05  3.26997878E-11  3.06665786E-07  7.98171224E-09  1.31278162E-09  4.83103635E-07  1.09189958E-06  5.25112647E-11  5.25112647E-14  1.06072755E-08  6.30135177E-10  1.05022529E-06  5.25112647E-21  6.16977129E-13  5.78614691E-09  1.50598344E-10  2.47694645E-11  9.11516293E-09  2.06018790E-08  9.90778580E-13  9.90778580E-16  2.00137273E-10  1.18893430E-11  1.98155716E-08  9.90778580E-23  2.65917561E-10 -1.51281317E-07 -1.10551676E-07 -2.25101770E-08 -2.05954935E-06 -2.08240184E-06 -4.97833766E-11 -3.35661371E-11 -2.62030061E-07 -5.67447452E-10 -7.33833452E-07 -5.25112647E-21  3.81264400E-12 -2.35066203E-09 -1.74544268E-09 -3.72080048E-10 -3.40590436E-08 -3.18484286E-08 -9.57690571E-13 -3.50330404E-13 -5.39364247E-09 -1.21773953E-11 -1.50606181E-08 -9.90778580E-23
  5.40000000E+01  1.00000000E-01 -7.67455677E-05  9.04849650E-06  2.05986192E-06  1.87996153E-05  1.51365907E-05  1.36447541E-06  1.13140921E-04  1.85772146E-05  2.82991991E-06  2.43746139E-06  7.20503583E-05  2.31436318E-05  3.33167650E-11  3.12451933E-07  8.13231058E-09  1.33755108E-09  4.92218798E-07  1.11250146E-06  5.35020433E-11  5.35020433E-14  1.08074127E-08  6.42024520E-10  1.07004087E-06  5.35020433E-21  6.16977129E-13  5.78614691E-09  1.50598344E-10  2.47694645E-11  9.11516293E-09  2.06018790E-08  9.90778580E-13  9.90778580E-16  2.00137273E-10  1.18893430E-11  1.98155716E-08  9.90778580E-23  2.69711836E-10 -1.53624879E-07 -1.12291588E-07 -2.28813633E-08 -2.09352644E-06 -2.11412790E-06 -5.07414479E-11 -3.39121941E-11 -2.67430747E-07 -5.79650554E-10 -7.48918577E-07 -5.35020433E-21  3.77934691E-12 -2.33780368E-09 -1.73541218E-09 -3.70458470E-10 -3.39103493E-08 -3.16265224E-08 -9.58382812E-13 -3.42585143E-13 -5.40639617E-09 -1.22240207E-11 -1.51051207E-08 -9.90778580E-23
  5.50000000E+01  1.00000000E-01 -7.67455633E-05  9.05202096E-06  2.05828257E-06  1.87992705E-05  1.51118762E-05  1.35357103E-06  1.13140921E-04  1.85772143E-05  2.82477598E-06  2.43746105E-06  7.20550445E-05  2.31436318E-05  3.39337421E-11  3.18238080E-07  8.28290893E-09  1.36232055E-09  5.01333961E-07  1.13310334E-06  5.44928219E-11  5.44928219E-14  1.10075500E-08  6.53913863E-10  1.08985644E-06  5.44928219E-21  6.16977129E-13  5.78614691E-09  1.50598344E-10  2.47694645E-11  9.11516293E-09  2.06018790E-08  9.90778580E-13  9.90778580E-16  2.00137273E-10  1.18893430E-11  1.98155716E-08  9.90778580E-23  2.73473179E-10 -1.55955766E-07 -1.14021562E-07 -2.32509407E-08 -2.12735599E-06 -2.14563417E-06 -5.17002113E-11 -3.42505955E-11 -2.72843990E-07 -5.91899864E-10 -7.64047998E-07 -5.44928219E-21  3.74671064E-12 -2.32527792E-09 -1.72555151E-09 -3.68860013E-10 -3.37637634E-08 -3.14084738E-08 -9.59074770E-13 -3.35002674E-13 -5.41879094E-09 -1.22698870E-11 -1.51492453E-08 -9.90778580E-23
  5.60000000E+01  1.00000000E-01 -7.67455590E-05  9.05555799E-06  2.05671299E-06  1.87989272E-05  1.50873072E-05  1.34288260E-06  1.13140921E-04  1.85772140E-05  2.81962005E-06  2.43746067E-06  7.20596867E-05  2.31436318E-05  3.45507192E-11  3.24024227E-07  8.43350727E-09  1.38709001E-09  5.10449124E-07  1.15370522E-06  5.54836005E-11  5.54836005E-14  1.12076873E-08  6.65803206E-10  1.10967201E-06  5.54836005E-21  6.16977129E-13  5.78614691E-09  1.50598344E-10  2.47694645E-11  9.11516293E-09  2.06018790E-08  9.90778580E-13  9.90778580E-16  2.00137273E-10  1.18893430E-11  1.98155716E-08  9.90778580E-23  2.77202244E-10 -1.58274307E-07 -1.15741769E-07 -2.36189322E-08 -2.16104011E-06 -2.17692450E-06 -5.26596665E-11 -3.45815028E-11 -2.78269430E-07 -6.04194623E-10 -7.79221335E-07 -5.54836005E-21  3.71472327E-12 -2.31307781E-09 -1.71585762E-09 -3.67284327E-10 -3.36192565E-08 -3.11942344E-08 -9.59766284E-13 -3.27580351E-13 -5.43082596E-09 -1.23149957E-11 -1.51929913E-08 -9.90778580E-23
  5.70000000E+01  1.00000000E-01 -7.67455547E-05  9.05910722E-06  2.05515301E-06  1.87985856E-05  1.50628815E-05  1.33240634E-06  1.13140921E-04  1.85772136E-05  2.81445248E-06  2.43746024E-06  7.20642854E-05  2.31436318E-05  3.51676964E-11  3.29810374E-07  8.58410561E-09  1.41185948E-09  5.19564287E-07  1.17430710E-06  5.64743790E-11  5.64743790E-14  1.14078246E-08  6.77692548E-10  1.12948758E-06  5.64743790E-21  6.16977129E-13  5.78614691E-09  1.50598344E-10  2.47694645E-11  9.11516293E-09  2.06018790E-08  9.90778580E-13  9.90778580E-16  2.00137273E-10  1.18893430E-11  1.98155716E-08  9.90778580E-23  2.80899672E-10 -1.60580825E-07 -1.17452371E-07 -2.39853604E-08 -2.19458085E-06 -2.20800267E-06 -5.36198128E-11 -3.49050746E-11 -2.83706707E-07 -6.16534075E-10 -7.94438209E-07 -5.64743790E-21  3.68337298E-12 -2.30119652E-09 -1.70632753E-09 -3.65731066E-10 -3.34767990E-08 -3.09837556E-08 -9.60457207E-13 -3.20315535E-13 -5.44250073E-09 -1.23593485E-11 -1.52363584E-08 -9.90778580E-23
  5.80000000E+01  1.00000000E-01 -7.67455505E-05  9.06266830E-06  2.05360247E-06  1.87982455E-05  1.50385972E-05  1.32213851E-06  1.13140921E-04  1.85772133E-05  2.80927357E-06  2.43745977E-06  7.20688409E-05  2.31436318E-05  3.57846735E-11  3.35596521E-07  8.73470396E-09  1.43662894E-09  5.28679450E-07  1.19490898E-06  5.74651576E-11  5.74651576E-14  1.16079618E-08  6.89581891E-10  1.14930315E-06  5.74651576E-21  6.16977129E-13  5.78614691E-09  1.50598344E-10  2.47694645E-11  9.11516293E-09  2.06018790E-08  9.90778580E-13  9.90778580E-16  2.00137273E-10  1.18893430E-11  1.98155716E-08  9.90778580E-23  2.84566095E-10 -1.62875632E-07 -1.19153533E-07 -2.43502476E-08 -2.22798024E-06 -2.23887240E-06 -5.45806497E-11 -3.52214671E-11 -2.89155460E-07 -6.28917465E-10 -8.09698242E-07 -5.74651576E-21  3.65264807E-12 -2.28962731E-09 -1.69695825E-09 -3.64199886E-10 -3.33363616E-08 -3.07769885E-08 -9.61147397E-13 -3.13205605E-13 -5.45381507E-09 -1.24029480E-11 -1.52793467E-08 -9.90778580E-23
  5.90000000E+01  1.00000000E-01 -7.67455462E-05  9.06624090E-06  2.05206122E-06  1.87979069E-05  1.50144522E-05  1.31207543E-06  1.13140921E-04  1.85772130E-05  2.80408366E-06  2.43745925E-06  7.20733537E-05  2.31436318E-05  3.64016506E-11  3.41382667E-07  8.88530230E-09  1.46139841E-09  5.37794613E-07  1.21551086E-06  5.84559362E-11  5.84559362E-14  1.18080991E-08  7.01471234E-10  1.16911872E-06  5.84559362E-21  6.16977129E-13  5.78614691E-09  1.50598344E-10  2.47694645E-11  9.11516293E-09  2.06018790E-08  9.90778580E-13  9.90778580E-16  2.00137273E-10  1.18893430E-11  1.98155716E-08  9.90778580E-23  2.88202132E-10 -1.65159040E-07 -1.20845412E-07 -2.47136155E-08 -2.26124029E-06 -2.26953738E-06 -5.55421763E-11 -3.55308335E-11 -2.94615330E-07 -6.41344042E-10 -8.25001056E-07 -5.84559362E-21  3.62253697E-12 -2.27836355E-09 -1.68774687E-09 -3.62690446E-10 -3.31979151E-08 -3.05738842E-08 -9.61836724E-13 -3.06247949E-13 -5.46476907E-09 -1.24457971E-11 -1.53219567E-08 -9.90778580E-23
  6.00000000E+01  1.00000000E-01 -7.67455420E-05  9.06982467E-06  2.05052909E-06  1.87975698E-05  1.49904446E-05  1.30221346E-06  1.13140921E-04  1.85772127E-05  2.79888307E-06  2.43745870E-06  7.20778240E-05  2.31436318E-05  3.70186277E-11  3.47168814E-07  9.03590065E-09  1.48616787E-09  5.46909776E-07  1.23611274E-06  5.94467148E-11  5.94467148E-14  1.20082364E-08  7.13360577E-10  1.18893430E-06  5.94467148E-21  6.16977129E-13  5.78614691E-09  1.50598344E-10  2.47694645E-11  9.11516293E-09  2.06018790E-08  9.90778580E-13  9.90778580E-16  2.00137273E-10  1.18893430E-11  1.98155716E-08  9.90778580E-23  2.91808390E-10 -1.67431348E-07 -1.22528165E-07 -2.50754857E-08 -2.29436298E-06 -2.30000125E-06 -5.65043917E-11 -3.58333248E-11 -3.00085955E-07 -6.53813056E-10 -8.40346271E-07 -5.94467148E-21  3.59302822E-12 -2.26739869E-09 -1.67869051E-09 -3.61202407E-10 -3.30614302E-08 -3.03743936E-08 -9.62525061E-13 -2.99439978E-13 -5.47536310E-09 -1.24878989E-11 -1.53641891E-08 -9.90778580E-23
  6.10000000E+01  1.00000000E-01 -7.67455379E-05  9.07341930E-06  2.04900593E-06  1.87972342E-05  1.49665724E-05  1.29254902E-06  1.13140921E-04  1.85772124E-05  2.79367213E-06  2.43745810E-06  7.20822524E-05  2.31436318E-05  3.76356049E-11  3.52954961E-07  9.18649899E-09  1.51093733E-09  5.56024939E-07  1.25671462E-06  6.04374934E-11  6.04374934E-14  1.22083737E-08  7.25249920E-10  1.20874987E-06  6.04374934E-21  6.16977129E-13  5.78614691E-09  1.50598344E-10  2.47694645E-11  9.11516293E-09  2.06018790E-08  9.90778580E-13  9.90778580E-16  2.00137273E-10  1.18893430E-11  1.98155716E-08  9.90778580E-23  2.95385465E-10 -1.69692853E-07 -1.24201946E-07 -2.54358796E-08 -2.32735025E-06 -2.33026759E-06 -5.74672948E-11 -3.61290893E-11 -3.05566977E-07 -6.66323764E-10 -8.55733512E-07 -6.04374934E-21  3.56411053E-12 -2.25672632E-09 -1.66978632E-09 -3.59735434E-10 -3.29268782E-08 -3.01784676E-08 -9.63212292E-13 -2.92779116E-13 -5.48559780E-09 -1.25292572E-11 -1.54060450E-08 -9.90778580E-23
  6.20000000E+01  1.00000000E-01 -7.67455337E-05  9.07702446E-06  2.04749160E-06  1.87969000E-05  1.49428337E-05  1.28307856E-06  1.13140921E-04  1.85772121E-05  2.78845118E-06  2.43745746E-06  7.20866391E-05  2.31436318E-05  3.82525820E-11  3.58741108E-07  9.33709733E-09  1.53570680E-09  5.65140102E-07  1.27731650E-06  6.14282719E-11  6.14282719E-14  1.24085109E-08  7.37139263E-10  1.22856544E-06  6.14282719E-21  6.16977129E-13  5.78614691E-09  1.50598344E-10  2.47694645E-11  9.11516293E-09  2.06018790E-08  9.90778580E-13  9.90778580E-16  2.00137273E-10  1.18893430E-11  1.98155716E-08  9.90778580E-23  2.98933943E-10 -1.71943844E-07 -1.25866905E-07 -2.57948179E-08 -2.36020401E-06 -2.36033994E-06 -5.84308846E-11 -3.64182726E-11 -3.11058036E-07 -6.78875422E-10 -8.71162402E-07 -6.14282719E-21  3.53577270E-12 -2.24634011E-09 -1.66103151E-09 -3.58289196E-10 -3.27942304E-08 -2.99860572E-08 -9.63898305E-13 -2.86262809E-13 -5.49547403E-09 -1.25698761E-11 -1.54475256E-08 -9.90778580E-23
  6.30000000E+01  1.00000000E-01 -7.67455296E-05  9.08063984E-06  2.04598594E-06  1.87965673E-05  1.49192266E-05  1.27379861E-06  1.13140921E-04  1.85772119E-05  2.78322052E-06  2.43745678E-06  7.20909845E-05  2.31436318E-05  3.88695591E-11  3.64527255E-07  9.48769568E-09  1.56047626E-09  5.74255265E-07  1.29791837E-06  6.24190505E-11  6.24190505E-14  1.26086482E-08  7.49028606E-10  1.24838101E-06  6.24190505E-21  6.16977129E-13  5.78614691E-09  1.50598344E-10  2.47694645E-11  9.11516293E-09  2.06018790E-08  9.90778580E-13  9.90778580E-16  2.00137273E-10  1.18893430E-11  1.98155716E-08  9.90778580E-23  3.02454396E-10 -1.74184603E-07 -1.27523190E-07 -2.61523212E-08 -2.39292617E-06 -2.39022180E-06 -5.93951596E-11 -3.67010180E-11 -3.16558775E-07 -6.91467295E-10 -8.86632568E-07 -6.24190505E-21  3.50800372E-12 -2.23623387E-09 -1.65242332E-09 -3.56863365E-10 -3.26634583E-08 -2.97971135E-08 -9.64582995E-13 -2.79888523E-13 -5.50499291E-09 -1.26097598E-11 -1.54886325E-08 -9.90778580E-23
  6.40000000E+01  1.00000000E-01 -7.67455255E-05  9.08426512E-06  2.04448881E-06  1.87962360E-05  1.48957492E-05  1.26470571E-06  1.13140921E-04  1.85772116E-05  2.77798051E-06  2.43745606E-06  7.20952890E-05  2.31436318E-05  3.94865363E-11  3.70313402E-07  9.63829402E-09  1.58524573E-09  5.83370428E-07  1.31852025E-06  6.34098291E-11  6.34098291E-14  1.28087855E-08  7.60917949E-10  1.26819658E-06  6.34098291E-21  6.16977129E-13  5.78614691E-09  1.50598344E-10  2.47694645E-11  9.11516293E-09  2.06018790E-08  9.90778580E-13  9.90778580E-16  2.00137273E-10  1.18893430E-11  1.98155716E-08  9.90778580E-23  3.05947388E-10 -1.76415406E-07 -1.29170946E-07 -2.65084098E-08 -2.42551857E-06 -2.41991659E-06 -6.03601185E-11 -3.69774659E-11 -3.22068837E-07 -7.04098649E-10 -9.02143635E-07 -6.34098291E-21  3.48079268E-12 -2.22640152E-09 -1.64395905E-09 -3.55457619E-10 -3.25345338E-08 -2.96115877E-08 -9.65266263E-13 -2.73653745E-13 -5.51415579E-09 -1.26489130E-11 -1.55293674E-08 -9.90778580E-23
  6.50000000E+01  1.00000000E-01 -7.67455215E-05  9.08790002E-06  2.04300006E-06  1.87959061E-05  1.48723998E-05  1.25579649E-06  1.13140921E-04  1.85772113E-05  2.77273145E-06  2.43745530E-06  7.20995529E-05  2.31436318E-05  4.01035134E-11  3.76099549E-07  9.78889237E-09  1.61001519E-09  5.92485591E-07  1.33912213E-06  6.44006077E-11  6.44006077E-14  1.30089228E-08  7.72807292E-10  1.28801215E-06  6.44006077E-21  6.16977129E-13  5.78614691E-09  1.50598344E-10  2.47694645E-11  9.11516293E-09  2.06018790E-08  9.90778580E-13  9.90778580E-16  2.00137273E-10  1.18893430E-11  1.98155716E-08  9.90778580E-23  3.09413471E-10 -1.78636526E-07 -1.30810316E-07 -2.68631035E-08 -2.45798304E-06 -2.44942772E-06 -6.13257598E-11 -3.72477547E-11 -3.27587866E-07 -7.16768757E-10 -9.17695233E-07 -6.44006077E-21  3.45412883E-12 -2.21683709E-09 -1.63563603E-09 -3.54071635E-10 -3.24074290E-08 -2.94294313E-08 -9.65948014E-13 -2.67555985E-13 -5.52296421E-09 -1.26873408E-11 -1.55697321E-08 -9.90778580E-23
  6.60000000E+01  1.00000000E-01 -7.67455174E-05  9.09154424E-06  2.04151956E-06  1.87955775E-05  1.48491765E-05  1.24706758E-06  1.13140921E-04  1.85772110E-05  2.76747367E-06  2.43745450E-06  7.21037768E-05  2.31436318E-05  4.07204905E-11  3.81885696E-07  9.93949071E-09  1.63478466E-09  6.01600754E-07  1.35972401E-06  6.53913863E-11  6.53913863E-14  1.32090600E-08  7.84696635E-10  1.30782773E-06  6.53913863E-21  6.16977129E-13  5.78614691E-09  1.50598344E-10  2.47694645E-11  9.11516293E-09  2.06018790E-08  9.90778580E-13  9.90778580E-16  2.00137273E-10  1.18893430E-11  1.98155716E-08  9.90778580E-23  3.12853186E-10 -1.80848225E-07 -1.32441439E-07 -2.72164219E-08 -2.49032140E-06 -2.47875852E-06 -6.22920820E-11 -3.75120199E-11 -3.33115510E-07 -7.29476896E-10 -9.33286994E-07 -6.53913863E-21  3.42800157E-12 -2.20753473E-09 -1.62745165E-09 -3.52705099E-10 -3.22821160E-08 -2.92505956E-08 -9.66628157E-13 -2.61592776E-13 -5.53141994E-09 -1.27250483E-11 -1.56097287E-08 -9.90778580E-23
  6.70000000E+01  1.00000000E-01 -7.67455134E-05  9.09519748E-06  2.04004717E-06  1.87952503E-05  1.48260775E-05  1.23851571E-06  1.13140921E-04  1.85772108E-05  2.76220749E-06  2.43745367E-06  7.21079608E-05  2.31436318E-05  4.13374676E-11  3.87671843E-07  1.00900891E-08  1.65955412E-09  6.10715917E-07  1.38032589E-06  6.63821648E-11  6.63821648E-14  1.34091973E-08  7.96585978E-10  1.32764330E-06  6.63821648E-21  6.16977129E-13  5.78614691E-09  1.50598344E-10  2.47694645E-11  9.11516293E-09  2.06018790E-08  9.90778580E-13  9.90778580E-16  2.00137273E-10  1.18893430E-11  1.98155716E-08  9.90778580E-23  3.16267064E-10 -1.83050764E-07 -1.34064453E-07 -2.75683844E-08 -2.52253542E-06 -2.50791228E-06 -6.32590835E-11 -3.77703948E-11 -3.38651417E-07 -7.42222349E-10 -9.48918550E-07 -6.63821648E-21  3.40240042E-12 -2.19848870E-09 -1.61940335E-09 -3.51357697E-10 -3.21585677E-08 -2.90750327E-08 -9.67306609E-13 -2.55761674E-13 -5.53952491E-09 -1.27620411E-11 -1.56493593E-08 -9.90778580E-23
  6.80000000E+01  1.00000000E-01 -7.67455094E-05  9.09885947E-06  2.03858276E-06  1.87949245E-05  1.48031012E-05  1.23013763E-06  1.13140921E-04  1.85772105E-05  2.75693325E-06  2.43745280E-06  7.21121054E-05  2.31436318E-05  4.19544448E-11  3.93457990E-07  1.02406874E-08  1.68432359E-09  6.19831079E-07  1.40092777E-06  6.73729434E-11  6.73729434E-14  1.36093346E-08  8.08475321E-10  1.34745887E-06  6.73729434E-21  6.16977129E-13  5.78614691E-09  1.50598344E-10  2.47694645E-11  9.11516293E-09  2.06018790E-08  9.90778580E-13  9.90778580E-16  2.00137273E-10  1.18893430E-11  1.98155716E-08  9.90778580E-23  3.19655625E-10 -1.85244394E-07 -1.35679492E-07 -2.79190098E-08 -2.55462685E-06 -2.53689227E-06 -6.42267624E-11 -3.80230101E-11 -3.44195236E-07 -7.55004404E-10 -9.64589536E-07 -6.73729434E-21  3.37731509E-12 -2.18969340E-09 -1.61148858E-09 -3.50029122E-10 -3.20367569E-08 -2.89026945E-08 -9.67983287E-13 -2.50060263E-13 -5.54728126E-09 -1.27983248E-11 -1.56886262E-08 -9.90778580E-23
  6.90000000E+01  1.00000000E-01 -7.67455055E-05  9.10252993E-06  2.03712618E-06  1.87945999E-05  1.47802457E-05  1.22193013E-06  1.13140921E-04  1.85772103E-05  2.75165125E-06  2.43745189E-06  7.21162109E-05  2.31436318E-05  4.25714219E-11  3.99244136E-07  1.03912857E-08  1.70909305E-09  6.28946242E-07  1.42152965E-06  6.83637220E-11  6.83637220E-14  1.38094718E-08  8.20364664E-10  1.36727444E-06  6.83637220E-21  6.16977129E-13  5.78614691E-09  1.50598344E-10  2.47694645E-11  9.11516293E-09  2.06018790E-08  9.90778580E-13  9.90778580E-16  2.00137273E-10  1.18893430E-11  1.98155716E-08  9.90778580E-23  3.23019380E-10 -1.87429365E-07 -1.37286689E-07 -2.82683169E-08 -2.58659741E-06 -2.56570166E-06 -6.51951170E-11 -3.82699942E-11 -3.49746622E-07 -7.67822356E-10 -9.80299590E-07 -6.83637220E-21  3.35273538E-12 -2.18114332E-09 -1.60370488E-09 -3.48719069E-10 -3.19166567E-08 -2.87335333E-08 -9.68658115E-13 -2.44486147E-13 -5.55469129E-09 -1.28339054E-11 -1.57275317E-08 -9.90778580E-23
  7.00000000E+01  1.00000000E-01 -7.67455015E-05  9.10620860E-06  2.03567732E-06  1.87942767E-05  1.47575093E-05  1.21389007E-06  1.13140921E-04  1.85772100E-05  2.74636182E-06  2.43745095E-06  7.21202777E-05  2.31436318E-05  4.31883990E-11  4.05030283E-07  1.05418841E-08  1.73386251E-09  6.38061405E-07  1.44213153E-06  6.93545006E-11  6.93545006E-14  1.40096091E-08  8.32254007E-10  1.38709001E-06  6.93545006E-21  6.16977129E-13  5.78614691E-09  1.50598344E-10  2.47694645E-11  9.11516293E-09  2.06018790E-08  9.90778580E-13  9.90778580E-16  2.00137273E-10  1.18893430E-11  1.98155716E-08  9.90778580E-23  3.26358829E-10 -1.89605918E-07 -1.38886173E-07 -2.86163240E-08 -2.61844880E-06 -2.59434362E-06 -6.61641454E-11 -3.85114731E-11 -3.55305228E-07 -7.80675505E-10 -9.96048351E-07 -6.93545006E-21  3.32865128E-12 -2.17283308E-09 -1.59604980E-09 -3.47427237E-10 -3.17982407E-08 -2.85675017E-08 -9.69331018E-13 -2.39036960E-13 -5.56175747E-09 -1.28687890E-11 -1.57660783E-08 -9.90778580E-23
  7.10000000E+01  1.00000000E-01 -7.67454976E-05  9.10989521E-06  2.03423605E-06  1.87939548E-05  1.47348905E-05  1.20601434E-06  1.13140921E-04  1.85772098E-05  2.74106527E-06  2.43744997E-06  7.21243061E-05  2.31436318E-05  4.38053762E-11  4.10816430E-07  1.06924824E-08  1.75863198E-09  6.47176568E-07  1.46273341E-06  7.03452792E-11  7.03452792E-14  1.42097464E-08  8.44143350E-10  1.40690558E-06  7.03452792E-21  6.16977129E-13  5.78614691E-09  1.50598344E-10  2.47694645E-11  9.11516293E-09  2.06018790E-08  9.90778580E-13  9.90778580E-16  2.00137273E-10  1.18893430E-11  1.98155716E-08  9.90778580E-23  3.29674461E-10 -1.91774291E-07 -1.40478072E-07 -2.89630491E-08 -2.65018269E-06 -2.62282125E-06 -6.71338456E-11 -3.87475704E-11 -3.60870712E-07 -7.93563157E-10 -1.01183546E-06 -7.03452792E-21  3.30505291E-12 -2.16475740E-09 -1.58852095E-09 -3.46153329E-10 -3.16814826E-08 -2.84045527E-08 -9.70001927E-13 -2.33710360E-13 -5.56848242E-09 -1.29029820E-11 -1.58042684E-08 -9.90778580E-23
  7.20000000E+01  1.00000000E-01 -7.67454937E-05  9.11358951E-06  2.03280223E-06  1.87936341E-05  1.47123875E-05  1.19829988E-06  1.13140921E-04  1.85772096E-05  2.73576192E-06  2.43744896E-06  7.21282966E-05  2.31436318E-05  4.44223533E-11  4.16602577E-07  1.08430808E-08  1.78340144E-09  6.56291731E-07  1.48333528E-06  7.13360577E-11  7.13360577E-14  1.44098837E-08  8.56032693E-10  1.42672115E-06  7.13360577E-21  6.16977129E-13  5.78614691E-09  1.50598344E-10  2.47694645E-11  9.11516293E-09  2.06018790E-08  9.90778580E-13  9.90778580E-16  2.00137273E-10  1.18893430E-11  1.98155716E-08  9.90778580E-23  3.32966758E-10 -1.93934714E-07 -1.42062510E-07 -2.93085100E-08 -2.68180072E-06 -2.65113760E-06 -6.81042156E-11 -3.89784074E-11 -3.66442735E-07 -8.06484625E-10 -1.02766057E-06 -7.13360577E-21  3.28193053E-12 -2.15691114E-09 -1.58111599E-09 -3.44897053E-10 -3.15663565E-08 -2.82446395E-08 -9.70670774E-13 -2.28504032E-13 -5.57486892E-09 -1.29364909E-11 -1.58421047E-08 -9.90778580E-23
  7.30000000E+01  1.00000000E-01 -7.67454899E-05  9.11729124E-06  2.03137575E-06  1.87933146E-05  1.46899988E-05  1.19074369E-06  1.13140921E-04  1.85772094E-05  2.73045208E-06  2.43744792E-06  7.21322494E-05  2.31436318E-05  4.50393304E-11  4.22388724E-07  1.09936791E-08  1.80817091E-09  6.65406894E-07  1.50393716E-06  7.23268363E-11  7.23268363E-14  1.46100209E-08  8.67922036E-10  1.44653673E-06  7.23268363E-21  6.16977129E-13  5.78614691E-09  1.50598344E-10  2.47694645E-11  9.11516293E-09  2.06018790E-08  9.90778580E-13  9.90778580E-16  2.00137273E-10  1.18893430E-11  1.98155716E-08  9.90778580E-23  3.36236190E-10 -1.96087415E-07 -1.43639610E-07 -2.96527243E-08 -2.71330451E-06 -2.67929569E-06 -6.90752532E-11 -3.92041033E-11 -3.72020959E-07 -8.19439229E-10 -1.04352332E-06 -7.23268363E-21  3.25927456E-12 -2.14928925E-09 -1.57383262E-09 -3.43658120E-10 -3.14528367E-08 -2.80877156E-08 -9.71337495E-13 -2.23415688E-13 -5.58091986E-09 -1.29693224E-11 -1.58795899E-08 -9.90778580E-23
  7.40000000E+01  1.00000000E-01 -7.67454860E-05  9.12100016E-06  2.02995649E-06  1.87929964E-05  1.46677227E-05  1.18334280E-06  1.13140921E-04  1.85772091E-05  2.72513606E-06  2.43744684E-06  7.21361650E-05  2.31436318E-05  4.56563075E-11  4.28174871E-07  1.11442775E-08  1.83294037E-09  6.74522057E-07  1.52453904E-06  7.33176149E-11  7.33176149E-14  1.48101582E-08  8.79811379E-10  1.46635230E-06  7.33176149E-21  6.16977129E-13  5.78614691E-09  1.50598344E-10  2.47694645E-11  9.11516293E-09  2.06018790E-08  9.90778580E-13  9.90778580E-16  2.00137273E-10  1.18893430E-11  1.98155716E-08  9.90778580E-23  3.39483217E-10 -1.98232615E-07 -1.45209493E-07 -2.99957090E-08 -2.74469565E-06 -2.70729847E-06 -7.00469564E-11 -3.94247745E-11 -3.77605051E-07 -8.32426294E-10 -1.05942337E-06 -7.33176149E-21  3.23707555E-12 -2.14188680E-09 -1.56666856E-09 -3.42436244E-10 -3.13408979E-08 -2.79337350E-08 -9.72002029E-13 -2.18443068E-13 -5.58663828E-09 -1.30014832E-11 -1.59167265E-08 -9.90778580E-23
  7.50000000E+01  1.00000000E-01 -7.67454822E-05  9.12471603E-06  2.02854433E-06  1.87926794E-05  1.46455577E-05  1.17609429E-06  1.13140921E-04  1.85772089E-05  2.71981417E-06  2.43744573E-06  7.21400435E-05  2.31436318E-05  4.62732847E-11  4.33961018E-07  1.12948758E-08  1.85770984E-09  6.83637220E-07  1.54514092E-06  7.43083935E-11  7.43083935E-14  1.50102955E-08  8.91700722E-10  1.48616787E-06  7.43083935E-21  6.16977129E-13  5.78614691E-09  1.50598344E-10  2.47694645E-11  9.11516293E-09  2.06018790E-08  9.90778580E-13  9.90778580E-16  2.00137273E-10  1.18893430E-11  1.98155716E-08  9.90778580E-23  3.42708293E-10 -2.00370531E-07 -1.46772276E-07 -3.03374810E-08 -2.77597571E-06 -2.73514888E-06 -7.10193228E-11 -3.96405358E-11 -3.83194681E-07 -8.45445155E-10 -1.07536036E-06 -7.43083935E-21  3.21532419E-12 -2.13469895E-09 -1.55962160E-09 -3.41231144E-10 -3.12305151E-08 -2.77826519E-08 -9.72664318E-13 -2.13583937E-13 -5.59202734E-09 -1.30329803E-11 -1.59535174E-08 -9.90778580E-23
  7.60000000E+01  1.00000000E-01 -7.67454784E-05  9.12843862E-06  2.02713916E-06  1.87923636E-05  1.46235023E-05  1.16899530E-06  1.13140921E-04  1.85772087E-05  2.71448671E-06  2.43744459E-06  7.21438855E-05  2.31436318E-05  4.68902618E-11  4.39747165E-07  1.14454742E-08  1.88247930E-09  6.92752383E-07  1.56574280E-06  7.52991721E-11  7.52991721E-14  1.52104328E-08  9.03590065E-10  1.50598344E-06  7.52991721E-21  6.16977129E-13  5.78614691E-09  1.50598344E-10  2.47694645E-11  9.11516293E-09  2.06018790E-08  9.90778580E-13  9.90778580E-16  2.00137273E-10  1.18893430E-11  1.98155716E-08  9.90778580E-23  3.45911859E-10 -2.02501375E-07 -1.48328076E-07 -3.06780571E-08 -2.80714623E-06 -2.76284977E-06 -7.19923503E-11 -3.98514993E-11 -3.88789520E-07 -8.58495152E-10 -1.09133395E-06 -7.52991721E-21  3.19401135E-12 -2.12772101E-09 -1.55268956E-09 -3.40042542E-10 -3.11216635E-08 -2.76344209E-08 -9.73324304E-13 -2.08836091E-13 -5.59709032E-09 -1.30638209E-11 -1.59899652E-08 -9.90778580E-23
  7.70000000E+01  1.00000000E-01 -7.67454746E-05  9.13216770E-06  2.02574085E-06  1.87920490E-05  1.46015548E-05  1.16204299E-06  1.13140921E-04  1.85772085E-05  2.70915400E-06  2.43744342E-06  7.21476912E-05  2.31436318E-05  4.75072389E-11  4.45533312E-07  1.15960725E-08  1.90724877E-09  7.01867546E-07  1.58634468E-06  7.62899506E-11  7.62899506E-14  1.54105700E-08  9.15479408E-10  1.52579901E-06  7.62899506E-21  6.16977129E-13  5.78614691E-09  1.50598344E-10  2.47694645E-11  9.11516293E-09  2.06018790E-08  9.90778580E-13  9.90778580E-16  2.00137273E-10  1.18893430E-11  1.98155716E-08  9.90778580E-23  3.49094350E-10 -2.04625354E-07 -1.49877005E-07 -3.10174535E-08 -2.83820873E-06 -2.79040398E-06 -7.29660365E-11 -4.00577752E-11 -3.94389243E-07 -8.71575631E-10 -1.10734380E-06 -7.62899506E-21  3.17312800E-12 -2.12094834E-09 -1.54587030E-09 -3.38870166E-10 -3.10143186E-08 -2.74889972E-08 -9.73981935E-13 -2.04197352E-13 -5.60183059E-09 -1.30940121E-11 -1.60260728E-08 -9.90778580E-23
  7.80000000E+01  1.00000000E-01 -7.67454709E-05  9.13590304E-06  2.02434930E-06  1.87917355E-05  1.45797139E-05  1.15523457E-06  1.13140922E-04  1.85772083E-05  2.70381632E-06  2.43744222E-06  7.21514610E-05  2.31436318E-05  4.81242161E-11  4.51319459E-07  1.17466708E-08  1.93201823E-09  7.10982709E-07  1.60694656E-06  7.72807292E-11  7.72807292E-14  1.56107073E-08  9.27368751E-10  1.54561458E-06  7.72807292E-21  6.16977129E-13  5.78614691E-09  1.50598344E-10  2.47694645E-11  9.11516293E-09  2.06018790E-08  9.90778580E-13  9.90778580E-16  2.00137273E-10  1.18893430E-11  1.98155716E-08  9.90778580E-23  3.52256189E-10 -2.06742671E-07 -1.51419177E-07 -3.13556863E-08 -2.86916471E-06 -2.81781428E-06 -7.39403791E-11 -4.02594714E-11 -3.99993532E-07 -8.84685948E-10 -1.12338957E-06 -7.72807292E-21  3.15266527E-12 -2.11437645E-09 -1.53916172E-09 -3.37713744E-10 -3.09084562E-08 -2.73463361E-08 -9.74637159E-13 -1.99665571E-13 -5.60625163E-09 -1.31235613E-11 -1.60618429E-08 -9.90778580E-23
  7.90000000E+01  1.00000000E-01 -7.67454671E-05  9.13964442E-06  2.02296440E-06  1.87914232E-05  1.45579781E-05  1.14856732E-06  1.13140922E-04  1.85772081E-05  2.69847398E-06  2.43744099E-06  7.21551952E-05  2.31436318E-05  4.87411932E-11  4.57105606E-07  1.18972692E-08  1.95678769E-09  7.20097872E-07  1.62754844E-06  7.82715078E-11  7.82715078E-14  1.58108446E-08  9.39258094E-10  1.56543016E-06  7.82715078E-21  6.16977129E-13  5.78614691E-09  1.50598344E-10  2.47694645E-11  9.11516293E-09  2.06018790E-08  9.90778580E-13  9.90778580E-16  2.00137273E-10  1.18893430E-11  1.98155716E-08  9.90778580E-23  3.55397793E-10 -2.08853525E-07 -1.52954700E-07 -3.16927714E-08 -2.90001562E-06 -2.84508343E-06 -7.49153754E-11 -4.04566935E-11 -4.05602067E-07 -8.97825465E-10 -1.13947093E-06 -7.82715078E-21  3.13261444E-12 -2.10800094E-09 -1.53256178E-09 -3.36573010E-10 -3.08040527E-08 -2.72063935E-08 -9.75289926E-13 -1.95238628E-13 -5.61035702E-09 -1.31524758E-11 -1.60972784E-08 -9.90778580E-23
  8.00000000E+01  1.00000000E-01 -7.67454634E-05  9.14339165E-06  2.02158604E-06  1.87911121E-05  1.45363458E-05  1.14203854E-06  1.13140922E-04  1.85772079E-05  2.69312727E-06  2.43743973E-06  7.21588942E-05  2.31436318E-05  4.93581703E-11  4.62891752E-07  1.20478675E-08  1.98155716E-09  7.29213035E-07  1.64815032E-06  7.92622864E-11  7.92622864E-14  1.60109818E-08  9.51147436E-10  1.58524573E-06  7.92622864E-21  6.16977129E-13  5.78614691E-09  1.50598344E-10  2.47694645E-11  9.11516293E-09  2.06018790E-08  9.90778580E-13  9.90778580E-16  2.00137273E-10  1.18893430E-11  1.98155716E-08  9.90778580E-23  3.58519568E-10 -2.10958110E-07 -1.54483681E-07 -3.20287242E-08 -2.93076292E-06 -2.87221411E-06 -7.58910232E-11 -4.06495455E-11 -4.11214536E-07 -9.10993550E-10 -1.15558755E-06 -7.92622864E-21  3.11296692E-12 -2.10181749E-09 -1.52606843E-09 -3.35447702E-10 -3.07010843E-08 -2.70691255E-08 -9.75940189E-13 -1.90914431E-13 -5.61415040E-09 -1.31807632E-11 -1.61323821E-08 -9.90778580E-23
  8.10000000E+01  1.00000000E-01 -7.67454597E-05  9.14714450E-06  2.02021411E-06  1.87908020E-05  1.45148158E-05  1.13564557E-06  1.13140922E-04  1.85772077E-05  2.68777648E-06  2.43743845E-06  7.21625582E-05  2.31436318E-05  4.99751474E-11  4.68677899E-07  1.21984659E-08  2.00632662E-09  7.38328198E-07  1.66875220E-06  8.02530650E-11  8.02530650E-14  1.62111191E-08  9.63036779E-10  1.60506130E-06  8.02530650E-21  6.16977129E-13  5.78614691E-09  1.50598344E-10  2.47694645E-11  9.11516293E-09  2.06018790E-08  9.90778580E-13  9.90778580E-16  2.00137273E-10  1.18893430E-11  1.98155716E-08  9.90778580E-23  3.61621914E-10 -2.13056614E-07 -1.56006227E-07 -3.23635601E-08 -2.96140804E-06 -2.89920897E-06 -7.68673199E-11 -4.08381288E-11 -4.16830629E-07 -9.24189581E-10 -1.17173908E-06 -8.02530650E-21  3.09371427E-12 -2.09582189E-09 -1.51967972E-09 -3.34337561E-10 -3.05995278E-08 -2.69344887E-08 -9.76587903E-13 -1.86690915E-13 -5.61763552E-09 -1.32084311E-11 -1.61671568E-08 -9.90778580E-23
  8.20000000E+01  1.00000000E-01 -7.67454560E-05  9.15090277E-06  2.01884852E-06  1.87904930E-05  1.44933865E-05  1.12938582E-06  1.13140922E-04  1.85772076E-05  2.68242191E-06  2.43743714E-06  7.21661877E-05  2.31436318E-05  5.05921246E-11  4.74464046E-07  1.23490642E-08  2.03109609E-09  7.47443361E-07  1.68935407E-06  8.12438435E-11  8.12438435E-14  1.64112564E-08  9.74926122E-10  1.62487687E-06  8.12438435E-21  6.16977129E-13  5.78614691E-09  1.50598344E-10  2.47694645E-11  9.11516293E-09  2.06018790E-08  9.90778580E-13  9.90778580E-16  2.00137273E-10  1.18893430E-11  1.98155716E-08  9.90778580E-23  3.64705220E-10 -2.15149225E-07 -1.57522442E-07 -3.26972941E-08 -2.99195236E-06 -2.92607062E-06 -7.78442628E-11 -4.10225429E-11 -4.22450039E-07 -9.37412943E-10 -1.18792521E-06 -8.12438435E-21  3.07484818E-12 -2.09001005E-09 -1.51339369E-09 -3.33242332E-10 -3.04993603E-08 -2.68024403E-08 -9.77233025E-13 -1.82566047E-13 -5.62081620E-09 -1.32354871E-11 -1.62016054E-08 -9.90778580E-23
  8.30000000E+01  1.00000000E-01 -7.67454524E-05  9.15466627E-06  2.01748915E-06  1.87901852E-05  1.44720567E-05  1.12325670E-06  1.13140922E-04  1.85772074E-05  2.67706383E-06  2.43743579E-06  7.21697829E-05  2.31436318E-05  5.12091017E-11  4.80250193E-07  1.24996626E-08  2.05586555E-09  7.56558523E-07  1.70995595E-06  8.22346221E-11  8.22346221E-14  1.66113937E-08  9.86815465E-10  1.64469244E-06  8.22346221E-21  6.16977129E-13  5.78614691E-09  1.50598344E-10  2.47694645E-11  9.11516293E-09  2.06018790E-08  9.90778580E-13  9.90778580E-16  2.00137273E-10  1.18893430E-11  1.98155716E-08  9.90778580E-23  3.67769869E-10 -2.17236122E-07 -1.59032425E-07 -3.30299409E-08 -3.02239727E-06 -2.95280162E-06 -7.88218494E-11 -4.12028856E-11 -4.28072464E-07 -9.50663028E-10 -1.20414561E-06 -8.22346221E-21  3.05636049E-12 -2.08437794E-09 -1.50720843E-09 -3.32161762E-10 -3.04005590E-08 -2.66729377E-08 -9.77875512E-13 -1.78537820E-13 -5.62369629E-09 -1.32619389E-11 -1.62357307E-08 -9.90778580E-23
  8.40000000E+01  1.00000000E-01 -7.67454487E-05  9.15843480E-06  2.01613592E-06  1.87898784E-05  1.44508249E-05  1.11725571E-06  1.13140922E-04  1.85772072E-05  2.67170254E-06  2.43743443E-06  7.21733441E-05  2.31436318E-05  5.18260788E-11  4.86036340E-07  1.26502609E-08  2.08063502E-09  7.65673686E-07  1.73055783E-06  8.32254007E-11  8.32254007E-14  1.68115309E-08  9.98704808E-10  1.66450801E-06  8.32254007E-21  6.16977129E-13  5.78614691E-09  1.50598344E-10  2.47694645E-11  9.11516293E-09  2.06018790E-08  9.90778580E-13  9.90778580E-16  2.00137273E-10  1.18893430E-11  1.98155716E-08  9.90778580E-23  3.70816235E-10 -2.19317485E-07 -1.60536278E-07 -3.33615151E-08 -3.05274411E-06 -2.97940450E-06 -7.98000770E-11 -4.13792522E-11 -4.33697605E-07 -9.63939237E-10 -1.22039996E-06 -8.32254007E-21  3.03824315E-12 -2.07892163E-09 -1.50112208E-09 -3.31095603E-10 -3.03031016E-08 -2.65459389E-08 -9.78515325E-13 -1.74604259E-13 -5.62627975E-09 -1.32877943E-11 -1.62695356E-08 -9.90778580E-23
  8.50000000E+01  1.00000000E-01 -7.67454451E-05  9.16220817E-06  2.01478872E-06  1.87895726E-05  1.44296899E-05  1.11138037E-06  1.13140922E-04  1.85772070E-05  2.66633830E-06  2.43743304E-06  7.21768717E-05  2.31436318E-05  5.24430560E-11  4.91822487E-07  1.28008592E-08  2.10540448E-09  7.74788849E-07  1.75115971E-06  8.42161793E-11  8.42161793E-14  1.70116682E-08  1.01059415E-09  1.68432359E-06  8.42161793E-21  6.16977129E-13  5.78614691E-09  1.50598344E-10  2.47694645E-11  9.11516293E-09  2.06018790E-08  9.90778580E-13  9.90778580E-16  2.00137273E-10  1.18893430E-11  1.98155716E-08  9.90778580E-23  3.73844683E-10 -2.21393486E-07 -1.62034098E-07 -3.36920309E-08 -3.08299423E-06 -3.00588175E-06 -8.07789430E-11 -4.15517364E-11 -4.39325169E-07 -9.77240976E-10 -1.23668794E-06 -8.42161793E-21  3.02048829E-12 -2.07363731E-09 -1.49513280E-09 -3.30043611E-10 -3.02069661E-08 -2.64214021E-08 -9.79152425E-13 -1.70763416E-13 -5.62857057E-09 -1.33130612E-11 -1.63030228E-08 -9.90778580E-23
  8.60000000E+01  1.00000000E-01 -7.67454415E-05  9.16598621E-06  2.01344746E-06  1.87892679E-05  1.44086502E-05  1.10562822E-06  1.13140922E-04  1.85772069E-05  2.66097140E-06  2.43743162E-06  7.21803659E-05  2.31436318E-05  5.30600331E-11  4.97608634E-07  1.29514576E-08  2.13017395E-09  7.83904012E-07  1.77176159E-06  8.52069579E-11  8.52069579E-14  1.72118055E-08  1.02248349E-09  1.70413916E-06  8.52069579E-21  6.16977129E-13  5.78614691E-09  1.50598344E-10  2.47694645E-11  9.11516293E-09  2.06018790E-08  9.90778580E-13  9.90778580E-16  2.00137273E-10  1.18893430E-11  1.98155716E-08  9.90778580E-23  3.76855573E-10 -2.23464296E-07 -1.63525981E-07 -3.40215025E-08 -3.11314893E-06 -3.03223579E-06 -8.17584445E-11 -4.17204299E-11 -4.44954864E-07 -9.90567662E-10 -1.25300924E-06 -8.52069579E-21  3.00308814E-12 -2.06852121E-09 -1.48923879E-09 -3.29005545E-10 -3.01121305E-08 -2.62992861E-08 -9.79786776E-13 -1.67013371E-13 -5.63057279E-09 -1.33377474E-11 -1.63361952E-08 -9.90778580E-23
  8.70000000E+01  1.00000000E-01 -7.67454379E-05  9.16976872E-06  2.01211204E-06  1.87889643E-05  1.43877047E-05  1.09999687E-06  1.13140922E-04  1.85772067E-05  2.65560211E-06  2.43743018E-06  7.21838272E-05  2.31436318E-05  5.36770102E-11  5.03394781E-07  1.31020559E-08  2.15494341E-09  7.93019175E-07  1.79236347E-06  8.61977364E-11  8.61977364E-14  1.74119428E-08  1.03437284E-09  1.72395473E-06  8.61977364E-21  6.16977129E-13  5.78614691E-09  1.50598344E-10  2.47694645E-11  9.11516293E-09  2.06018790E-08  9.90778580E-13  9.90778580E-16  2.00137273E-10  1.18893430E-11  1.98155716E-08  9.90778580E-23  3.79849253E-10 -2.25530080E-07 -1.65012022E-07 -3.43499435E-08 -3.14320950E-06 -3.05846902E-06 -8.27385789E-11 -4.18854224E-11 -4.50586405E-07 -1.00391872E-09 -1.26936353E-06 -8.61977364E-21  2.98603508E-12 -2.06356969E-09 -1.48343829E-09 -3.27981166E-10 -3.00185734E-08 -2.61795502E-08 -9.80418342E-13 -1.63352236E-13 -5.63229051E-09 -1.33618608E-11 -1.63690556E-08 -9.90778580E-23
  8.80000000E+01  1.00000000E-01 -7.67454343E-05  9.17355553E-06  2.01078236E-06  1.87886616E-05  1.43668521E-05  1.09448398E-06  1.13140922E-04  1.85772065E-05  2.65023070E-06  2.43742871E-06  7.21872558E-05  2.31436318E-05  5.42939873E-11  5.09180928E-07  1.32526543E-08  2.17971288E-09  8.02134338E-07  1.81296535E-06  8.71885150E-11  8.71885150E-14  1.76120800E-08  1.04626218E-09  1.74377030E-06  8.71885150E-21  6.16977129E-13  5.78614691E-09  1.50598344E-10  2.47694645E-11  9.11516293E-09  2.06018790E-08  9.90778580E-13  9.90778580E-16  2.00137273E-10  1.18893430E-11  1.98155716E-08  9.90778580E-23  3.82826068E-10 -2.27591002E-07 -1.66492313E-07 -3.46773675E-08 -3.17317721E-06 -3.08458381E-06 -8.37193433E-11 -4.20468018E-11 -4.56219509E-07 -1.01729358E-09 -1.28575051E-06 -8.71885150E-21  2.96932161E-12 -2.05877916E-09 -1.47772957E-09 -3.26970241E-10 -2.99262737E-08 -2.60621540E-08 -9.81047090E-13 -1.59778148E-13 -5.63372785E-09 -1.33854094E-11 -1.64016068E-08 -9.90778580E-23
  8.90000000E+01  1.00000000E-01 -7.67454308E-05  9.17734648E-06  2.00945835E-06  1.87883600E-05  1.43460911E-05  1.08908720E-06  1.13140922E-04  1.85772064E-05  2.64485743E-06  2.43742722E-06  7.21906520E-05  2.31436318E-05  5.49109645E-11  5.14967075E-07  1.34032526E-08  2.20448234E-09  8.11249501E-07  1.83356723E-06  8.81792936E-11  8.81792936E-14  1.78122173E-08  1.05815152E-09  1.76358587E-06  8.81792936E-21  6.16977129E-13  5.78614691E-09  1.50598344E-10  2.47694645E-11  9.11516293E-09  2.06018790E-08  9.90778580E-13  9.90778580E-16  2.00137273E-10  1.18893430E-11  1.98155716E-08  9.90778580E-23  3.85786353E-10 -2.29647220E-07 -1.67966945E-07 -3.50037880E-08 -3.20305330E-06 -3.11058248E-06 -8.47007349E-11 -4.22046541E-11 -4.61853898E-07 -1.03069168E-09 -1.30216988E-06 -8.81792936E-21  2.95294038E-12 -2.05414615E-09 -1.47211092E-09 -3.25972539E-10 -2.98352102E-08 -2.59470578E-08 -9.81672988E-13 -1.56289278E-13 -5.63488897E-09 -1.34084011E-11 -1.64338516E-08 -9.90778580E-23
  9.00000000E+01  1.00000000E-01 -7.67454272E-05  9.18114140E-06  2.00813991E-06  1.87880593E-05  1.43254204E-05  1.08380428E-06  1.13140922E-04  1.85772062E-05  2.63948257E-06  2.43742571E-06  7.21940161E-05  2.31436318E-05  5.55279416E-11  5.20753221E-07  1.35538510E-08  2.22925180E-09  8.20364664E-07  1.85416911E-06  8.91700722E-11  8.91700722E-14  1.80123546E-08  1.07004087E-09  1.78340144E-06  8.91700722E-21  6.16977129E-13  5.78614691E-09  1.50598344E-10  2.47694645E-11  9.11516293E-09  2.06018790E-08  9.90778580E-13  9.90778580E-16  2.00137273E-10  1.18893430E-11  1.98155716E-08  9.90778580E-23  3.88730436E-10 -2.31698890E-07 -1.69436007E-07 -3.53292178E-08 -3.23283899E-06 -3.13646729E-06 -8.56827508E-11 -4.23590636E-11 -4.67489298E-07 -1.04411247E-09 -1.31862132E-06 -8.91700722E-21  2.93688417E-12 -2.04966724E-09 -1.46658069E-09 -3.24987832E-10 -2.97453625E-08 -2.58342220E-08 -9.82296004E-13 -1.52883821E-13 -5.63577807E-09 -1.34308439E-11 -1.64657929E-08 -9.90778580E-23
  9.10000000E+01  1.00000000E-01 -7.67454237E-05  9.18494011E-06  2.00682695E-06  1.87877596E-05  1.43048390E-05  1.07863297E-06  1.13140922E-04  1.85772061E-05  2.63410637E-06  2.43742417E-06  7.21973485E-05  2.31436318E-05  5.61449187E-11  5.26539368E-07  1.37044493E-08  2.25402127E-09  8.29479827E-07  1.87477099E-06  9.01608507E-11  9.01608508E-14  1.82124919E-08  1.08193021E-09  1.80321701E-06  9.01608507E-21  6.16977129E-13  5.78614691E-09  1.50598344E-10  2.47694645E-11  9.11516293E-09  2.06018790E-08  9.90778580E-13  9.90778580E-16  2.00137273E-10  1.18893430E-11  1.98155716E-08  9.90778580E-23  3.91658638E-10 -2.33746165E-07 -1.70899587E-07 -3.56536701E-08 -3.26253550E-06 -3.16224049E-06 -8.66653881E-11 -4.25101126E-11 -4.73125440E-07 -1.05755540E-09 -1.33510454E-06 -9.01608508E-21  2.92114587E-12 -2.04533910E-09 -1.46113724E-09 -3.24015896E-10 -2.96567101E-08 -2.57236077E-08 -9.82916109E-13 -1.49560004E-13 -5.63639937E-09 -1.34527458E-11 -1.64974332E-08 -9.90778580E-23
  9.20000000E+01  1.00000000E-01 -7.67454202E-05  9.18874247E-06  2.00551938E-06  1.87874609E-05  1.42843456E-05  1.07357107E-06  1.13140922E-04  1.85772059E-05  2.62872909E-06  2.43742262E-06  7.22006494E-05  2.31436318E-05  5.67618959E-11  5.32325515E-07  1.38550477E-08  2.27879073E-09  8.38594990E-07  1.89537286E-06  9.11516293E-11  9.11516293E-14  1.84126291E-08  1.09381955E-09  1.82303259E-06  9.11516293E-21  6.16977129E-13  5.78614691E-09  1.50598344E-10  2.47694645E-11  9.11516293E-09  2.06018790E-08  9.90778580E-13  9.90778580E-16  2.00137273E-10  1.18893430E-11  1.98155716E-08  9.90778580E-23  3.94571274E-10 -2.35789193E-07 -1.72357770E-07 -3.59771573E-08 -3.29214400E-06 -3.18790429E-06 -8.76486439E-11 -4.26578819E-11 -4.78762058E-07 -1.07101994E-09 -1.35161924E-06 -9.11516293E-21  2.90571851E-12 -2.04115849E-09 -1.45577897E-09 -3.23056510E-10 -2.95692330E-08 -2.56151765E-08 -9.83533275E-13 -1.46316081E-13 -5.63675711E-09 -1.34741148E-11 -1.65287755E-08 -9.90778580E-23
  9.30000000E+01  1.00000000E-01 -7.67454167E-05  9.19254831E-06  2.00421713E-06  1.87871632E-05  1.42639390E-05  1.06861642E-06  1.13140922E-04  1.85772058E-05  2.62335099E-06  2.43742104E-06  7.22039191E-05  2.31436318E-05  5.73788730E-11  5.38111662E-07  1.40056460E-08  2.30356020E-09  8.47710153E-07  1.91597474E-06  9.21424079E-11  9.21424079E-14  1.86127664E-08  1.10570889E-09  1.84284816E-06  9.21424079E-21  6.16977129E-13  5.78614691E-09  1.50598344E-10  2.47694645E-11  9.11516293E-09  2.06018790E-08  9.90778580E-13  9.90778580E-16  2.00137273E-10  1.18893430E-11  1.98155716E-08  9.90778580E-23  3.97468650E-10 -2.37828119E-07 -1.73810641E-07 -3.62996919E-08 -3.32166566E-06 -3.21346083E-06 -8.86325152E-11 -4.28024505E-11 -4.84398890E-07 -1.08450557E-09 -1.36816512E-06 -9.21424079E-21  2.89059526E-12 -2.03712221E-09 -1.45050430E-09 -3.22109457E-10 -2.94829114E-08 -2.55088902E-08 -9.84147475E-13 -1.43150336E-13 -5.63685554E-09 -1.34949588E-11 -1.65598224E-08 -9.90778580E-23
  9.40000000E+01  1.00000000E-01 -7.67454132E-05  9.19635749E-06  2.00292010E-06  1.87868663E-05  1.42436181E-05  1.06376689E-06  1.13140922E-04  1.85772056E-05  2.61797230E-06  2.43741944E-06  7.22071579E-05  2.31436318E-05  5.79958501E-11  5.43897809E-07  1.41562443E-08  2.32832966E-09  8.56825316E-07  1.93657662E-06  9.31331865E-11  9.31331865E-14  1.88129037E-08  1.11759824E-09  1.86266373E-06  9.31331865E-21  6.16977129E-13  5.78614691E-09  1.50598344E-10  2.47694645E-11  9.11516293E-09  2.06018790E-08  9.90778580E-13  9.90778580E-16  2.00137273E-10  1.18893430E-11  1.98155716E-08  9.90778580E-23  4.00351066E-10 -2.39863088E-07 -1.75258283E-07 -3.66212861E-08 -3.35110163E-06 -3.23891225E-06 -8.96169991E-11 -4.29438955E-11 -4.90035680E-07 -1.09801175E-09 -1.38474188E-06 -9.31331865E-21  2.87576940E-12 -2.03322718E-09 -1.44531170E-09 -3.21174523E-10 -2.93977257E-08 -2.54047114E-08 -9.84758683E-13 -1.40061079E-13 -5.63669894E-09 -1.35152859E-11 -1.65905766E-08 -9.90778580E-23
  9.50000000E+01  1.00000000E-01 -7.67454098E-05  9.20016986E-06  2.00162823E-06  1.87865704E-05  1.42233818E-05  1.05902040E-06  1.13140922E-04  1.85772055E-05  2.61259328E-06  2.43741782E-06  7.22103661E-05  2.31436318E-05  5.86128273E-11  5.49683956E-07  1.43068427E-08  2.35309913E-09  8.65940479E-07  1.95717850E-06  9.41239651E-11  9.41239651E-14  1.90130409E-08  1.12948758E-09  1.88247930E-06  9.41239651E-21  6.16977129E-13  5.78614691E-09  1.50598344E-10  2.47694645E-11  9.11516293E-09  2.06018790E-08  9.90778580E-13  9.90778580E-16  2.00137273E-10  1.18893430E-11  1.98155716E-08  9.90778580E-23  4.03218818E-10 -2.41894237E-07 -1.76700776E-07 -3.69419520E-08 -3.38045302E-06 -3.26426063E-06 -9.06020925E-11 -4.30822925E-11 -4.95672176E-07 -1.11153798E-09 -1.40134923E-06 -9.41239651E-21  2.86123434E-12 -2.02947037E-09 -1.44019966E-09 -3.20251497E-10 -2.93136567E-08 -2.53026029E-08 -9.85366875E-13 -1.37046652E-13 -5.63629159E-09 -1.35351040E-11 -1.66210409E-08 -9.90778580E-23
  9.60000000E+01  1.00000000E-01 -7.67454063E-05  9.20409048E-06  2.00034145E-06  1.87862755E-05  1.42032288E-05  1.05437486E-06  1.13140922E-04  1.85772054E-05  2.60731926E-06  2.43741622E-06  7.22135440E-05  2.31436318E-05  5.92298044E-11  5.55470103E-07  1.44574410E-08  2.37786859E-09  8.75055642E-07  1.97778038E-06  9.51147436E-11  9.51147436E-14  1.92131782E-08  1.14137692E-09  1.90229487E-06  9.51147436E-21  6.16977129E-13  5.78614691E-09  1.50598344E-10  2.47694645E-11  9.11516293E-09  2.06018790E-08  9.90778580E-13  9.90778580E-16  2.00137273E-10  1.18893430E-11  1.98155716E-08  9.90778580E-23  4.06072230E-10 -2.43921697E-07 -1.78138201E-07 -3.72617007E-08 -3.40972089E-06 -3.28950807E-06 -9.15877898E-11 -4.32177232E-11 -5.01308154E-07 -1.12508370E-09 -1.41798689E-06 -9.51147436E-21  2.84708561E-12 -2.02582310E-09 -1.43516047E-09 -3.19337781E-10 -2.92304542E-08 -2.52026718E-08 -9.85965147E-13 -1.34125437E-13 -5.63571667E-09 -1.35543165E-11 -1.66512179E-08 -9.90778580E-23
  9.70000000E+01  1.00000000E-01 -7.67454030E-05  9.20811728E-06  1.99905971E-06  1.87859814E-05  1.41831584E-05  1.04982806E-06  1.13140922E-04  1.85772052E-05  2.60214843E-06  2.43741462E-06  7.22166919E-05  2.31436318E-05  5.98467815E-11  5.61256250E-07  1.46080394E-08  2.40263806E-09  8.84170804E-07  1.99838226E-06  9.61055222E-11  9.61055222E-14  1.94133155E-08  1.15326627E-09  1.92211044E-06  9.61055222E-21  6.16977129E-13  5.78614691E-09  1.50598344E-10  2.47694645E-11  9.11516293E-09  2.06018790E-08  9.90778580E-13  9.90778580E-16  2.00137273E-10  1.18893430E-11  1.98155716E-08  9.90778580E-23  4.08911625E-10 -2.45945563E-07 -1.79570609E-07 -3.75805396E-08 -3.43890593E-06 -3.31465679E-06 -9.25740868E-11 -4.33502672E-11 -5.06943463E-07 -1.13864847E-09 -1.43465458E-06 -9.61055222E-21  2.83313905E-12 -2.02228367E-09 -1.43016784E-09 -3.18432584E-10 -2.91480557E-08 -2.51048660E-08 -9.86568501E-13 -1.31259556E-13 -5.63494042E-09 -1.35732618E-11 -1.66811103E-08 -9.90778580E-23
  9.80000000E+01  1.00000000E-01 -7.67453996E-05  9.21214417E-06  1.99778292E-06  1.87856883E-05  1.41631699E-05  1.04537798E-06  1.13140922E-04  1.85772051E-05  2.59697511E-06  2.43741301E-06  7.22198100E-05  2.31436318E-05  6.04637586E-11  5.67042397E-07  1.47586377E-08  2.42740752E-09  8.93285967E-07  2.01898414E-06  9.70963008E-11  9.70963008E-14  1.96134528E-08  1.16515561E-09  1.94192602E-06  9.70963008E-21  6.16977129E-13  5.78614691E-09  1.50598344E-10  2.47694645E-11  9.11516293E-09  2.06018790E-08  9.90778580E-13  9.90778580E-16  2.00137273E-10  1.18893430E-11  1.98155716E-08  9.90778580E-23  4.11737216E-10 -2.47965959E-07 -1.80998068E-07 -3.78984798E-08 -3.46800918E-06 -3.33970877E-06 -9.35609856E-11 -4.34799820E-11 -5.12577873E-07 -1.15223194E-09 -1.45135200E-06 -9.70963008E-21  2.81945705E-12 -2.01886979E-09 -1.42525364E-09 -3.17538912E-10 -2.90667423E-08 -2.50090130E-08 -9.87168437E-13 -1.28461284E-13 -5.63394256E-09 -1.35917493E-11 -1.67107207E-08 -9.90778580E-23
  9.90000000E+01  1.00000000E-01 -7.67453962E-05  9.21617105E-06  1.99651101E-06  1.87853960E-05  1.41432621E-05  1.04102269E-06  1.13140922E-04  1.85772050E-05  2.59179956E-06  2.43741138E-06  7.22228987E-05  2.31436318E-05  6.10807358E-11  5.72828544E-07  1.49092361E-08  2.45217698E-09  9.02401130E-07  2.03958602E-06  9.80870794E-11  9.80870794E-14  1.98135900E-08  1.17704495E-09  1.96174159E-06  9.80870794E-21  6.16977129E-13  5.78614691E-09  1.50598344E-10  2.47694645E-11  9.11516293E-09  2.06018790E-08  9.90778580E-13  9.90778580E-16  2.00137273E-10  1.18893430E-11  1.98155716E-08  9.90778580E-23  4.14549273E-10 -2.49983009E-07 -1.82420654E-07 -3.82155324E-08 -3.49703169E-06 -3.36466597E-06 -9.45484823E-11 -4.36069361E-11 -5.18211161E-07 -1.16583363E-09 -1.46807887E-06 -9.80870794E-21  2.80604121E-12 -2.01558084E-09 -1.42041622E-09 -3.16656440E-10 -2.89864809E-08 -2.49150854E-08 -9.87764729E-13 -1.25731100E-13 -5.63271941E-09 -1.36097638E-11 -1.67400518E-08 -9.90778580E-23
  1.00000000E+02  1.00000000E-01 -7.67453929E-05  9.22019782E-06  1.99524389E-06  1.87851046E-05  1.41234340E-05  1.03676029E-06  1.13140922E-04  1.85772049E-05  2.58662203E-06  2.43740973E-06  7.22259583E-05  2.31436318E-05  6.16977129E-11  5.78614691E-07  1.50598344E-08  2.47694645E-09  9.11516293E-07  2.06018790E-06  9.90778580E-11  9.90778580E-14  2.00137273E-08  1.18893430E-09  1.98155716E-06  9.90778580E-21  6.16977129E-13  5.78614691E-09  1.50598344E-10  2.47694645E-11  9.11516293E-09  2.06018790E-08  9.90778580E-13  9.90778580E-16  2.00137273E-10  1.18893430E-11  1.98155716E-08  9.90778580E-23  4.17348057E-10 -2.51996839E-07 -1.83838445E-07 -3.85317086E-08 -3.52597451E-06 -3.38953028E-06 -9.55365735E-11 -4.37311969E-11 -5.23843102E-07 -1.17945309E-09 -1.48483493E-06 -9.90778580E-21  2.79288480E-12 -2.01241524E-09 -1.41565284E-09 -3.15784892E-10 -2.89072459E-08 -2.48230527E-08 -9.88357767E-13 -1.23067624E-13 -5.63127048E-09 -1.36273120E-11 -1.67691060E-08 -9.90778580E-23
  1.01000000E+02  1.00000000E-01 -7.67453896E-05  9.22422037E-06  1.99398148E-06  1.87848141E-05  1.41036846E-05  1.03258884E-06  1.13140922E-04  1.85772047E-05  2.58143873E-06  2.43740806E-06  7.22289889E-05  2.31436318E-05  6.23146900E-11  5.84400837E-07  1.52104328E-08  2.50171591E-09  9.20631456E-07  2.08078977E-06  1.00068637E-10  1.00068637E-13  2.02138646E-08  1.20082364E-09  2.00137273E-06  1.00068637E-20  6.16977129E-13  5.78614691E-09  1.50598344E-10  2.47694645E-11  9.11516293E-09  2.06018790E-08  9.90778580E-13  9.90778580E-16  2.00137273E-10  1.18893430E-11  1.98155716E-08  9.90778580E-23  4.20133818E-10 -2.54007562E-07 -1.85251517E-07 -3.88470189E-08 -3.55483862E-06 -3.41430362E-06 -9.65252554E-11 -4.38528259E-11 -5.29473499E-07 -1.19308980E-09 -1.50161988E-06 -1.00068637E-20  2.77995603E-12 -2.00933294E-09 -1.41098412E-09 -3.14922618E-10 -2.88288891E-08 -2.47330212E-08 -9.88944963E-13 -1.20450474E-13 -5.62973067E-09 -1.36442303E-11 -1.67978861E-08 -9.90778580E-23
  1.02000000E+02  1.00000000E-01 -7.67453863E-05  9.22822630E-06  1.99272369E-06  1.87845244E-05  1.40840135E-05  1.02850601E-06  1.13140922E-04  1.85772046E-05  2.57623719E-06  2.43740637E-06  7.22319909E-05  2.31436318E-05  6.29316672E-11  5.90186984E-07  1.53610311E-08  2.52648538E-09  9.29746619E-07  2.10139165E-06  1.01059415E-10  1.01059415E-13  2.04140019E-08  1.21271298E-09  2.02118830E-06  1.01059415E-20  6.16977129E-13  5.78614691E-09  1.50598344E-10  2.47694645E-11  9.11516293E-09  2.06018790E-08  9.90778580E-13  9.90778580E-16  2.00137273E-10  1.18893430E-11  1.98155716E-08  9.90778580E-23  4.22906817E-10 -2.56015192E-07 -1.86659949E-07 -3.91614671E-08 -3.58362441E-06 -3.43898823E-06 -9.75145206E-11 -4.39718681E-11 -5.35102456E-07 -1.20674321E-09 -1.51843347E-06 -1.01059415E-20  2.76735039E-12 -2.00626112E-09 -1.40633515E-09 -3.14061215E-10 -2.87506233E-08 -2.46452817E-08 -9.89529367E-13 -1.17907032E-13 -5.62825522E-09 -1.36609733E-11 -1.68263946E-08 -9.90778580E-23
  1.03000000E+02  1.00000000E-01 -7.67453830E-05  9.23222642E-06  1.99147055E-06  1.87842356E-05  1.40644203E-05  1.02450994E-06  1.13140922E-04  1.85772045E-05  2.57102849E-06  2.43740466E-06  7.22349645E-05  2.31436318E-05  6.35486443E-11  5.95973131E-07  1.55116294E-08  2.55125484E-09  9.38861782E-07  2.12199353E-06  1.02050194E-10  1.02050194E-13  2.06141391E-08  1.22460232E-09  2.04100387E-06  1.02050194E-20  6.16977129E-13  5.78614691E-09  1.50598344E-10  2.47694645E-11  9.11516293E-09  2.06018790E-08  9.90778580E-13  9.90778580E-16  2.00137273E-10  1.18893430E-11  1.98155716E-08  9.90778580E-23  4.25667350E-10 -2.58019826E-07 -1.88063734E-07 -3.94750589E-08 -3.61233240E-06 -3.46358610E-06 -9.85043728E-11 -4.40884126E-11 -5.40729757E-07 -1.22041331E-09 -1.53527542E-06 -1.02050194E-20  2.75499147E-12 -2.00331969E-09 -1.40170829E-09 -3.13209278E-10 -2.86732428E-08 -2.45593354E-08 -9.90115606E-13 -1.15438985E-13 -5.62648956E-09 -1.36775207E-11 -1.68546340E-08 -9.90778580E-23
  1.04000000E+02  1.00000000E-01 -7.67453797E-05  9.23622010E-06  1.99022200E-06  1.87839477E-05  1.40449038E-05  1.02059884E-06  1.13140922E-04  1.85772044E-05  2.56581238E-06  2.43740292E-06  7.22379100E-05  2.31436318E-05  6.41656214E-11  6.01759278E-07  1.56622278E-08  2.57602431E-09  9.47976945E-07  2.14259541E-06  1.03040972E-10  1.03040972E-13  2.08142764E-08  1.23649167E-09  2.06081945E-06  1.03040972E-20  6.16977129E-13  5.78614691E-09  1.50598344E-10  2.47694645E-11  9.11516293E-09  2.06018790E-08  9.90778580E-13  9.90778580E-16  2.00137273E-10  1.18893430E-11  1.98155716E-08  9.90778580E-23  4.28415655E-10 -2.60021581E-07 -1.89462929E-07 -3.97878044E-08 -3.64096353E-06 -3.48809899E-06 -9.94948086E-11 -4.42025228E-11 -5.46355179E-07 -1.23409973E-09 -1.55214546E-06 -1.03040972E-20  2.74286999E-12 -2.00049118E-09 -1.39714891E-09 -3.12367576E-10 -2.85968243E-08 -2.44751535E-08 -9.90697302E-13 -1.13032209E-13 -5.62451677E-09 -1.36936361E-11 -1.68826068E-08 -9.90778580E-23
  1.05000000E+02  1.00000000E-01 -7.67453764E-05  9.24020753E-06  1.98897797E-06  1.87836605E-05  1.40254634E-05  1.01677097E-06  1.13140922E-04  1.85772043E-05  2.56058932E-06  2.43740117E-06  7.22408277E-05  2.31436318E-05  6.47825985E-11  6.07545425E-07  1.58128261E-08  2.60079377E-09  9.57092108E-07  2.16319729E-06  1.04031751E-10  1.04031751E-13  2.10144137E-08  1.24838101E-09  2.08063502E-06  1.04031751E-20  6.16977129E-13  5.78614691E-09  1.50598344E-10  2.47694645E-11  9.11516293E-09  2.06018790E-08  9.90778580E-13  9.90778580E-16  2.00137273E-10  1.18893430E-11  1.98155716E-08  9.90778580E-23  4.31151967E-10 -2.62020568E-07 -1.90857602E-07 -4.00997138E-08 -3.66951877E-06 -3.51252865E-06 -1.00485824E-10 -4.43142593E-11 -5.51978515E-07 -1.24780203E-09 -1.56904333E-06 -1.04031751E-20  2.73098060E-12 -1.99777340E-09 -1.39265710E-09 -3.11535876E-10 -2.85213474E-08 -2.43927056E-08 -9.91275245E-13 -1.10685176E-13 -5.62234048E-09 -1.37093259E-11 -1.69103156E-08 -9.90778580E-23
  1.06000000E+02  1.00000000E-01 -7.67453731E-05  9.24418882E-06  1.98773839E-06  1.87833742E-05  1.40060978E-05  1.01302460E-06  1.13140922E-04  1.85772042E-05  2.55535977E-06  2.43739941E-06  7.22437178E-05  2.31436318E-05  6.53995757E-11  6.13331572E-07  1.59634245E-08  2.62556324E-09  9.66207271E-07  2.18379917E-06  1.05022529E-10  1.05022529E-13  2.12145509E-08  1.26027035E-09  2.10045059E-06  1.05022529E-20  6.16977129E-13  5.78614691E-09  1.50598344E-10  2.47694645E-11  9.11516293E-09  2.06018790E-08  9.90778580E-13  9.90778580E-16  2.00137273E-10  1.18893430E-11  1.98155716E-08  9.90778580E-23  4.33876515E-10 -2.64016898E-07 -1.92247820E-07 -4.04107968E-08 -3.69799903E-06 -3.53687681E-06 -1.01477416E-10 -4.44236809E-11 -5.57599565E-07 -1.26151979E-09 -1.58596876E-06 -1.05022529E-20  2.71931745E-12 -1.99516442E-09 -1.38823147E-09 -3.10713986E-10 -2.84467950E-08 -2.43119599E-08 -9.91849818E-13 -1.08396459E-13 -5.61996323E-09 -1.37245979E-11 -1.69377627E-08 -9.90778580E-23
  1.07000000E+02  1.00000000E-01 -7.67453698E-05  9.24816407E-06  1.98650320E-06  1.87830887E-05  1.39868064E-05  1.00935807E-06  1.13140922E-04  1.85772041E-05  2.55012413E-06  2.43739762E-06  7.22465807E-05  2.31436318E-05  6.60165528E-11  6.19117719E-07  1.61140228E-08  2.65033270E-09  9.75322434E-07  2.20440105E-06  1.06013308E-10  1.06013308E-13  2.14146882E-08  1.27215970E-09  2.12026616E-06  1.06013308E-20  6.16977129E-13  5.78614691E-09  1.50598344E-10  2.47694645E-11  9.11516293E-09  2.06018790E-08  9.90778580E-13  9.90778580E-16  2.00137273E-10  1.18893430E-11  1.98155716E-08  9.90778580E-23  4.36589521E-10 -2.66010677E-07 -1.93633648E-07 -4.07210633E-08 -3.72640525E-06 -3.56114514E-06 -1.02469580E-10 -4.45308453E-11 -5.63218128E-07 -1.27525260E-09 -1.60292150E-06 -1.06013308E-20  2.70787502E-12 -1.99266236E-09 -1.38387089E-09 -3.09901752E-10 -2.83731530E-08 -2.42328823E-08 -9.92421140E-13 -1.06164686E-13 -5.61738771E-09 -1.37394585E-11 -1.69649507E-08 -9.90778580E-23
  1.08000000E+02  1.00000000E-01 -7.67453666E-05  9.25213337E-06  1.98527233E-06  1.87828041E-05  1.39675881E-05  1.00576971E-06  1.13140922E-04  1.85772040E-05  2.54488277E-06  2.43739581E-06  7.22494165E-05  2.31436318E-05  6.66335299E-11  6.24903866E-07  1.62646212E-08  2.67510217E-09  9.84437597E-07  2.22500293E-06  1.07004087E-10  1.07004087E-13  2.16148255E-08  1.28404904E-09  2.14008173E-06  1.07004087E-20  6.16977129E-13  5.78614691E-09  1.50598344E-10  2.47694645E-11  9.11516293E-09  2.06018790E-08  9.90778580E-13  9.90778580E-16  2.00137273E-10  1.18893430E-11  1.98155716E-08  9.90778580E-23  4.39291203E-10 -2.68002013E-07 -1.95015150E-07 -4.10305227E-08 -3.75473832E-06 -3.58533530E-06 -1.03462314E-10 -4.46358085E-11 -5.68834007E-07 -1.28900004E-09 -1.61990128E-06 -1.07004087E-20  2.69664791E-12 -1.99026557E-09 -1.37957445E-09 -3.09099050E-10 -2.83004101E-08 -2.41554371E-08 -9.92989243E-13 -1.03988520E-13 -5.61461616E-09 -1.37539129E-11 -1.69918819E-08 -9.90778580E-23
  1.09000000E+02  1.00000000E-01 -7.67453633E-05  9.25609677E-06  1.98404572E-06  1.87825202E-05  1.39484421E-05  1.00225791E-06  1.13140922E-04  1.85772039E-05  2.53963606E-06  2.43739399E-06  7.22522255E-05  2.31436318E-05  6.72505071E-11  6.30690013E-07  1.64152195E-08  2.69987163E-09  9.93552760E-07  2.24560481E-06  1.07994865E-10  1.07994865E-13  2.18149628E-08  1.29593838E-09  2.15989730E-06  1.07994865E-20  6.16977129E-13  5.78614691E-09  1.50598344E-10  2.47694645E-11  9.11516293E-09  2.06018790E-08  9.90778580E-13  9.90778580E-16  2.00137273E-10  1.18893430E-11  1.98155716E-08  9.90778580E-23  4.41981775E-10 -2.69991009E-07 -1.96392391E-07 -4.13391847E-08 -3.78299914E-06 -3.60944889E-06 -1.04455614E-10 -4.47386256E-11 -5.74447008E-07 -1.30276172E-09 -1.63690786E-06 -1.07994865E-20  2.68563079E-12 -1.98797271E-09 -1.37534144E-09 -3.08305783E-10 -2.82285574E-08 -2.40795865E-08 -9.93554133E-13 -1.01866653E-13 -5.61165014E-09 -1.37679654E-11 -1.70185589E-08 -9.90778580E-23
  1.10000000E+02  1.00000000E-01 -7.67453601E-05  9.26005432E-06  1.98282331E-06  1.87822371E-05  1.39293675E-05  9.98821112E-07  1.13140922E-04  1.85772038E-05  2.53438435E-06  2.43739216E-06  7.22550079E-05  2.31436318E-05  6.78674842E-11  6.36476160E-07  1.65658179E-08  2.72464109E-09  1.00266792E-06  2.26620669E-06  1.08985644E-10  1.08985644E-13  2.20151000E-08  1.30782773E-09  2.17971288E-06  1.08985644E-20  6.16977129E-13  5.78614691E-09  1.50598344E-10  2.47694645E-11  9.11516293E-09  2.06018790E-08  9.90778580E-13  9.90778580E-16  2.00137273E-10  1.18893430E-11  1.98155716E-08  9.90778580E-23  4.44661442E-10 -2.71977769E-07 -1.97765434E-07 -4.16470586E-08 -3.81118859E-06 -3.63348748E-06 -1.05449477E-10 -4.48393501E-11 -5.80056936E-07 -1.31653722E-09 -1.65394097E-06 -1.08985644E-20  2.67481832E-12 -1.98578273E-09 -1.37117131E-09 -3.07521881E-10 -2.81575888E-08 -2.40052912E-08 -9.94115805E-13 -9.97977923E-14 -5.60849040E-09 -1.37816191E-11 -1.70449839E-08 -9.90778580E-23
  1.11000000E+02  1.00000000E-01 -7.67453568E-05  9.26400605E-06  1.98160503E-06  1.87819548E-05  1.39103634E-05  9.95457769E-07  1.13140922E-04  1.85772037E-05  2.52912796E-06  2.43739030E-06  7.22577641E-05  2.31436318E-05  6.84844613E-11  6.42262306E-07  1.67164162E-08  2.74941056E-09  1.01178309E-06  2.28680856E-06  1.09976422E-10  1.09976422E-13  2.22152373E-08  1.31971707E-09  2.19952845E-06  1.09976422E-20  6.16977129E-13  5.78614691E-09  1.50598344E-10  2.47694645E-11  9.11516293E-09  2.06018790E-08  9.90778580E-13  9.90778580E-16  2.00137273E-10  1.18893430E-11  1.98155716E-08  9.90778580E-23  4.47330407E-10 -2.73962395E-07 -1.99134341E-07 -4.19541537E-08 -3.83930756E-06 -3.65745262E-06 -1.06443901E-10 -4.49380342E-11 -5.85663598E-07 -1.33032617E-09 -1.67100037E-06 -1.09976422E-20  2.66420517E-12 -1.98369493E-09 -1.36706367E-09 -3.06747301E-10 -2.80875002E-08 -2.39325102E-08 -9.94674250E-13 -9.77806688E-14 -5.60513693E-09 -1.37948762E-11 -1.70711594E-08 -9.90778580E-23
  1.12000000E+02  1.00000000E-01 -7.67453536E-05  9.26795199E-06  1.98039082E-06  1.87816732E-05  1.38914289E-05  9.92166396E-07  1.13140922E-04  1.85772036E-05  2.52386720E-06  2.43738844E-06  7.22604942E-05  2.31436318E-05  6.91014384E-11  6.48048453E-07  1.68670145E-08  2.77418002E-09  1.02089825E-06  2.30741044E-06  1.10967201E-10  1.10967201E-13  2.24153746E-08  1.33160641E-09  2.21934402E-06  1.10967201E-20  6.16977129E-13  5.78614691E-09  1.50598344E-10  2.47694645E-11  9.11516293E-09  2.06018790E-08  9.90778580E-13  9.90778580E-16  2.00137273E-10  1.18893430E-11  1.98155716E-08  9.90778580E-23  4.49988866E-10 -2.75944989E-07 -2.00499175E-07 -4.22604793E-08 -3.86735692E-06 -3.68134579E-06 -1.07438880E-10 -4.50347291E-11 -5.91266800E-07 -1.34412815E-09 -1.68808581E-06 -1.10967201E-20  2.65378602E-12 -1.98170889E-09 -1.36301831E-09 -3.05982023E-10 -2.80182901E-08 -2.38612013E-08 -9.95229456E-13 -9.58140308E-14 -5.60158897E-09 -1.38077379E-11 -1.70970877E-08 -9.90778580E-23
  1.13000000E+02  1.00000000E-01 -7.67453504E-05  9.27189212E-06  1.97918063E-06  1.87813924E-05  1.38725631E-05  9.88945542E-07  1.13140922E-04  1.85772035E-05  2.51860237E-06  2.43738655E-06  7.22631986E-05  2.31436318E-05  6.97184156E-11  6.53834600E-07  1.70176129E-08  2.79894949E-09  1.03001341E-06  2.32801232E-06  1.11957980E-10  1.11957980E-13  2.26155119E-08  1.34349575E-09  2.23915959E-06  1.11957980E-20  6.16977129E-13  5.78614691E-09  1.50598344E-10  2.47694645E-11  9.11516293E-09  2.06018790E-08  9.90778580E-13  9.90778580E-16  2.00137273E-10  1.18893430E-11  1.98155716E-08  9.90778580E-23  4.52637010E-10 -2.77925653E-07 -2.01859997E-07 -4.25660448E-08 -3.89533756E-06 -3.70516844E-06 -1.08434414E-10 -4.51294846E-11 -5.96866346E-07 -1.35794278E-09 -1.70519705E-06 -1.11957980E-20  2.64355558E-12 -1.97982444E-09 -1.35903510E-09 -3.05226048E-10 -2.79499587E-08 -2.37913215E-08 -9.95781409E-13 -9.38966480E-14 -5.59784519E-09 -1.38202047E-11 -1.71227711E-08 -9.90778580E-23
  1.14000000E+02  1.00000000E-01 -7.67453471E-05  9.27582642E-06  1.97797438E-06  1.87811124E-05  1.38537652E-05  9.85793802E-07  1.13140922E-04  1.85772034E-05  2.51333374E-06  2.43738465E-06  7.22658774E-05  2.31436318E-05  7.03353927E-11  6.59620747E-07  1.71682112E-08  2.82371895E-09  1.03912857E-06  2.34861420E-06  1.12948758E-10  1.12948758E-13  2.28156491E-08  1.35538510E-09  2.25897516E-06  1.12948758E-20  6.16977129E-13  5.78614691E-09  1.50598344E-10  2.47694645E-11  9.11516293E-09  2.06018790E-08  9.90778580E-13  9.90778580E-16  2.00137273E-10  1.18893430E-11  1.98155716E-08  9.90778580E-23  4.55275024E-10 -2.79904488E-07 -2.03216871E-07 -4.28708594E-08 -3.92325034E-06 -3.72892198E-06 -1.09430497E-10 -4.52223492E-11 -6.02462040E-07 -1.37176965E-09 -1.72233383E-06 -1.12948758E-20  2.63350861E-12 -1.97804157E-09 -1.35511401E-09 -3.04479388E-10 -2.78825073E-08 -2.37228278E-08 -9.96330093E-13 -9.20273134E-14 -5.59390391E-09 -1.38322767E-11 -1.71482119E-08 -9.90778580E-23
  1.15000000E+02  1.00000000E-01 -7.67453439E-05  9.27975485E-06  1.97677201E-06  1.87808331E-05  1.38350343E-05  9.82709815E-07  1.13140922E-04  1.85772033E-05  2.50806157E-06  2.43738274E-06  7.22685308E-05  2.31436318E-05  7.09523698E-11  6.65406894E-07  1.73188096E-08  2.84848842E-09  1.04824374E-06  2.36921608E-06  1.13939537E-10  1.13939537E-13  2.30157864E-08  1.36727444E-09  2.27879073E-06  1.13939537E-20  6.16977129E-13  5.78614691E-09  1.50598344E-10  2.47694645E-11  9.11516293E-09  2.06018790E-08  9.90778580E-13  9.90778580E-16  2.00137273E-10  1.18893430E-11  1.98155716E-08  9.90778580E-23  4.57903091E-10 -2.81881597E-07 -2.04569857E-07 -4.31749325E-08 -3.95109616E-06 -3.75260777E-06 -1.10427128E-10 -4.53133703E-11 -6.08053683E-07 -1.38560839E-09 -1.73949592E-06 -1.13939537E-20  2.62363996E-12 -1.97636032E-09 -1.35125504E-09 -3.03742061E-10 -2.78159378E-08 -2.36556778E-08 -9.96875491E-13 -9.02048471E-14 -5.58976341E-09 -1.38439539E-11 -1.71734124E-08 -9.90778580E-23
  1.16000000E+02  1.00000000E-01 -7.67453407E-05  9.28367734E-06  1.97557347E-06  1.87805546E-05  1.38163695E-05  9.79692257E-07  1.13140922E-04  1.85772032E-05  2.50278609E-06  2.43738082E-06  7.22711592E-05  2.31436318E-05  7.15693470E-11  6.71193041E-07  1.74694079E-08  2.87325788E-09  1.05735890E-06  2.38981796E-06  1.14930315E-10  1.14930315E-13  2.32159237E-08  1.37916378E-09  2.29860630E-06  1.14930315E-20  6.16977129E-13  5.78614691E-09  1.50598344E-10  2.47694645E-11  9.11516293E-09  2.06018790E-08  9.90778580E-13  9.90778580E-16  2.00137273E-10  1.18893430E-11  1.98155716E-08  9.90778580E-23  4.60521384E-10 -2.83857080E-07 -2.05919019E-07 -4.34782734E-08 -3.97887590E-06 -3.77622712E-06 -1.11424301E-10 -4.54025942E-11 -6.13641075E-07 -1.39945858E-09 -1.75668308E-06 -1.14930315E-20  2.61394467E-12 -1.97478065E-09 -1.34745811E-09 -3.03014072E-10 -2.77502508E-08 -2.35898310E-08 -9.97417584E-13 -8.84280994E-14 -5.58542232E-09 -1.38552367E-11 -1.71983750E-08 -9.90778580E-23
  1.17000000E+02  1.00000000E-01 -7.67453376E-05  9.28759381E-06  1.97437869E-06  1.87802767E-05  1.37977699E-05  9.76739848E-07  1.13140922E-04  1.85772031E-05  2.49750753E-06  2.43737888E-06  7.22737628E-05  2.31436318E-05  7.21863241E-11  6.76979188E-07  1.76200063E-08  2.89802735E-09  1.06647406E-06  2.41041984E-06  1.15921094E-10  1.15921094E-13  2.34160610E-08  1.39105313E-09  2.31842188E-06  1.15921094E-20  6.16977129E-13  5.78614691E-09  1.50598344E-10  2.47694645E-11  9.11516293E-09  2.06018790E-08  9.90778580E-13  9.90778580E-16  2.00137273E-10  1.18893430E-11  1.98155716E-08  9.90778580E-23  4.63130076E-10 -2.85831039E-07 -2.07264417E-07 -4.37808914E-08 -4.00659044E-06 -3.79978133E-06 -1.12422016E-10 -4.54900660E-11 -6.19224016E-07 -1.41331984E-09 -1.77389508E-06 -1.15921094E-20  2.60441797E-12 -1.97330225E-09 -1.34372302E-09 -3.02295406E-10 -2.76854450E-08 -2.35252497E-08 -9.97956355E-13 -8.66959548E-14 -5.58088005E-09 -1.38661266E-11 -1.72231017E-08 -9.90778580E-23
  1.18000000E+02  1.00000000E-01 -7.67453344E-05  9.29150417E-06  1.97318761E-06  1.87799996E-05  1.37792346E-05  9.73851341E-07  1.13140922E-04  1.85772030E-05  2.49222610E-06  2.43737692E-06  7.22763418E-05  2.31436318E-05  7.28033012E-11  6.82765335E-07  1.77706046E-08  2.92279681E-09  1.07558923E-06  2.43102172E-06  1.16911872E-10  1.16911872E-13  2.36161982E-08  1.40294247E-09  2.33823745E-06  1.16911872E-20  6.16977129E-13  5.78614691E-09  1.50598344E-10  2.47694645E-11  9.11516293E-09  2.06018790E-08  9.90778580E-13  9.90778580E-16  2.00137273E-10  1.18893430E-11  1.98155716E-08  9.90778580E-23  4.65729331E-10 -2.87803575E-07 -2.08606115E-07 -4.40827959E-08 -4.03424065E-06 -3.82327164E-06 -1.13420267E-10 -4.55758297E-11 -6.24802304E-07 -1.42719177E-09 -1.79113167E-06 -1.16911872E-20  2.59505537E-12 -1.97192446E-09 -1.34004935E-09 -3.01586013E-10 -2.76215159E-08 -2.34619001E-08 -9.98491786E-13 -8.50073342E-14 -5.57613720E-09 -1.38766263E-11 -1.72475948E-08 -9.90778580E-23
  1.19000000E+02  1.00000000E-01 -7.67453312E-05  9.29540832E-06  1.97200017E-06  1.87797232E-05  1.37607628E-05  9.71025520E-07  1.13140922E-04  1.85772029E-05  2.48694198E-06  2.43737496E-06  7.22788964E-05  2.31436318E-05  7.34202783E-11  6.88551482E-07  1.79212029E-08  2.94756627E-09  1.08470439E-06  2.45162360E-06  1.17902651E-10  1.17902651E-13  2.38163355E-08  1.41483181E-09  2.35805302E-06  1.17902651E-20  6.16977129E-13  5.78614691E-09  1.50598344E-10  2.47694645E-11  9.11516293E-09  2.06018790E-08  9.90778580E-13  9.90778580E-16  2.00137273E-10  1.18893430E-11  1.98155716E-08  9.90778580E-23  4.68319312E-10 -2.89774789E-07 -2.09944172E-07 -4.43839960E-08 -4.06182741E-06 -3.84669926E-06 -1.14419051E-10 -4.56599282E-11 -6.30375740E-07 -1.44107399E-09 -1.80839263E-06 -1.17902651E-20  2.58585269E-12 -1.97064608E-09 -1.33643641E-09 -3.00885798E-10 -2.75584547E-08 -2.33997533E-08 -9.99023862E-13 -8.33611973E-14 -5.57119588E-09 -1.38867406E-11 -1.72718566E-08 -9.90778580E-23
  1.20000000E+02  1.00000000E-01 -7.67453280E-05  9.29930614E-06  1.97081631E-06  1.87794474E-05  1.37423536E-05  9.68261197E-07  1.13140922E-04  1.85772029E-05  2.48165537E-06  2.43737298E-06  7.22814269E-05  2.31436318E-05  7.40372555E-11  6.94337629E-07  1.80718013E-08  2.97233574E-09  1.09381955E-06  2.47222547E-06  1.18893430E-10  1.18893430E-13  2.40164728E-08  1.42672115E-09  2.37786859E-06  1.18893430E-20  6.16977129E-13  5.78614691E-09  1.50598344E-10  2.47694645E-11  9.11516293E-09  2.06018790E-08  9.90778580E-13  9.90778580E-16  2.00137273E-10  1.18893430E-11  1.98155716E-08  9.90778580E-23  4.70900176E-10 -2.91744777E-07 -2.11278649E-07 -4.46845010E-08 -4.08935158E-06 -3.87006538E-06 -1.15418366E-10 -4.57424034E-11 -6.35944126E-07 -1.45496612E-09 -1.82567772E-06 -1.18893430E-20  2.57680606E-12 -1.96946538E-09 -1.33288320E-09 -3.00194615E-10 -2.74962480E-08 -2.33387852E-08 -9.99552572E-13 -8.17565422E-14 -5.56605990E-09 -1.38964763E-11 -1.72958892E-08 -9.90778580E-23
  1.21000000E+02  1.00000000E-01 -7.67453248E-05  9.30319752E-06  1.96963597E-06  1.87791724E-05  1.37240062E-05  9.65557202E-07  1.13140922E-04  1.85772028E-05  2.47636644E-06  2.43737099E-06  7.22839335E-05  2.31436318E-05  7.46542326E-11  7.00123776E-07  1.82223996E-08  2.99710520E-09  1.10293471E-06  2.49282735E-06  1.19884208E-10  1.19884208E-13  2.42166100E-08  1.43861050E-09  2.39768416E-06  1.19884208E-20  6.16977129E-13  5.78614691E-09  1.50598344E-10  2.47694645E-11  9.11516293E-09  2.06018790E-08  9.90778580E-13  9.90778580E-16  2.00137273E-10  1.18893430E-11  1.98155716E-08  9.90778580E-23  4.73472078E-10 -2.93713638E-07 -2.12609606E-07 -4.49843196E-08 -4.11681401E-06 -3.89337118E-06 -1.16418208E-10 -4.58232964E-11 -6.41507273E-07 -1.46886777E-09 -1.84298672E-06 -1.19884208E-20  2.56791198E-12 -1.96838001E-09 -1.32938844E-09 -2.99512267E-10 -2.74348773E-08 -2.32789769E-08 -1.00007791E-12 -8.01924036E-14 -5.56073474E-09 -1.39058420E-11 -1.73196948E-08 -9.90778580E-23
  1.22000000E+02  1.00000000E-01 -7.67453217E-05  9.30708238E-06  1.96845909E-06  1.87788980E-05  1.37057197E-05  9.62912385E-07  1.13140922E-04  1.85772027E-05  2.47107538E-06  2.43736899E-06  7.22864164E-05  2.31436318E-05  7.52712097E-11  7.05909922E-07  1.83729980E-08  3.02187467E-09  1.11204988E-06  2.51342923E-06  1.20874987E-10  1.20874987E-13  2.44167473E-08  1.45049984E-09  2.41749973E-06  1.20874987E-20  6.16977129E-13  5.78614691E-09  1.50598344E-10  2.47694645E-11  9.11516293E-09  2.06018790E-08  9.90778580E-13  9.90778580E-16  2.00137273E-10  1.18893430E-11  1.98155716E-08  9.90778580E-23  4.76035168E-10 -2.95681465E-07 -2.13937099E-07 -4.52834606E-08 -4.14421551E-06 -3.91661780E-06 -1.17418573E-10 -4.59026471E-11 -6.47064993E-07 -1.48277860E-09 -1.86031940E-06 -1.20874987E-20  2.55916722E-12 -1.96738715E-09 -1.32595056E-09 -2.98838512E-10 -2.73743202E-08 -2.32203139E-08 -1.00059987E-12 -7.86678499E-14 -5.55522743E-09 -1.39148484E-11 -1.73432755E-08 -9.90778580E-23
  1.23000000E+02  1.00000000E-01 -7.67453185E-05  9.31096060E-06  1.96728561E-06  1.87786243E-05  1.36874933E-05  9.60325607E-07  1.13140922E-04  1.85772026E-05  2.46578236E-06  2.43736698E-06  7.22888758E-05  2.31436318E-05  7.58881869E-11  7.11696069E-07  1.85235963E-08  3.04664413E-09  1.12116504E-06  2.53403111E-06  1.21865765E-10  1.21865765E-13  2.46168846E-08  1.46238918E-09  2.43731531E-06  1.21865765E-20  6.16977129E-13  5.78614691E-09  1.50598344E-10  2.47694645E-11  9.11516293E-09  2.06018790E-08  9.90778580E-13  9.90778580E-16  2.00137273E-10  1.18893430E-11  1.98155716E-08  9.90778580E-23  4.78589594E-10 -2.97648347E-07 -2.15261184E-07 -4.55819324E-08 -4.17155690E-06 -3.93980638E-06 -1.18419459E-10 -4.59804945E-11 -6.52617110E-07 -1.49669824E-09 -1.87767554E-06 -1.21865765E-20  2.55056879E-12 -1.96648356E-09 -1.32256777E-09 -2.98173071E-10 -2.73145506E-08 -2.31627853E-08 -1.00111845E-12 -7.71819783E-14 -5.54954615E-09 -1.39235077E-11 -1.73666334E-08 -9.90778580E-23
  1.24000000E+02  1.00000000E-01 -7.67453154E-05  9.31483213E-06  1.96611549E-06  1.87783513E-05  1.36693263E-05  9.57795738E-07  1.13140922E-04  1.85772026E-05  2.46048756E-06  2.43736495E-06  7.22913120E-05  2.31436318E-05  7.65051640E-11  7.17482216E-07  1.86741947E-08  3.07141360E-09  1.13028020E-06  2.55463299E-06  1.22856544E-10  1.22856544E-13  2.48170219E-08  1.47427853E-09  2.45713088E-06  1.22856544E-20  6.16977129E-13  5.78614691E-09  1.50598344E-10  2.47694645E-11  9.11516293E-09  2.06018790E-08  9.90778580E-13  9.90778580E-16  2.00137273E-10  1.18893430E-11  1.98155716E-08  9.90778580E-23  4.81135501E-10 -2.99614374E-07 -2.16581916E-07 -4.58797432E-08 -4.19883893E-06 -3.96293805E-06 -1.19420861E-10 -4.60568770E-11 -6.58163454E-07 -1.51062635E-09 -1.89505492E-06 -1.22856544E-20  2.54211389E-12 -1.96566574E-09 -1.31923817E-09 -2.97515643E-10 -2.72555406E-08 -2.31063824E-08 -1.00163365E-12 -7.57339100E-14 -5.54369985E-09 -1.39318328E-11 -1.73897707E-08 -9.90778580E-23
  1.25000000E+02  1.00000000E-01 -7.67453123E-05  9.31869689E-06  1.96494866E-06  1.87780789E-05  1.36512180E-05  9.55321656E-07  1.13140922E-04  1.85772025E-05  2.45519116E-06  2.43736292E-06  7.22937252E-05  2.31436318E-05  7.71221411E-11  7.23268363E-07  1.88247930E-08  3.09618306E-09  1.13939537E-06  2.57523487E-06  1.23847322E-10  1.23847322E-13  2.50171591E-08  1.48616787E-09  2.47694645E-06  1.23847322E-20  6.16977129E-13  5.78614691E-09  1.50598344E-10  2.47694645E-11  9.11516293E-09  2.06018790E-08  9.90778580E-13  9.90778580E-16  2.00137273E-10  1.18893430E-11  1.98155716E-08  9.90778580E-23  4.83673031E-10 -3.01579629E-07 -2.17899347E-07 -4.61769009E-08 -4.22606236E-06 -3.98601393E-06 -1.20422776E-10 -4.61318318E-11 -6.63703865E-07 -1.52456261E-09 -1.91245732E-06 -1.23847322E-20  2.53379983E-12 -1.96493013E-09 -1.31595984E-09 -2.96865921E-10 -2.71972614E-08 -2.30510976E-08 -1.00214549E-12 -7.43227854E-14 -5.53769775E-09 -1.39398370E-11 -1.74126894E-08 -9.90778580E-23
  1.26000000E+02  1.00000000E-01 -7.67453091E-05  9.32255484E-06  1.96378509E-06  1.87778072E-05  1.36331675E-05  9.52902248E-07  1.13140922E-04  1.85772024E-05  2.44989336E-06  2.43736088E-06  7.22961155E-05  2.31436318E-05  7.77391182E-11  7.29054510E-07  1.89753914E-08  3.12095253E-09  1.14851053E-06  2.59583675E-06  1.24838101E-10  1.24838101E-13  2.52172964E-08  1.49805721E-09  2.49676202E-06  1.24838101E-20  6.16977129E-13  5.78614691E-09  1.50598344E-10  2.47694645E-11  9.11516293E-09  2.06018790E-08  9.90778580E-13  9.90778580E-16  2.00137273E-10  1.18893430E-11  1.98155716E-08  9.90778580E-23  4.86202322E-10 -3.03544191E-07 -2.19213527E-07 -4.64734130E-08 -4.25322789E-06 -4.00903514E-06 -1.21425202E-10 -4.62053953E-11 -6.69238193E-07 -1.53850671E-09 -1.92988251E-06 -1.24838101E-20  2.52562398E-12 -1.96427325E-09 -1.31273086E-09 -2.96223603E-10 -2.71396848E-08 -2.29969231E-08 -1.00265397E-12 -7.29477596E-14 -5.53154884E-09 -1.39475333E-11 -1.74353916E-08 -9.90778580E-23
  1.27000000E+02  1.00000000E-01 -7.67453060E-05  9.32640595E-06  1.96262472E-06  1.87775361E-05  1.36151742E-05  9.50536409E-07  1.13140922E-04  1.85772023E-05  2.44459433E-06  2.43735882E-06  7.22984833E-05  2.31436318E-05  7.83560954E-11  7.34840657E-07  1.91259897E-08  3.14572199E-09  1.15762569E-06  2.61643863E-06  1.25828880E-10  1.25828880E-13  2.54174337E-08  1.50994656E-09  2.51657759E-06  1.25828880E-20  6.16977129E-13  5.78614691E-09  1.50598344E-10  2.47694645E-11  9.11516293E-09  2.06018790E-08  9.90778580E-13  9.90778580E-16  2.00137273E-10  1.18893430E-11  1.98155716E-08  9.90778580E-23  4.88723513E-10 -3.05508139E-07 -2.20524504E-07 -4.67692866E-08 -4.28033623E-06 -4.03200279E-06 -1.22428134E-10 -4.62776034E-11 -6.74766295E-07 -1.55245833E-09 -1.94733029E-06 -1.25828880E-20  2.51758368E-12 -1.96369185E-09 -1.30954948E-09 -2.95588405E-10 -2.70827846E-08 -2.29438500E-08 -1.00315910E-12 -7.16079996E-14 -5.52526159E-09 -1.39549340E-11 -1.74578794E-08 -9.90778580E-23
  1.28000000E+02  1.00000000E-01 -7.67453029E-05  9.33025022E-06  1.96146750E-06  1.87772656E-05  1.35972375E-05  9.48223042E-07  1.13140922E-04  1.85772023E-05  2.43929428E-06  2.43735676E-06  7.23008287E-05  2.31436318E-05  7.89730725E-11  7.40626804E-07  1.92765880E-08  3.17049145E-09  1.16674086E-06  2.63704051E-06  1.26819658E-10  1.26819658E-13  2.56175710E-08  1.52183590E-09  2.53639316E-06  1.26819658E-20  6.16977129E-13  5.78614691E-09  1.50598344E-10  2.47694645E-11  9.11516293E-09  2.06018790E-08  9.90778580E-13  9.90778580E-16  2.00137273E-10  1.18893430E-11  1.98155716E-08  9.90778580E-23  4.91236737E-10 -3.07471545E-07 -2.21832326E-07 -4.70645289E-08 -4.30738802E-06 -4.05491796E-06 -1.23431569E-10 -4.63484906E-11 -6.80288037E-07 -1.56641721E-09 -1.96480044E-06 -1.26819658E-20  2.50967626E-12 -1.96318295E-09 -1.30641407E-09 -2.94960070E-10 -2.70265365E-08 -2.28918674E-08 -1.00366089E-12 -7.03026820E-14 -5.51884361E-09 -1.39620504E-11 -1.74801547E-08 -9.90778580E-23
  1.29000000E+02  1.00000000E-01 -7.67452997E-05  9.33408762E-06  1.96031339E-06  1.87769958E-05  1.35793568E-05  9.45961064E-07  1.13140922E-04  1.85772022E-05  2.43399339E-06  2.43735469E-06  7.23031520E-05  2.31436318E-05  7.95900496E-11  7.46412951E-07  1.94271864E-08  3.19526092E-09  1.17585602E-06  2.65764239E-06  1.27810437E-10  1.27810437E-13  2.58177082E-08  1.53372524E-09  2.55620874E-06  1.27810437E-20  6.16977129E-13  5.78614691E-09  1.50598344E-10  2.47694645E-11  9.11516293E-09  2.06018790E-08  9.90778580E-13  9.90778580E-16  2.00137273E-10  1.18893430E-11  1.98155716E-08  9.90778580E-23  4.93742125E-10 -3.09434481E-07 -2.23137036E-07 -4.73591465E-08 -4.33438392E-06 -4.07778174E-06 -1.24435504E-10 -4.64180911E-11 -6.85803292E-07 -1.58038304E-09 -1.98229274E-06 -1.27810437E-20  2.50189897E-12 -1.96274394E-09 -1.30332320E-09 -2.94338368E-10 -2.69709194E-08 -2.28409625E-08 -1.00415935E-12 -6.90309928E-14 -5.51230160E-09 -1.39688927E-11 -1.75022195E-08 -9.90778580E-23
  1.30000000E+02  1.00000000E-01 -7.67452966E-05  9.33791818E-06  1.95916235E-06  1.87767265E-05  1.35615313E-05  9.43749405E-07  1.13140922E-04  1.85772021E-05  2.42869186E-06  2.43735261E-06  7.23054533E-05  2.31436318E-05  8.02070268E-11  7.52199098E-07  1.95777847E-08  3.22003038E-09  1.18497118E-06  2.67824426E-06  1.28801215E-10  1.28801215E-13  2.60178455E-08  1.54561458E-09  2.57602431E-06  1.28801215E-20  6.16977129E-13  5.78614691E-09  1.50598344E-10  2.47694645E-11  9.11516293E-09  2.06018790E-08  9.90778580E-13  9.90778580E-16  2.00137273E-10  1.18893430E-11  1.98155716E-08  9.90778580E-23  4.96239806E-10 -3.11397015E-07 -2.24438680E-07 -4.76531459E-08 -4.36132454E-06 -4.10059520E-06 -1.25439936E-10 -4.64864381E-11 -6.91311940E-07 -1.59435557E-09 -1.99980700E-06 -1.28801215E-20  2.49424903E-12 -1.96237258E-09 -1.30027564E-09 -2.93723104E-10 -2.69159149E-08 -2.27911202E-08 -1.00465450E-12 -6.77921273E-14 -5.50564127E-09 -1.39754697E-11 -1.75240759E-08 -9.90778580E-23
  1.31000000E+02  1.00000000E-01 -7.67452935E-05  9.34174189E-06  1.95801433E-06  1.87764579E-05  1.35437605E-05  9.41587012E-07  1.13140922E-04  1.85772021E-05  2.42338989E-06  2.43735051E-06  7.23077329E-05  2.31436318E-05  8.08240039E-11  7.57985245E-07  1.97283831E-08  3.24479985E-09  1.19408634E-06  2.69884614E-06  1.29791994E-10  1.29791994E-13  2.62179828E-08  1.55750393E-09  2.59583988E-06  1.29791994E-20  6.16977129E-13  5.78614691E-09  1.50598344E-10  2.47694645E-11  9.11516293E-09  2.06018790E-08  9.90778580E-13  9.90778580E-16  2.00137273E-10  1.18893430E-11  1.98155716E-08  9.90778580E-23  4.98729906E-10 -3.13359214E-07 -2.25737299E-07 -4.79465336E-08 -4.38821048E-06 -4.12335940E-06 -1.26444862E-10 -4.65535638E-11 -6.96813865E-07 -1.60833454E-09 -2.01734300E-06 -1.29791994E-20  2.48672360E-12 -1.96206693E-09 -1.29727032E-09 -2.93114107E-10 -2.68615071E-08 -2.27423236E-08 -1.00514633E-12 -6.65852915E-14 -5.49886746E-09 -1.39817893E-11 -1.75457258E-08 -9.90778580E-23
  1.32000000E+02  1.00000000E-01 -7.67452904E-05  9.34555879E-06  1.95686929E-06  1.87761899E-05  1.35260438E-05  9.39472850E-07  1.13140922E-04  1.85772020E-05  2.41808767E-06  2.43734842E-06  7.23099909E-05  2.31436318E-05  8.14409810E-11  7.63771391E-07  1.98789814E-08  3.26956931E-09  1.20320151E-06  2.71944802E-06  1.30782773E-10  1.30782773E-13  2.64181200E-08  1.56939327E-09  2.61565545E-06  1.30782773E-20  6.16977129E-13  5.78614691E-09  1.50598344E-10  2.47694645E-11  9.11516293E-09  2.06018790E-08  9.90778580E-13  9.90778580E-16  2.00137273E-10  1.18893430E-11  1.98155716E-08  9.90778580E-23  5.01212548E-10 -3.15321143E-07 -2.27032936E-07 -4.82393156E-08 -4.41504233E-06 -4.14607536E-06 -1.27450277E-10 -4.66195000E-11 -7.02308956E-07 -1.62231969E-09 -2.03490054E-06 -1.30782773E-20  2.47931981E-12 -1.96182531E-09 -1.29430631E-09 -2.92511230E-10 -2.68076824E-08 -2.26945543E-08 -1.00563486E-12 -6.54097030E-14 -5.49198431E-09 -1.39878583E-11 -1.75671712E-08 -9.90778580E-23
  1.33000000E+02  1.00000000E-01 -7.67452873E-05  9.34936888E-06  1.95572720E-06  1.87759225E-05  1.35083806E-05  9.37405901E-07  1.13140921E-04  1.85772019E-05  2.41278538E-06  2.43734631E-06  7.23122276E-05  2.31436318E-05  8.20579582E-11  7.69557538E-07  2.00295798E-08  3.29433878E-09  1.21231667E-06  2.74004990E-06  1.31773551E-10  1.31773551E-13  2.66182573E-08  1.58128261E-09  2.63547102E-06  1.31773551E-20  6.16977129E-13  5.78614691E-09  1.50598344E-10  2.47694645E-11  9.11516293E-09  2.06018790E-08  9.90778580E-13  9.90778580E-16  2.00137273E-10  1.18893430E-11  1.98155716E-08  9.90778580E-23  5.03687851E-10 -3.17282864E-07 -2.28325631E-07 -4.85314981E-08 -4.44182068E-06 -4.16874412E-06 -1.28456179E-10 -4.66842774E-11 -7.07797105E-07 -1.63631077E-09 -2.05247941E-06 -1.31773551E-20  2.47203480E-12 -1.96164630E-09 -1.29138279E-09 -2.91914345E-10 -2.67544288E-08 -2.26477929E-08 -1.00612009E-12 -6.42645930E-14 -5.48499536E-09 -1.39936830E-11 -1.75884139E-08 -9.90778580E-23
  1.34000000E+02  1.00000000E-01 -7.67452842E-05  9.35317219E-06  1.95458800E-06  1.87756557E-05  1.34907704E-05  9.35385168E-07  1.13140921E-04  1.85772019E-05  2.40748323E-06  2.43734419E-06  7.23144432E-05  2.31436318E-05  8.26749353E-11  7.75343685E-07  2.01801781E-08  3.31910824E-09  1.22143183E-06  2.76065178E-06  1.32764330E-10  1.32764330E-13  2.68183946E-08  1.59317196E-09  2.65528659E-06  1.32764330E-20  6.16977129E-13  5.78614691E-09  1.50598344E-10  2.47694645E-11  9.11516293E-09  2.06018790E-08  9.90778580E-13  9.90778580E-16  2.00137273E-10  1.18893430E-11  1.98155716E-08  9.90778580E-23  5.06155933E-10 -3.19244441E-07 -2.29615424E-07 -4.88230869E-08 -4.46854608E-06 -4.19136665E-06 -1.29462564E-10 -4.67479261E-11 -7.13278208E-07 -1.65030754E-09 -2.07007941E-06 -1.32764330E-20  2.46486574E-12 -1.96152858E-09 -1.28849902E-09 -2.91323336E-10 -2.67017357E-08 -2.26020196E-08 -1.00660204E-12 -6.31492070E-14 -5.47790380E-09 -1.39992689E-11 -1.76094560E-08 -9.90778580E-23
  1.35000000E+02  1.00000000E-01 -7.67452811E-05  9.35696874E-06  1.95345166E-06  1.87753895E-05  1.34732126E-05  9.33409675E-07  1.13140921E-04  1.85772018E-05  2.40218138E-06  2.43734207E-06  7.23166378E-05  2.31436318E-05  8.32919124E-11  7.81129832E-07  2.03307765E-08  3.34387771E-09  1.23054700E-06  2.78125366E-06  1.33755108E-10  1.33755108E-13  2.70185319E-08  1.60506130E-09  2.67510217E-06  1.33755108E-20  6.16977129E-13  5.78614691E-09  1.50598344E-10  2.47694645E-11  9.11516293E-09  2.06018790E-08  9.90778580E-13  9.90778580E-16  2.00137273E-10  1.18893430E-11  1.98155716E-08  9.90778580E-23  5.08616909E-10 -3.21205933E-07 -2.30902355E-07 -4.91140879E-08 -4.49521910E-06 -4.21394395E-06 -1.30469430E-10 -4.68104755E-11 -7.18752165E-07 -1.66430978E-09 -2.08770035E-06 -1.33755108E-20  2.45780982E-12 -1.96147096E-09 -1.28565432E-09 -2.90738097E-10 -2.66495929E-08 -2.25572142E-08 -1.00708071E-12 -6.20628064E-14 -5.47071253E-09 -1.40046215E-11 -1.76302993E-08 -9.90778580E-23
  1.36000000E+02  1.00000000E-01 -7.67452781E-05  9.36075856E-06  1.95231815E-06  1.87751238E-05  1.34557066E-05  9.31478464E-07  1.13140921E-04  1.85772018E-05  2.39688003E-06  2.43733994E-06  7.23188117E-05  2.31436318E-05  8.39088895E-11  7.86915979E-07  2.04813748E-08  3.36864717E-09  1.23966216E-06  2.80185554E-06  1.34745887E-10  1.34745887E-13  2.72186691E-08  1.61695064E-09  2.69491774E-06  1.34745887E-20  6.16977129E-13  5.78614691E-09  1.50598344E-10  2.47694645E-11  9.11516293E-09  2.06018790E-08  9.90778580E-13  9.90778580E-16  2.00137273E-10  1.18893430E-11  1.98155716E-08  9.90778580E-23  5.11070890E-10 -3.23167400E-07 -2.32186463E-07 -4.94045067E-08 -4.52184026E-06 -4.23647696E-06 -1.31476772E-10 -4.68719540E-11 -7.24218877E-07 -1.67831723E-09 -2.10534202E-06 -1.34745887E-20  2.45086430E-12 -1.96147229E-09 -1.28284803E-09 -2.90158524E-10 -2.65979910E-08 -2.25133568E-08 -1.00755611E-12 -6.10046684E-14 -5.46342436E-09 -1.40097459E-11 -1.76509456E-08 -9.90778580E-23
  1.37000000E+02  1.00000000E-01 -7.67452750E-05  9.36454167E-06  1.95118742E-06  1.87748587E-05  1.34382520E-05  9.29590599E-07  1.13140921E-04  1.85772017E-05  2.39157934E-06  2.43733781E-06  7.23209651E-05  2.31436318E-05  8.45258667E-11  7.92702126E-07  2.06319731E-08  3.39341664E-09  1.24877732E-06  2.82245742E-06  1.35736665E-10  1.35736665E-13  2.74188064E-08  1.62883998E-09  2.71473331E-06  1.35736665E-20  6.16977129E-13  5.78614691E-09  1.50598344E-10  2.47694645E-11  9.11516293E-09  2.06018790E-08  9.90778580E-13  9.90778580E-16  2.00137273E-10  1.18893430E-11  1.98155716E-08  9.90778580E-23  5.13517985E-10 -3.25128900E-07 -2.33467785E-07 -4.96943491E-08 -4.54841012E-06 -4.25896663E-06 -1.32484589E-10 -4.69323896E-11 -7.29678248E-07 -1.69232969E-09 -2.12300423E-06 -1.35736665E-20  2.44402650E-12 -1.96153147E-09 -1.28007950E-09 -2.89584519E-10 -2.65469207E-08 -2.24704276E-08 -1.00802824E-12 -5.99740867E-14 -5.45604198E-09 -1.40146472E-11 -1.76713969E-08 -9.90778580E-23
  1.38000000E+02  1.00000000E-01 -7.67452719E-05  9.36831809E-06  1.95005944E-06  1.87745942E-05  1.34208482E-05  9.27745162E-07  1.13140921E-04  1.85772016E-05  2.38627950E-06  2.43733566E-06  7.23230981E-05  2.31436318E-05  8.51428438E-11  7.98488273E-07  2.07825715E-08  3.41818610E-09  1.25789248E-06  2.84305930E-06  1.36727444E-10  1.36727444E-13  2.76189437E-08  1.64072933E-09  2.73454888E-06  1.36727444E-20  6.16977129E-13  5.78614691E-09  1.50598344E-10  2.47694645E-11  9.11516293E-09  2.06018790E-08  9.90778580E-13  9.90778580E-16  2.00137273E-10  1.18893430E-11  1.98155716E-08  9.90778580E-23  5.15958300E-10 -3.27090491E-07 -2.34746360E-07 -4.99836205E-08 -4.57492920E-06 -4.28141388E-06 -1.33492875E-10 -4.69918094E-11 -7.35130187E-07 -1.70634693E-09 -2.14068678E-06 -1.36727444E-20  2.43729380E-12 -1.96164741E-09 -1.27734812E-09 -2.89015983E-10 -2.64963727E-08 -2.24284074E-08 -1.00849712E-12 -5.89703714E-14 -5.44856811E-09 -1.40193303E-11 -1.76916550E-08 -9.90778580E-23
  1.39000000E+02  1.00000000E-01 -7.67452689E-05  9.37208785E-06  1.94893417E-06  1.87743303E-05  1.34034946E-05  9.25941254E-07  1.13140921E-04  1.85772016E-05  2.38098067E-06  2.43733351E-06  7.23252110E-05  2.31436318E-05  8.57598209E-11  8.04274420E-07  2.09331698E-08  3.44295556E-09  1.26700765E-06  2.86366117E-06  1.37718223E-10  1.37718223E-13  2.78190810E-08  1.65261867E-09  2.75436445E-06  1.37718223E-20  6.16977129E-13  5.78614691E-09  1.50598344E-10  2.47694645E-11  9.11516293E-09  2.06018790E-08  9.90778580E-13  9.90778580E-16  2.00137273E-10  1.18893430E-11  1.98155716E-08  9.90778580E-23  5.18391938E-10 -3.29052228E-07 -2.36022223E-07 -5.02723263E-08 -4.60139801E-06 -4.30381959E-06 -1.34501628E-10 -4.70502400E-11 -7.40574603E-07 -1.72036874E-09 -2.15838949E-06 -1.37718223E-20  2.43066364E-12 -1.96181902E-09 -1.27465324E-09 -2.88452818E-10 -2.64463381E-08 -2.23872775E-08 -1.00896274E-12 -5.79928488E-14 -5.44100541E-09 -1.40238002E-11 -1.77117217E-08 -9.90778580E-23
  1.40000000E+02  1.00000000E-01 -7.67452658E-05  9.37585097E-06  1.94781157E-06  1.87740669E-05  1.33861908E-05  9.24177995E-07  1.13140921E-04  1.85772015E-05  2.37568302E-06  2.43733135E-06  7.23273039E-05  2.31436318E-05  8.63767981E-11  8.10060567E-07  2.10837682E-08  3.46772503E-09  1.27612281E-06  2.88426305E-06  1.38709001E-10  1.38709001E-13  2.80192182E-08  1.66450801E-09  2.77418002E-06  1.38709001E-20  6.16977129E-13  5.78614691E-09  1.50598344E-10  2.47694645E-11  9.11516293E-09  2.06018790E-08  9.90778580E-13  9.90778580E-16  2.00137273E-10  1.18893430E-11  1.98155716E-08  9.90778580E-23  5.20819002E-10 -3.31014167E-07 -2.37295410E-07 -5.05604718E-08 -4.62781706E-06 -4.32618465E-06 -1.35510846E-10 -4.71077072E-11 -7.46011409E-07 -1.73439490E-09 -2.17611216E-06 -1.38709001E-20  2.42413355E-12 -1.96204524E-09 -1.27199426E-09 -2.87894926E-10 -2.63968076E-08 -2.23470195E-08 -1.00942514E-12 -5.70408610E-14 -5.43335656E-09 -1.40280618E-11 -1.77315988E-08 -9.90778580E-23
  1.41000000E+02  1.00000000E-01 -7.67452627E-05  9.37960747E-06  1.94669161E-06  1.87738041E-05  1.33689363E-05  9.22454523E-07  1.13140921E-04  1.85772015E-05  2.37038671E-06  2.43732919E-06  7.23293770E-05  2.31436318E-05  8.69937752E-11  8.15846714E-07  2.12343665E-08  3.49249449E-09  1.28523797E-06  2.90486493E-06  1.39699780E-10  1.39699780E-13  2.82193555E-08  1.67639736E-09  2.79399559E-06  1.39699780E-20  6.16977129E-13  5.78614691E-09  1.50598344E-10  2.47694645E-11  9.11516293E-09  2.06018790E-08  9.90778580E-13  9.90778580E-16  2.00137273E-10  1.18893430E-11  1.98155716E-08  9.90778580E-23  5.23239590E-10 -3.32976362E-07 -2.38565959E-07 -5.08480623E-08 -4.65418686E-06 -4.34850993E-06 -1.36520524E-10 -4.71642361E-11 -7.51440519E-07 -1.74842521E-09 -2.19385460E-06 -1.39699780E-20  2.41770110E-12 -1.96232500E-09 -1.26937056E-09 -2.87342213E-10 -2.63477724E-08 -2.23076154E-08 -1.00988430E-12 -5.61137654E-14 -5.42562421E-09 -1.40321200E-11 -1.77512881E-08 -9.90778580E-23
  1.42000000E+02  1.00000000E-01 -7.67452597E-05  9.38335740E-06  1.94557425E-06  1.87735418E-05  1.33517306E-05  9.20769993E-07  1.13140921E-04  1.85772014E-05  2.36509191E-06  2.43732702E-06  7.23314306E-05  2.31436318E-05  8.76107523E-11  8.21632861E-07  2.13849649E-08  3.51726396E-09  1.29435314E-06  2.92546681E-06  1.40690558E-10  1.40690558E-13  2.84194928E-08  1.68828670E-09  2.81381117E-06  1.40690558E-20  6.16977129E-13  5.78614691E-09  1.50598344E-10  2.47694645E-11  9.11516293E-09  2.06018790E-08  9.90778580E-13  9.90778580E-16  2.00137273E-10  1.18893430E-11  1.98155716E-08  9.90778580E-23  5.25653798E-10 -3.34938865E-07 -2.39833903E-07 -5.11351029E-08 -4.68050789E-06 -4.37079627E-06 -1.37530659E-10 -4.72198514E-11 -7.56861853E-07 -1.76245947E-09 -2.21161664E-06 -1.40690558E-20  2.41136393E-12 -1.96265728E-09 -1.26678153E-09 -2.86794584E-10 -2.62992236E-08 -2.22690477E-08 -1.01034024E-12 -5.52109348E-14 -5.41781099E-09 -1.40359796E-11 -1.77707914E-08 -9.90778580E-23
  1.43000000E+02  1.00000000E-01 -7.67452566E-05  9.38710076E-06  1.94445947E-06  1.87732801E-05  1.33345731E-05  9.19123580E-07  1.13140921E-04  1.85772014E-05  2.35979878E-06  2.43732485E-06  7.23334647E-05  2.31436318E-05  8.82277294E-11  8.27419007E-07  2.15355632E-08  3.54203342E-09  1.30346830E-06  2.94606869E-06  1.41681337E-10  1.41681337E-13  2.86196301E-08  1.70017604E-09  2.83362674E-06  1.41681337E-20  6.16977129E-13  5.78614691E-09  1.50598344E-10  2.47694645E-11  9.11516293E-09  2.06018790E-08  9.90778580E-13  9.90778580E-16  2.00137273E-10  1.18893430E-11  1.98155716E-08  9.90778580E-23  5.28061720E-10 -3.36901729E-07 -2.41099276E-07 -5.14215987E-08 -4.70678064E-06 -4.39304449E-06 -1.38541249E-10 -4.72745768E-11 -7.62275330E-07 -1.77649748E-09 -2.22939807E-06 -1.41681337E-20  2.40511974E-12 -1.96304105E-09 -1.26422658E-09 -2.86251944E-10 -2.62511524E-08 -2.22312991E-08 -1.01079297E-12 -5.43317564E-14 -5.40991947E-09 -1.40396454E-11 -1.77901104E-08 -9.90778580E-23
  1.44000000E+02  1.00000000E-01 -7.67452536E-05  9.39083759E-06  1.94334722E-06  1.87730189E-05  1.33174635E-05  9.17514473E-07  1.13140921E-04  1.85772013E-05  2.35450746E-06  2.43732267E-06  7.23354796E-05  2.31436318E-05  8.88447066E-11  8.33205154E-07  2.16861616E-08  3.56680289E-09  1.31258346E-06  2.96667057E-06  1.42672115E-10  1.42672115E-13  2.88197673E-08  1.71206539E-09  2.85344231E-06  1.42672115E-20  6.16977129E-13  5.78614691E-09  1.50598344E-10  2.47694645E-11  9.11516293E-09  2.06018790E-08  9.90778580E-13  9.90778580E-16  2.00137273E-10  1.18893430E-11  1.98155716E-08  9.90778580E-23  5.30463448E-10 -3.38865005E-07 -2.42362113E-07 -5.17075544E-08 -4.73300557E-06 -4.41525540E-06 -1.39552289E-10 -4.73284359E-11 -7.67680873E-07 -1.79053906E-09 -2.24719872E-06 -1.42672115E-20  2.39896628E-12 -1.96347531E-09 -1.26170513E-09 -2.85714203E-10 -2.62035503E-08 -2.21943529E-08 -1.01124251E-12 -5.34756321E-14 -5.40195219E-09 -1.40431220E-11 -1.78092469E-08 -9.90778580E-23
  1.45000000E+02  1.00000000E-01 -7.67452505E-05  9.39456792E-06  1.94223747E-06  1.87727583E-05  1.33004013E-05  9.15941878E-07  1.13140921E-04  1.85772013E-05  2.34921812E-06  2.43732048E-06  7.23374755E-05  2.31436318E-05  8.94616837E-11  8.38991301E-07  2.18367599E-08  3.59157235E-09  1.32169863E-06  2.98727245E-06  1.43662894E-10  1.43662894E-13  2.90199046E-08  1.72395473E-09  2.87325788E-06  1.43662894E-20  6.16977129E-13  5.78614691E-09  1.50598344E-10  2.47694645E-11  9.11516293E-09  2.06018790E-08  9.90778580E-13  9.90778580E-16  2.00137273E-10  1.18893430E-11  1.98155716E-08  9.90778580E-23  5.32859071E-10 -3.40828742E-07 -2.43622447E-07 -5.19929751E-08 -4.75918316E-06 -4.43742980E-06 -1.40563777E-10 -4.73814511E-11 -7.73078409E-07 -1.80458400E-09 -2.26501840E-06 -1.43662894E-20  2.39290135E-12 -1.96395908E-09 -1.25921660E-09 -2.85181270E-10 -2.61564090E-08 -2.21581924E-08 -1.01168886E-12 -5.26419774E-14 -5.39391163E-09 -1.40464139E-11 -1.78282026E-08 -9.90778580E-23
  1.46000000E+02  1.00000000E-01 -7.67452475E-05  9.39829177E-06  1.94113019E-06  1.87724981E-05  1.32833859E-05  9.14405020E-07  1.13140921E-04  1.85772012E-05  2.34393090E-06  2.43731829E-06  7.23394525E-05  2.31436318E-05  9.00786608E-11  8.44777448E-07  2.19873582E-08  3.61634182E-09  1.33081379E-06  3.00787433E-06  1.44653673E-10  1.44653673E-13  2.92200419E-08  1.73584407E-09  2.89307345E-06  1.44653673E-20  6.16977129E-13  5.78614691E-09  1.50598344E-10  2.47694645E-11  9.11516293E-09  2.06018790E-08  9.90778580E-13  9.90778580E-16  2.00137273E-10  1.18893430E-11  1.98155716E-08  9.90778580E-23  5.35248677E-10 -3.42792990E-07 -2.44880310E-07 -5.22778655E-08 -4.78531385E-06 -4.45956846E-06 -1.41575710E-10 -4.74336449E-11 -7.78467865E-07 -1.81863214E-09 -2.28285695E-06 -1.44653673E-20  2.38692282E-12 -1.96449141E-09 -1.25676044E-09 -2.84653058E-10 -2.61097201E-08 -2.21228013E-08 -1.01213203E-12 -5.18302221E-14 -5.38580023E-09 -1.40495256E-11 -1.78469792E-08 -9.90778580E-23
  1.47000000E+02  1.00000000E-01 -7.67452445E-05  9.40200918E-06  1.94002535E-06  1.87722385E-05  1.32664170E-05  9.12903137E-07  1.13140921E-04  1.85772012E-05  2.33864594E-06  2.43731610E-06  7.23414109E-05  2.31436318E-05  9.06956380E-11  8.50563595E-07  2.21379566E-08  3.64111128E-09  1.33992895E-06  3.02847621E-06  1.45644451E-10  1.45644451E-13  2.94201791E-08  1.74773341E-09  2.91288902E-06  1.45644451E-20  6.16977129E-13  5.78614691E-09  1.50598344E-10  2.47694645E-11  9.11516293E-09  2.06018790E-08  9.90778580E-13  9.90778580E-16  2.00137273E-10  1.18893430E-11  1.98155716E-08  9.90778580E-23  5.37632352E-10 -3.44757797E-07 -2.46135734E-07 -5.25622302E-08 -4.81139810E-06 -4.48167215E-06 -1.42588084E-10 -4.74850386E-11 -7.83849172E-07 -1.83268330E-09 -2.30071417E-06 -1.45644451E-20  2.38102860E-12 -1.96507138E-09 -1.25433610E-09 -2.84129481E-10 -2.60634756E-08 -2.20881637E-08 -1.01257203E-12 -5.10398090E-14 -5.37762035E-09 -1.40524615E-11 -1.78655784E-08 -9.90778580E-23
  1.48000000E+02  1.00000000E-01 -7.67452414E-05  9.40572017E-06  1.93892292E-06  1.87719795E-05  1.32494942E-05  9.11435484E-07  1.13140921E-04  1.85772011E-05  2.33336340E-06  2.43731390E-06  7.23433507E-05  2.31436318E-05  9.13126151E-11  8.56349742E-07  2.22885549E-08  3.66588074E-09  1.34904411E-06  3.04907809E-06  1.46635230E-10  1.46635230E-13  2.96203164E-08  1.75962276E-09  2.93270460E-06  1.46635230E-20  6.16977129E-13  5.78614691E-09  1.50598344E-10  2.47694645E-11  9.11516293E-09  2.06018790E-08  9.90778580E-13  9.90778580E-16  2.00137273E-10  1.18893430E-11  1.98155716E-08  9.90778580E-23  5.40010177E-10 -3.46723209E-07 -2.47388752E-07 -5.28460739E-08 -4.83743634E-06 -4.50374161E-06 -1.43600897E-10 -4.75356535E-11 -7.89222262E-07 -1.84673729E-09 -2.31858990E-06 -1.46635230E-20  2.37521664E-12 -1.96569806E-09 -1.25194303E-09 -2.83610454E-10 -2.60176676E-08 -2.20542639E-08 -1.01300889E-12 -5.02701946E-14 -5.36937434E-09 -1.40552260E-11 -1.78840019E-08 -9.90778580E-23
  1.49000000E+02  1.00000000E-01 -7.67452384E-05  9.40942477E-06  1.93782286E-06  1.87717209E-05  1.32326169E-05  9.10001333E-07  1.13140921E-04  1.85772011E-05  2.32808341E-06  2.43731169E-06  7.23452722E-05  2.31436318E-05  9.19295922E-11  8.62135889E-07  2.24391533E-08  3.69065021E-09  1.35815928E-06  3.06967996E-06  1.47626008E-10  1.47626008E-13  2.98204537E-08  1.77151210E-09  2.95252017E-06  1.47626008E-20  6.16977129E-13  5.78614691E-09  1.50598344E-10  2.47694645E-11  9.11516293E-09  2.06018790E-08  9.90778580E-13  9.90778580E-16  2.00137273E-10  1.18893430E-11  1.98155716E-08  9.90778580E-23  5.42382235E-10 -3.48689273E-07 -2.48639393E-07 -5.31294009E-08 -4.86342902E-06 -4.52577757E-06 -1.44614145E-10 -4.75855099E-11 -7.94587072E-07 -1.86079396E-09 -2.33648395E-06 -1.47626008E-20  2.36948496E-12 -1.96637058E-09 -1.24958073E-09 -2.83095895E-10 -2.59722883E-08 -2.20210866E-08 -1.01344260E-12 -4.95208480E-14 -5.36106448E-09 -1.40578233E-11 -1.79022513E-08 -9.90778580E-23
  1.50000000E+02  1.00000000E-01 -7.67452354E-05  9.41312302E-06  1.93672514E-06  1.87714629E-05  1.32157847E-05  9.08599969E-07  1.13140921E-04  1.85772010E-05  2.32280611E-06  2.43730949E-06  7.23471756E-05  2.31436318E-05  9.25465693E-11  8.67922036E-07  2.25897516E-08  3.71541967E-09  1.36727444E-06  3.09028184E-06  1.48616787E-10  1.48616787E-13  3.00205910E-08  1.78340144E-09  2.97233574E-06  1.48616787E-20  6.16977129E-13  5.78614691E-09  1.50598344E-10  2.47694645E-11  9.11516293E-09  2.06018790E-08  9.90778580E-13  9.90778580E-16  2.00137273E-10  1.18893430E-11  1.98155716E-08  9.90778580E-23  5.44748604E-10 -3.50656035E-07 -2.49887689E-07 -5.34122159E-08 -4.88937655E-06 -4.54778074E-06 -1.45627824E-10 -4.76346278E-11 -7.99943537E-07 -1.87485314E-09 -2.35439616E-06 -1.48616787E-20  2.36383162E-12 -1.96708807E-09 -1.24724867E-09 -2.82585722E-10 -2.59273302E-08 -2.19886166E-08 -1.01387318E-12 -4.87912511E-14 -5.35269300E-09 -1.40602574E-11 -1.79203284E-08 -9.90778580E-23
  1.51000000E+02  1.00000000E-01 -7.67452324E-05  9.41681493E-06  1.93562974E-06  1.87712053E-05  1.31989974E-05  9.07230693E-07  1.13140921E-04  1.85772010E-05  2.31753163E-06  2.43730727E-06  7.23490610E-05  2.31436318E-05  9.31635465E-11  8.73708183E-07  2.27403500E-08  3.74018914E-09  1.37638960E-06  3.11088372E-06  1.49607566E-10  1.49607566E-13  3.02207282E-08  1.79529079E-09  2.99215131E-06  1.49607566E-20  6.16977129E-13  5.78614691E-09  1.50598344E-10  2.47694645E-11  9.11516293E-09  2.06018790E-08  9.90778580E-13  9.90778580E-16  2.00137273E-10  1.18893430E-11  1.98155716E-08  9.90778580E-23  5.47109362E-10 -3.52623538E-07 -2.51133669E-07 -5.36945230E-08 -4.91527934E-06 -4.56975182E-06 -1.46641933E-10 -4.76830268E-11 -8.05291598E-07 -1.88891466E-09 -2.37232635E-06 -1.49607566E-20  2.35825472E-12 -1.96784966E-09 -1.24494634E-09 -2.82079855E-10 -2.58827858E-08 -2.19568392E-08 -1.01430065E-12 -4.80808985E-14 -5.34426210E-09 -1.40625325E-11 -1.79382346E-08 -9.90778580E-23
  1.52000000E+02  1.00000000E-01 -7.67452294E-05  9.42050055E-06  1.93453663E-06  1.87709483E-05  1.31822543E-05  9.05892821E-07  1.13140921E-04  1.85772009E-05  2.31226011E-06  2.43730506E-06  7.23509285E-05  2.31436318E-05  9.37805236E-11  8.79494330E-07  2.28909483E-08  3.76495860E-09  1.38550477E-06  3.13148560E-06  1.50598344E-10  1.50598344E-13  3.04208655E-08  1.80718013E-09  3.01196688E-06  1.50598344E-20  6.16977129E-13  5.78614691E-09  1.50598344E-10  2.47694645E-11  9.11516293E-09  2.06018790E-08  9.90778580E-13  9.90778580E-16  2.00137273E-10  1.18893430E-11  1.98155716E-08  9.90778580E-23  5.49464584E-10 -3.54591827E-07 -2.52377362E-07 -5.39763266E-08 -4.94113782E-06 -4.59169150E-06 -1.47656467E-10 -4.77307258E-11 -8.10631196E-07 -1.90297837E-09 -2.39027435E-06 -1.50598344E-20  2.35275241E-12 -1.96865453E-09 -1.24267326E-09 -2.81578218E-10 -2.58386478E-08 -2.19257398E-08 -1.01472501E-12 -4.73892965E-14 -5.33577392E-09 -1.40646525E-11 -1.79559716E-08 -9.90778580E-23
  1.53000000E+02  1.00000000E-01 -7.67452263E-05  9.42417990E-06  1.93344577E-06  1.87706918E-05  1.31655552E-05  9.04585681E-07  1.13140921E-04  1.85772009E-05  2.30699167E-06  2.43730284E-06  7.23527785E-05  2.31436318E-05  9.43975007E-11  8.85280477E-07  2.30415466E-08  3.78972807E-09  1.39461993E-06  3.15208748E-06  1.51589123E-10  1.51589123E-13  3.06210028E-08  1.81906947E-09  3.03178245E-06  1.51589123E-20  6.16977129E-13  5.78614691E-09  1.50598344E-10  2.47694645E-11  9.11516293E-09  2.06018790E-08  9.90778580E-13  9.90778580E-16  2.00137273E-10  1.18893430E-11  1.98155716E-08  9.90778580E-23  5.51814345E-10 -3.56560944E-07 -2.53618799E-07 -5.42576309E-08 -4.96695238E-06 -4.61360045E-06 -1.48671424E-10 -4.77777433E-11 -8.15962275E-07 -1.91704412E-09 -2.40824000E-06 -1.51589123E-20  2.34732291E-12 -1.96950186E-09 -1.24042892E-09 -2.81080732E-10 -2.57949089E-08 -2.18953044E-08 -1.01514628E-12 -4.67159639E-14 -5.32723058E-09 -1.40666214E-11 -1.79735411E-08 -9.90778580E-23
  1.54000000E+02  1.00000000E-01 -7.67452233E-05  9.42785302E-06  1.93235714E-06  1.87704357E-05  1.31488996E-05  9.03308619E-07  1.13140921E-04  1.85772008E-05  2.30172645E-06  2.43730061E-06  7.23546109E-05  2.31436318E-05  9.50144779E-11  8.91066623E-07  2.31921450E-08  3.81449753E-09  1.40373509E-06  3.17268936E-06  1.52579901E-10  1.52579901E-13  3.08211401E-08  1.83095882E-09  3.05159803E-06  1.52579901E-20  6.16977129E-13  5.78614691E-09  1.50598344E-10  2.47694645E-11  9.11516293E-09  2.06018790E-08  9.90778580E-13  9.90778580E-16  2.00137273E-10  1.18893430E-11  1.98155716E-08  9.90778580E-23  5.54158715E-10 -3.58530931E-07 -2.54858007E-07 -5.45384399E-08 -4.99272341E-06 -4.63547932E-06 -1.49686801E-10 -4.78240972E-11 -8.21284782E-07 -1.93111175E-09 -2.42622313E-06 -1.52579901E-20  2.34196445E-12 -1.97039086E-09 -1.23821287E-09 -2.80587324E-10 -2.57515622E-08 -2.18655188E-08 -1.01556448E-12 -4.60604306E-14 -5.31863414E-09 -1.40684431E-11 -1.79909446E-08 -9.90778580E-23
  1.55000000E+02  1.00000000E-01 -7.67452203E-05  9.43151993E-06  1.93127072E-06  1.87701802E-05  1.31322871E-05  9.02060991E-07  1.13140921E-04  1.85772008E-05  2.29646456E-06  2.43729838E-06  7.23564260E-05  2.31436318E-05  9.56314550E-11  8.96852770E-07  2.33427433E-08  3.83926700E-09  1.41285025E-06  3.19329124E-06  1.53570680E-10  1.53570680E-13  3.10212773E-08  1.84284816E-09  3.07141360E-06  1.53570680E-20  6.16977129E-13  5.78614691E-09  1.50598344E-10  2.47694645E-11  9.11516293E-09  2.06018790E-08  9.90778580E-13  9.90778580E-16  2.00137273E-10  1.18893430E-11  1.98155716E-08  9.90778580E-23  5.56497764E-10 -3.60501830E-07 -2.56095014E-07 -5.48187577E-08 -5.01845132E-06 -4.65732875E-06 -1.50702594E-10 -4.78698053E-11 -8.26598664E-07 -1.94518113E-09 -2.44422357E-06 -1.53570680E-20  2.33667532E-12 -1.97132074E-09 -1.23602463E-09 -2.80097918E-10 -2.57086006E-08 -2.18363695E-08 -1.01597961E-12 -4.54222384E-14 -5.30998661E-09 -1.40701212E-11 -1.80081836E-08 -9.90778580E-23
  1.56000000E+02  1.00000000E-01 -7.67452173E-05  9.43518067E-06  1.93018646E-06  1.87699251E-05  1.31157174E-05  9.00842168E-07  1.13140921E-04  1.85772007E-05  2.29120614E-06  2.43729615E-06  7.23582240E-05  2.31436318E-05  9.62484321E-11  9.02638917E-07  2.34933417E-08  3.86403646E-09  1.42196542E-06  3.21389312E-06  1.54561458E-10  1.54561458E-13  3.12214146E-08  1.85473750E-09  3.09122917E-06  1.54561458E-20  6.16977129E-13  5.78614691E-09  1.50598344E-10  2.47694645E-11  9.11516293E-09  2.06018790E-08  9.90778580E-13  9.90778580E-16  2.00137273E-10  1.18893430E-11  1.98155716E-08  9.90778580E-23  5.58831562E-10 -3.62473681E-07 -2.57329848E-07 -5.50985883E-08 -5.04413646E-06 -4.67914938E-06 -1.51718800E-10 -4.79148844E-11 -8.31903872E-07 -1.95925211E-09 -2.46224116E-06 -1.54561458E-20  2.33145385E-12 -1.97229073E-09 -1.23386373E-09 -2.79612444E-10 -2.56660174E-08 -2.18078431E-08 -1.01639169E-12 -4.48009401E-14 -5.30128998E-09 -1.40716594E-11 -1.80252598E-08 -9.90778580E-23
  1.57000000E+02  1.00000000E-01 -7.67452143E-05  9.43883526E-06  1.92910435E-06  1.87696705E-05  1.30991901E-05  8.99651536E-07  1.13140921E-04  1.85772007E-05  2.28595129E-06  2.43729392E-06  7.23600050E-05  2.31436318E-05  9.68654092E-11  9.08425064E-07  2.36439400E-08  3.88880593E-09  1.43108058E-06  3.23449500E-06  1.55552237E-10  1.55552237E-13  3.14215519E-08  1.86662684E-09  3.11104474E-06  1.55552237E-20  6.16977129E-13  5.78614691E-09  1.50598344E-10  2.47694645E-11  9.11516293E-09  2.06018790E-08  9.90778580E-13  9.90778580E-16  2.00137273E-10  1.18893430E-11  1.98155716E-08  9.90778580E-23  5.61160175E-10 -3.64446524E-07 -2.58562535E-07 -5.53779356E-08 -5.06977924E-06 -4.70094182E-06 -1.52735417E-10 -4.79593513E-11 -8.37200356E-07 -1.97332455E-09 -2.48027573E-06 -1.55552237E-20  2.32629842E-12 -1.97330010E-09 -1.23172974E-09 -2.79130829E-10 -2.56238060E-08 -2.17799265E-08 -1.01680073E-12 -4.41960992E-14 -5.29254619E-09 -1.40730615E-11 -1.80421746E-08 -9.90778580E-23
  1.58000000E+02  1.00000000E-01 -7.67452114E-05  9.44248375E-06  1.92802436E-06  1.87694164E-05  1.30827049E-05  8.98488491E-07  1.13140921E-04  1.85772006E-05  2.28070013E-06  2.43729168E-06  7.23617692E-05  2.31436318E-05  9.74823864E-11  9.14211211E-07  2.37945384E-08  3.91357539E-09  1.44019574E-06  3.25509688E-06  1.56543016E-10  1.56543016E-13  3.16216891E-08  1.87851619E-09  3.13086031E-06  1.56543016E-20  6.16977129E-13  5.78614691E-09  1.50598344E-10  2.47694645E-11  9.11516293E-09  2.06018790E-08  9.90778580E-13  9.90778580E-16  2.00137273E-10  1.18893430E-11  1.98155716E-08  9.90778580E-23  5.63483668E-10 -3.66420397E-07 -2.59793104E-07 -5.56568033E-08 -5.09538000E-06 -4.72270667E-06 -1.53752441E-10 -4.80032223E-11 -8.42488072E-07 -1.98739832E-09 -2.49832714E-06 -1.56543016E-20  2.32120743E-12 -1.97434810E-09 -1.22962221E-09 -2.78653005E-10 -2.55819598E-08 -2.17526067E-08 -1.01720675E-12 -4.36072903E-14 -5.28375713E-09 -1.40743309E-11 -1.80589296E-08 -9.90778580E-23
  1.59000000E+02  1.00000000E-01 -7.67452084E-05  9.44612615E-06  1.92694646E-06  1.87691628E-05  1.30662613E-05  8.97352443E-07  1.13140921E-04  1.85772006E-05  2.27545278E-06  2.43728944E-06  7.23635167E-05  2.31436318E-05  9.80993635E-11  9.19997358E-07  2.39451367E-08  3.93834485E-09  1.44931091E-06  3.27569875E-06  1.57533794E-10  1.57533794E-13  3.18218264E-08  1.89040553E-09  3.15067588E-06  1.57533794E-20  6.16977129E-13  5.78614691E-09  1.50598344E-10  2.47694645E-11  9.11516293E-09  2.06018790E-08  9.90778580E-13  9.90778580E-16  2.00137273E-10  1.18893430E-11  1.98155716E-08  9.90778580E-23  5.65802105E-10 -3.68395339E-07 -2.61021579E-07 -5.59351952E-08 -5.12093911E-06 -4.74444453E-06 -1.54769870E-10 -4.80465131E-11 -8.47766975E-07 -2.00147329E-09 -2.51639521E-06 -1.57533794E-20  2.31617935E-12 -1.97543402E-09 -1.22754070E-09 -2.78178903E-10 -2.55404723E-08 -2.17258713E-08 -1.01760977E-12 -4.30340982E-14 -5.27492466E-09 -1.40754711E-11 -1.80755264E-08 -9.90778580E-23
  1.60000000E+02  1.00000000E-01 -7.67452054E-05  9.44976251E-06  1.92587063E-06  1.87689096E-05  1.30498590E-05  8.96242816E-07  1.13140921E-04  1.85772006E-05  2.27020936E-06  2.43728720E-06  7.23652477E-05  2.31436318E-05  9.87163406E-11  9.25783505E-07  2.40957351E-08  3.96311432E-09  1.45842607E-06  3.29630063E-06  1.58524573E-10  1.58524573E-13  3.20219637E-08  1.90229487E-09  3.17049145E-06  1.58524573E-20  6.16977129E-13  5.78614691E-09  1.50598344E-10  2.47694645E-11  9.11516293E-09  2.06018790E-08  9.90778580E-13  9.90778580E-16  2.00137273E-10  1.18893430E-11  1.98155716E-08  9.90778580E-23  5.68115548E-10 -3.70371388E-07 -2.62247987E-07 -5.62131151E-08 -5.14645693E-06 -4.76615596E-06 -1.55787700E-10 -4.80892390E-11 -8.53037022E-07 -2.01554933E-09 -2.53447979E-06 -1.58524573E-20  2.31121265E-12 -1.97655716E-09 -1.22548480E-09 -2.77708456E-10 -2.54993374E-08 -2.16997078E-08 -1.01800979E-12 -4.24761180E-14 -5.26605059E-09 -1.40764855E-11 -1.80919663E-08 -9.90778580E-23
  1.61000000E+02  1.00000000E-01 -7.67452024E-05  9.45339285E-06  1.92479683E-06  1.87686569E-05  1.30334976E-05  8.95159043E-07  1.13140921E-04  1.85772005E-05  2.26496996E-06  2.43728496E-06  7.23669623E-05  2.31436318E-05  9.93333178E-11  9.31569652E-07  2.42463334E-08  3.98788378E-09  1.46754123E-06  3.31690251E-06  1.59515351E-10  1.59515351E-13  3.22221010E-08  1.91418422E-09  3.19030703E-06  1.59515351E-20  6.16977129E-13  5.78614691E-09  1.50598344E-10  2.47694645E-11  9.11516293E-09  2.06018790E-08  9.90778580E-13  9.90778580E-16  2.00137273E-10  1.18893430E-11  1.98155716E-08  9.90778580E-23  5.70424057E-10 -3.72348580E-07 -2.63472353E-07 -5.64905665E-08 -5.17193380E-06 -4.78784154E-06 -1.56805929E-10 -4.81314152E-11 -8.58298173E-07 -2.02962632E-09 -2.55258072E-06 -1.59515351E-20  2.30630588E-12 -1.97771682E-09 -1.22345408E-09 -2.77241599E-10 -2.54585488E-08 -2.16741041E-08 -1.01840683E-12 -4.19329547E-14 -5.25713669E-09 -1.40773775E-11 -1.81082509E-08 -9.90778580E-23
  1.62000000E+02  1.00000000E-01 -7.67451994E-05  9.45701721E-06  1.92372506E-06  1.87684047E-05  1.30171769E-05  8.94100571E-07  1.13140921E-04  1.85772005E-05  2.25973469E-06  2.43728271E-06  7.23686608E-05  2.31436318E-05  9.99502949E-11  9.37355799E-07  2.43969317E-08  4.01265325E-09  1.47665640E-06  3.33750439E-06  1.60506130E-10  1.60506130E-13  3.24222382E-08  1.92607356E-09  3.21012260E-06  1.60506130E-20  6.16977129E-13  5.78614691E-09  1.50598344E-10  2.47694645E-11  9.11516293E-09  2.06018790E-08  9.90778580E-13  9.90778580E-16  2.00137273E-10  1.18893430E-11  1.98155716E-08  9.90778580E-23  5.72727692E-10 -3.74326952E-07 -2.64694702E-07 -5.67675530E-08 -5.19737008E-06 -4.80950182E-06 -1.57824552E-10 -4.81730562E-11 -8.63550390E-07 -2.04370413E-09 -2.57069786E-06 -1.60506130E-20  2.30145760E-12 -1.97891235E-09 -1.22144814E-09 -2.76778268E-10 -2.54181004E-08 -2.16490483E-08 -1.01880090E-12 -4.14042233E-14 -5.24818471E-09 -1.40781503E-11 -1.81243816E-08 -9.90778580E-23
  1.63000000E+02  1.00000000E-01 -7.67451964E-05  9.46063561E-06  1.92265528E-06  1.87681530E-05  1.30008964E-05  8.93066859E-07  1.13140921E-04  1.85772004E-05  2.25450367E-06  2.43728046E-06  7.23703431E-05  2.31436318E-05  1.00567272E-10  9.43141946E-07  2.45475301E-08  4.03742271E-09  1.48577156E-06  3.35810627E-06  1.61496908E-10  1.61496908E-13  3.26223755E-08  1.93796290E-09  3.22993817E-06  1.61496908E-20  6.16977129E-13  5.78614691E-09  1.50598344E-10  2.47694645E-11  9.11516293E-09  2.06018790E-08  9.90778580E-13  9.90778580E-16  2.00137273E-10  1.18893430E-11  1.98155716E-08  9.90778580E-23  5.75026509E-10 -3.76306538E-07 -2.65915058E-07 -5.70440780E-08 -5.22276609E-06 -4.83113734E-06 -1.58843569E-10 -4.82141762E-11 -8.68793634E-07 -2.05778265E-09 -2.58883104E-06 -1.61496908E-20  2.29666641E-12 -1.98014308E-09 -1.21946659E-09 -2.76318399E-10 -2.53779864E-08 -2.16245289E-08 -1.01919203E-12 -4.08895482E-14 -5.23919635E-09 -1.40788071E-11 -1.81403600E-08 -9.90778580E-23
  1.64000000E+02  1.00000000E-01 -7.67451935E-05  9.46424809E-06  1.92158746E-06  1.87679017E-05  1.29846559E-05  8.92057377E-07  1.13140921E-04  1.85772004E-05  2.24927699E-06  2.43727821E-06  7.23720096E-05  2.31436318E-05  1.01184249E-10  9.48928092E-07  2.46981284E-08  4.06219218E-09  1.49488672E-06  3.37870815E-06  1.62487687E-10  1.62487687E-13  3.28225128E-08  1.94985224E-09  3.24975374E-06  1.62487687E-20  6.16977129E-13  5.78614691E-09  1.50598344E-10  2.47694645E-11  9.11516293E-09  2.06018790E-08  9.90778580E-13  9.90778580E-16  2.00137273E-10  1.18893430E-11  1.98155716E-08  9.90778580E-23  5.77320567E-10 -3.78287374E-07 -2.67133446E-07 -5.73201451E-08 -5.24812217E-06 -4.85274863E-06 -1.59862974E-10 -4.82547891E-11 -8.74027870E-07 -2.07186176E-09 -2.60698012E-06 -1.62487687E-20  2.29193095E-12 -1.98140836E-09 -1.21750901E-09 -2.75861930E-10 -2.53382010E-08 -2.16005345E-08 -1.01958022E-12 -4.03885632E-14 -5.23017326E-09 -1.40793511E-11 -1.81561873E-08 -9.90778580E-23
  1.65000000E+02  1.00000000E-01 -7.67451905E-05  9.46785469E-06  1.92052159E-06  1.87676508E-05  1.29684549E-05  8.91071607E-07  1.13140921E-04  1.85772004E-05  2.24405474E-06  2.43727596E-06  7.23736604E-05  2.31436318E-05  1.01801226E-10  9.54714239E-07  2.48487268E-08  4.08696164E-09  1.50400188E-06  3.39931003E-06  1.63478466E-10  1.63478466E-13  3.30226501E-08  1.96174159E-09  3.26956931E-06  1.63478466E-20  6.16977129E-13  5.78614691E-09  1.50598344E-10  2.47694645E-11  9.11516293E-09  2.06018790E-08  9.90778580E-13  9.90778580E-16  2.00137273E-10  1.18893430E-11  1.98155716E-08  9.90778580E-23  5.79609919E-10 -3.80269494E-07 -2.68349889E-07 -5.75957575E-08 -5.27343864E-06 -4.87433621E-06 -1.60882767E-10 -4.82949083E-11 -8.79253065E-07 -2.08594136E-09 -2.62514494E-06 -1.63478466E-20  2.28724989E-12 -1.98270757E-09 -1.21557504E-09 -2.75408801E-10 -2.52987383E-08 -2.15770538E-08 -1.01996549E-12 -3.99009111E-14 -5.22111706E-09 -1.40797853E-11 -1.81718652E-08 -9.90778580E-23
  1.66000000E+02  1.00000000E-01 -7.67451875E-05  9.47145542E-06  1.91945764E-06  1.87674004E-05  1.29522933E-05  8.90109039E-07  1.13140921E-04  1.85772003E-05  2.23883704E-06  2.43727370E-06  7.23752955E-05  2.31436318E-05  1.02418203E-10  9.60500386E-07  2.49993251E-08  4.11173111E-09  1.51311705E-06  3.41991191E-06  1.64469244E-10  1.64469244E-13  3.32227873E-08  1.97363093E-09  3.28938488E-06  1.64469244E-20  6.16977129E-13  5.78614691E-09  1.50598344E-10  2.47694645E-11  9.11516293E-09  2.06018790E-08  9.90778580E-13  9.90778580E-16  2.00137273E-10  1.18893430E-11  1.98155716E-08  9.90778580E-23  5.81894619E-10 -3.82252932E-07 -2.69564411E-07 -5.78709186E-08 -5.29871582E-06 -4.89590058E-06 -1.61902943E-10 -4.83345471E-11 -8.84469187E-07 -2.10002134E-09 -2.64332536E-06 -1.64469244E-20  2.28262194E-12 -1.98404009E-09 -1.21366429E-09 -2.74958953E-10 -2.52595928E-08 -2.15540760E-08 -1.02034786E-12 -3.94262437E-14 -5.21202936E-09 -1.40801128E-11 -1.81873949E-08 -9.90778580E-23
  1.67000000E+02  1.00000000E-01 -7.67451846E-05  9.47505033E-06  1.91839559E-06  1.87671505E-05  1.29361707E-05  8.89169177E-07  1.13140921E-04  1.85772003E-05  2.23362397E-06  2.43727144E-06  7.23769152E-05  2.31436318E-05  1.03035181E-10  9.66286533E-07  2.51499235E-08  4.13650057E-09  1.52223221E-06  3.44051379E-06  1.65460023E-10  1.65460023E-13  3.34229246E-08  1.98552027E-09  3.30920046E-06  1.65460023E-20  6.16977129E-13  5.78614691E-09  1.50598344E-10  2.47694645E-11  9.11516293E-09  2.06018790E-08  9.90778580E-13  9.90778580E-16  2.00137273E-10  1.18893430E-11  1.98155716E-08  9.90778580E-23  5.84174720E-10 -3.84237720E-07 -2.70777036E-07 -5.81456317E-08 -5.32395403E-06 -4.91744225E-06 -1.62923500E-10 -4.83737182E-11 -8.89676204E-07 -2.11410158E-09 -2.66152123E-06 -1.65460023E-20  2.27804584E-12 -1.98540531E-09 -1.21177639E-09 -2.74512328E-10 -2.52207591E-08 -2.15315903E-08 -1.02072734E-12 -3.89642218E-14 -5.20291168E-09 -1.40803364E-11 -1.82027779E-08 -9.90778580E-23
  1.68000000E+02  1.00000000E-01 -7.67451816E-05  9.47863944E-06  1.91733542E-06  1.87669010E-05  1.29200868E-05  8.88251536E-07  1.13140921E-04  1.85772002E-05  2.22841562E-06  2.43726919E-06  7.23785196E-05  2.31436318E-05  1.03652158E-10  9.72072680E-07  2.53005218E-08  4.16127003E-09  1.53134737E-06  3.46111566E-06  1.66450801E-10  1.66450801E-13  3.36230619E-08  1.99740962E-09  3.32901603E-06  1.66450801E-20  6.16977129E-13  5.78614691E-09  1.50598344E-10  2.47694645E-11  9.11516293E-09  2.06018790E-08  9.90778580E-13  9.90778580E-16  2.00137273E-10  1.18893430E-11  1.98155716E-08  9.90778580E-23  5.86450272E-10 -3.86223891E-07 -2.71987784E-07 -5.84198998E-08 -5.34915357E-06 -4.93896170E-06 -1.63944434E-10 -4.84124341E-11 -8.94874087E-07 -2.12818199E-09 -2.67973240E-06 -1.66450801E-20  2.27352037E-12 -1.98680264E-09 -1.20991098E-09 -2.74068867E-10 -2.51822317E-08 -2.15095863E-08 -1.02110395E-12 -3.85145142E-14 -5.19376556E-09 -1.40804592E-11 -1.82180155E-08 -9.90778580E-23
  1.69000000E+02  1.00000000E-01 -7.67451787E-05  9.48222279E-06  1.91627709E-06  1.87666519E-05  1.29040412E-05  8.87355639E-07  1.13140921E-04  1.85772002E-05  2.22321210E-06  2.43726693E-06  7.23801089E-05  2.31436318E-05  1.04269135E-10  9.77858827E-07  2.54511202E-08  4.18603950E-09  1.54046254E-06  3.48171754E-06  1.67441580E-10  1.67441580E-13  3.38231992E-08  2.00929896E-09  3.34883160E-06  1.67441580E-20  6.16977129E-13  5.78614691E-09  1.50598344E-10  2.47694645E-11  9.11516293E-09  2.06018790E-08  9.90778580E-13  9.90778580E-16  2.00137273E-10  1.18893430E-11  1.98155716E-08  9.90778580E-23  5.88721327E-10 -3.88211477E-07 -2.73196679E-07 -5.86937263E-08 -5.37431475E-06 -4.96045940E-06 -1.64965744E-10 -4.84507069E-11 -9.00062810E-07 -2.14226247E-09 -2.69795873E-06 -1.67441580E-20  2.26904432E-12 -1.98823151E-09 -1.20806771E-09 -2.73628516E-10 -2.51440053E-08 -2.14880536E-08 -1.02147769E-12 -3.80767983E-14 -5.18459248E-09 -1.40804838E-11 -1.82331092E-08 -9.90778580E-23
  1.70000000E+02  1.00000000E-01 -7.67451757E-05  9.48580040E-06  1.91522060E-06  1.87664033E-05  1.28880337E-05  8.86481019E-07  1.13140921E-04  1.85772002E-05  2.21801347E-06  2.43726467E-06  7.23816831E-05  2.31436318E-05  1.04886112E-10  9.83644974E-07  2.56017185E-08  4.21080896E-09  1.54957770E-06  3.50231942E-06  1.68432359E-10  1.68432359E-13  3.40233364E-08  2.02118830E-09  3.36864717E-06  1.68432359E-20  6.16977129E-13  5.78614691E-09  1.50598344E-10  2.47694645E-11  9.11516293E-09  2.06018790E-08  9.90778580E-13  9.90778580E-16  2.00137273E-10  1.18893430E-11  1.98155716E-08  9.90778580E-23  5.90987932E-10 -3.90200509E-07 -2.74403744E-07 -5.89671140E-08 -5.39943787E-06 -4.98193583E-06 -1.65987426E-10 -4.84885484E-11 -9.05242345E-07 -2.15634293E-09 -2.71620007E-06 -1.68432359E-20  2.26461652E-12 -1.98969134E-09 -1.20624621E-09 -2.73191218E-10 -2.51060747E-08 -2.14669822E-08 -1.02184860E-12 -3.76507598E-14 -5.17539387E-09 -1.40804130E-11 -1.82480603E-08 -9.90778580E-23
  1.71000000E+02  1.00000000E-01 -7.67451728E-05  9.48937231E-06  1.91416592E-06  1.87661551E-05  1.28720639E-05  8.85627222E-07  1.13140921E-04  1.85772001E-05  2.21281984E-06  2.43726240E-06  7.23832425E-05  2.31436318E-05  1.05503089E-10  9.89431121E-07  2.57523168E-08  4.23557843E-09  1.55869286E-06  3.52292130E-06  1.69423137E-10  1.69423137E-13  3.42234737E-08  2.03307765E-09  3.38846274E-06  1.69423137E-20  6.16977129E-13  5.78614691E-09  1.50598344E-10  2.47694645E-11  9.11516293E-09  2.06018790E-08  9.90778580E-13  9.90778580E-16  2.00137273E-10  1.18893430E-11  1.98155716E-08  9.90778580E-23  5.93250135E-10 -3.92191018E-07 -2.75608998E-07 -5.92400661E-08 -5.42452322E-06 -5.00339143E-06 -1.67009477E-10 -4.85259702E-11 -9.10412668E-07 -2.17042326E-09 -2.73445629E-06 -1.69423137E-20  2.26023585E-12 -1.99118159E-09 -1.20444616E-09 -2.72756921E-10 -2.50684350E-08 -2.14463623E-08 -1.02221668E-12 -3.72360921E-14 -5.16617116E-09 -1.40802496E-11 -1.82628701E-08 -9.90778580E-23
  1.72000000E+02  1.00000000E-01 -7.67451698E-05  9.49293855E-06  1.91311302E-06  1.87659073E-05  1.28561317E-05  8.84793801E-07  1.13140921E-04  1.85772001E-05  2.20763129E-06  2.43726014E-06  7.23847871E-05  2.31436318E-05  1.06120066E-10  9.95217268E-07  2.59029152E-08  4.26034789E-09  1.56780802E-06  3.54352318E-06  1.70413916E-10  1.70413916E-13  3.44236110E-08  2.04496699E-09  3.40827831E-06  1.70413916E-20  6.16977129E-13  5.78614691E-09  1.50598344E-10  2.47694645E-11  9.11516293E-09  2.06018790E-08  9.90778580E-13  9.90778580E-16  2.00137273E-10  1.18893430E-11  1.98155716E-08  9.90778580E-23  5.95507983E-10 -3.94183033E-07 -2.76812464E-07 -5.95125856E-08 -5.44957109E-06 -5.02482666E-06 -1.68031895E-10 -4.85629834E-11 -9.15573756E-07 -2.18450337E-09 -2.75272724E-06 -1.70413916E-20  2.25590119E-12 -1.99270170E-09 -1.20266721E-09 -2.72325572E-10 -2.50310810E-08 -2.14261841E-08 -1.02258195E-12 -3.68324963E-14 -5.15692572E-09 -1.40799962E-11 -1.82775400E-08 -9.90778580E-23
  1.73000000E+02  1.00000000E-01 -7.67451669E-05  9.49649916E-06  1.91206189E-06  1.87656600E-05  1.28402367E-05  8.83980320E-07  1.13140921E-04  1.85772001E-05  2.20244789E-06  2.43725788E-06  7.23863171E-05  2.31436318E-05  1.06737043E-10  1.00100341E-06  2.60535135E-08  4.28511736E-09  1.57692319E-06  3.56412506E-06  1.71404694E-10  1.71404694E-13  3.46237482E-08  2.05685633E-09  3.42809389E-06  1.71404694E-20  6.16977129E-13  5.78614691E-09  1.50598344E-10  2.47694645E-11  9.11516293E-09  2.06018790E-08  9.90778580E-13  9.90778580E-16  2.00137273E-10  1.18893430E-11  1.98155716E-08  9.90778580E-23  5.97761521E-10 -3.96176585E-07 -2.78014163E-07 -5.97846752E-08 -5.47458176E-06 -5.04624195E-06 -1.69054677E-10 -4.85995990E-11 -9.20725587E-07 -2.19858319E-09 -2.77101278E-06 -1.71404694E-20  2.25161147E-12 -1.99425115E-09 -1.20090903E-09 -2.71897119E-10 -2.49940079E-08 -2.14064382E-08 -1.02294443E-12 -3.64396813E-14 -5.14765890E-09 -1.40796553E-11 -1.82920713E-08 -9.90778580E-23
  1.74000000E+02  1.00000000E-01 -7.67451639E-05  9.50005415E-06  1.91101251E-06  1.87654131E-05  1.28243786E-05  8.83186352E-07  1.13140920E-04  1.85772000E-05  2.19726973E-06  2.43725561E-06  7.23878327E-05  2.31436318E-05  1.07354020E-10  1.00678956E-06  2.62041119E-08  4.30988682E-09  1.58603835E-06  3.58472694E-06  1.72395473E-10  1.72395473E-13  3.48238855E-08  2.06874567E-09  3.44790946E-06  1.72395473E-20  6.16977129E-13  5.78614691E-09  1.50598344E-10  2.47694645E-11  9.11516293E-09  2.06018790E-08  9.90778580E-13  9.90778580E-16  2.00137273E-10  1.18893430E-11  1.98155716E-08  9.90778580E-23  6.00010794E-10 -3.98171701E-07 -2.79214114E-07 -6.00563381E-08 -5.49955550E-06 -5.06763773E-06 -1.70077819E-10 -4.86358275E-11 -9.25868140E-07 -2.21266262E-09 -2.78931278E-06 -1.72395473E-20  2.24736564E-12 -1.99582941E-09 -1.19917130E-09 -2.71471511E-10 -2.49572110E-08 -2.13871155E-08 -1.02330412E-12 -3.60573633E-14 -5.13837201E-09 -1.40792295E-11 -1.83064653E-08 -9.90778580E-23
  1.75000000E+02  1.00000000E-01 -7.67451610E-05  9.50360356E-06  1.90996486E-06  1.87651666E-05  1.28085571E-05  8.82411477E-07  1.13140920E-04  1.85772000E-05  2.19209689E-06  2.43725335E-06  7.23893339E-05  2.31436318E-05  1.07970998E-10  1.01257571E-06  2.63547102E-08  4.33465629E-09  1.59515351E-06  3.60532882E-06  1.73386251E-10  1.73386251E-13  3.50240228E-08  2.08063502E-09  3.46772503E-06  1.73386251E-20  6.16977129E-13  5.78614691E-09  1.50598344E-10  2.47694645E-11  9.11516293E-09  2.06018790E-08  9.90778580E-13  9.90778580E-16  2.00137273E-10  1.18893430E-11  1.98155716E-08  9.90778580E-23  6.02255845E-10 -4.00168412E-07 -2.80412339E-07 -6.03275768E-08 -5.52449260E-06 -5.08901441E-06 -1.71101320E-10 -4.86716794E-11 -9.31001395E-07 -2.22674158E-09 -2.80762710E-06 -1.73386251E-20  2.24316266E-12 -1.99743597E-09 -1.19745370E-09 -2.71048698E-10 -2.49206854E-08 -2.13682066E-08 -1.02366106E-12 -3.56852656E-14 -5.12906634E-09 -1.40787213E-11 -1.83207233E-08 -9.90778580E-23
  1.76000000E+02  1.00000000E-01 -7.67451581E-05  9.50714743E-06  1.90891891E-06  1.87649206E-05  1.27927721E-05  8.81655288E-07  1.13140920E-04  1.85772000E-05  2.18692945E-06  2.43725108E-06  7.23908210E-05  2.31436318E-05  1.08587975E-10  1.01836186E-06  2.65053086E-08  4.35942575E-09  1.60426868E-06  3.62593070E-06  1.74377030E-10  1.74377030E-13  3.52241601E-08  2.09252436E-09  3.48754060E-06  1.74377030E-20  6.16977129E-13  5.78614691E-09  1.50598344E-10  2.47694645E-11  9.11516293E-09  2.06018790E-08  9.90778580E-13  9.90778580E-16  2.00137273E-10  1.18893430E-11  1.98155716E-08  9.90778580E-23  6.04496715E-10 -4.02166745E-07 -2.81608857E-07 -6.05983942E-08 -5.54939332E-06 -5.11037241E-06 -1.72125176E-10 -4.87071647E-11 -9.36125335E-07 -2.24081998E-09 -2.82595560E-06 -1.74377030E-20  2.23900155E-12 -1.99907034E-09 -1.19575592E-09 -2.70628632E-10 -2.48844266E-08 -2.13497029E-08 -1.02401525E-12 -3.53231187E-14 -5.11974315E-09 -1.40781331E-11 -1.83348467E-08 -9.90778580E-23
  1.77000000E+02  1.00000000E-01 -7.67451551E-05  9.51068577E-06  1.90787465E-06  1.87646750E-05  1.27770231E-05  8.80917384E-07  1.13140920E-04  1.85771999E-05  2.18176747E-06  2.43724881E-06  7.23922940E-05  2.31436318E-05  1.09204952E-10  1.02414800E-06  2.66559069E-08  4.38419522E-09  1.61338384E-06  3.64653258E-06  1.75367809E-10  1.75367809E-13  3.54242973E-08  2.10441370E-09  3.50735617E-06  1.75367809E-20  6.16977129E-13  5.78614691E-09  1.50598344E-10  2.47694645E-11  9.11516293E-09  2.06018790E-08  9.90778580E-13  9.90778580E-16  2.00137273E-10  1.18893430E-11  1.98155716E-08  9.90778580E-23  6.06733447E-10 -4.04166727E-07 -2.82803689E-07 -6.08687931E-08 -5.57425793E-06 -5.13171212E-06 -1.73149385E-10 -4.87422932E-11 -9.41239943E-07 -2.25489775E-09 -2.84429815E-06 -1.75367809E-20  2.23488133E-12 -2.00073203E-09 -1.19407766E-09 -2.70211265E-10 -2.48484301E-08 -2.13315957E-08 -1.02436671E-12 -3.49706600E-14 -5.11040365E-09 -1.40774672E-11 -1.83488365E-08 -9.90778580E-23
  1.78000000E+02  1.00000000E-01 -7.67451522E-05  9.51421863E-06  1.90683205E-06  1.87644297E-05  1.27613101E-05  8.80197373E-07  1.13140920E-04  1.85771999E-05  2.17661103E-06  2.43724654E-06  7.23937531E-05  2.31436318E-05  1.09821929E-10  1.02993415E-06  2.68065053E-08  4.40896468E-09  1.62249900E-06  3.66713445E-06  1.76358587E-10  1.76358587E-13  3.56244346E-08  2.11630305E-09  3.52717174E-06  1.76358587E-20  6.16977129E-13  5.78614691E-09  1.50598344E-10  2.47694645E-11  9.11516293E-09  2.06018790E-08  9.90778580E-13  9.90778580E-16  2.00137273E-10  1.18893430E-11  1.98155716E-08  9.90778580E-23  6.08966081E-10 -4.06168385E-07 -2.83996852E-07 -6.11387760E-08 -5.59908668E-06 -5.15303394E-06 -1.74173943E-10 -4.87770744E-11 -9.46345203E-07 -2.26897482E-09 -2.86265462E-06 -1.76358587E-20  2.23080106E-12 -2.00242054E-09 -1.19241860E-09 -2.69796551E-10 -2.48126915E-08 -2.13138762E-08 -1.02471546E-12 -3.46276335E-14 -5.10104904E-09 -1.40767259E-11 -1.83626942E-08 -9.90778580E-23
  1.79000000E+02  1.00000000E-01 -7.67451493E-05  9.51774602E-06  1.90579111E-06  1.87641849E-05  1.27456326E-05  8.79494872E-07  1.13140920E-04  1.85771999E-05  2.17146020E-06  2.43724428E-06  7.23951985E-05  2.31436318E-05  1.10438906E-10  1.03572030E-06  2.69571036E-08  4.43373414E-09  1.63161416E-06  3.68773633E-06  1.77349366E-10  1.77349366E-13  3.58245719E-08  2.12819239E-09  3.54698732E-06  1.77349366E-20  6.16977129E-13  5.78614691E-09  1.50598344E-10  2.47694645E-11  9.11516293E-09  2.06018790E-08  9.90778580E-13  9.90778580E-16  2.00137273E-10  1.18893430E-11  1.98155716E-08  9.90778580E-23  6.11194657E-10 -4.08171747E-07 -2.85188367E-07 -6.14083457E-08 -5.62387984E-06 -5.17433824E-06 -1.75198849E-10 -4.88115177E-11 -9.51441100E-07 -2.28305110E-09 -2.88102488E-06 -1.77349366E-20  2.22675981E-12 -2.00413543E-09 -1.19077847E-09 -2.69384442E-10 -2.47772063E-08 -2.12965364E-08 -1.02506151E-12 -3.42937898E-14 -5.09168048E-09 -1.40759116E-11 -1.83764210E-08 -9.90778580E-23
  1.80000000E+02  1.00000000E-01 -7.67451463E-05  9.52126799E-06  1.90475179E-06  1.87639405E-05  1.27299905E-05  8.78809507E-07  1.13140920E-04  1.85771998E-05  2.16631505E-06  2.43724201E-06  7.23966301E-05  2.31436318E-05  1.11055883E-10  1.04150644E-06  2.71077019E-08  4.45850361E-09  1.64072933E-06  3.70833821E-06  1.78340144E-10  1.78340144E-13  3.60247092E-08  2.14008173E-09  3.56680289E-06  1.78340144E-20  6.16977129E-13  5.78614691E-09  1.50598344E-10  2.47694645E-11  9.11516293E-09  2.06018790E-08  9.90778580E-13  9.90778580E-16  2.00137273E-10  1.18893430E-11  1.98155716E-08  9.90778580E-23  6.13419212E-10 -4.10176838E-07 -2.86378252E-07 -6.16775047E-08 -5.64863764E-06 -5.19562542E-06 -1.76224100E-10 -4.88456320E-11 -9.56527622E-07 -2.29712653E-09 -2.89940879E-06 -1.78340144E-20  2.22275669E-12 -2.00587622E-09 -1.18915696E-09 -2.68974895E-10 -2.47419704E-08 -2.12795679E-08 -1.02540488E-12 -3.39688859E-14 -5.08229910E-09 -1.40750264E-11 -1.83900181E-08 -9.90778580E-23
  1.81000000E+02  1.00000000E-01 -7.67451434E-05  9.52478456E-06  1.90371409E-06  1.87636966E-05  1.27143835E-05  8.78140909E-07  1.13140920E-04  1.85771998E-05  2.16117565E-06  2.43723974E-06  7.23980483E-05  2.31436318E-05  1.11672860E-10  1.04729259E-06  2.72583003E-08  4.48327307E-09  1.64984449E-06  3.72894009E-06  1.79330923E-10  1.79330923E-13  3.62248464E-08  2.15197108E-09  3.58661846E-06  1.79330923E-20  6.16977129E-13  5.78614691E-09  1.50598344E-10  2.47694645E-11  9.11516293E-09  2.06018790E-08  9.90778580E-13  9.90778580E-16  2.00137273E-10  1.18893430E-11  1.98155716E-08  9.90778580E-23  6.15639784E-10 -4.12183683E-07 -2.87566526E-07 -6.19462555E-08 -5.67336035E-06 -5.21689582E-06 -1.77249692E-10 -4.88794263E-11 -9.61604756E-07 -2.31120104E-09 -2.91780622E-06 -1.79330923E-20  2.21879081E-12 -2.00764247E-09 -1.18755380E-09 -2.68567865E-10 -2.47069795E-08 -2.12629628E-08 -1.02574558E-12 -3.36526851E-14 -5.07290603E-09 -1.40740724E-11 -1.84034867E-08 -9.90778580E-23
  1.82000000E+02  1.00000000E-01 -7.67451405E-05  9.52829575E-06  1.90267797E-06  1.87634530E-05  1.26988114E-05  8.77488720E-07  1.13140920E-04  1.85771998E-05  2.15604205E-06  2.43723747E-06  7.23994530E-05  2.31436318E-05  1.12289837E-10  1.05307874E-06  2.74088986E-08  4.50804254E-09  1.65895965E-06  3.74954197E-06  1.80321701E-10  1.80321702E-13  3.64249837E-08  2.16386042E-09  3.60643403E-06  1.80321701E-20  6.16977129E-13  5.78614691E-09  1.50598344E-10  2.47694645E-11  9.11516293E-09  2.06018790E-08  9.90778580E-13  9.90778580E-16  2.00137273E-10  1.18893430E-11  1.98155716E-08  9.90778580E-23  6.17856411E-10 -4.14192309E-07 -2.88753207E-07 -6.22146007E-08 -5.69804820E-06 -5.23814982E-06 -1.78275624E-10 -4.89129090E-11 -9.66672490E-07 -2.32527456E-09 -2.93621706E-06 -1.80321702E-20  2.21486134E-12 -2.00943374E-09 -1.18596871E-09 -2.68163309E-10 -2.46722296E-08 -2.12467133E-08 -1.02608364E-12 -3.33449568E-14 -5.06350232E-09 -1.40730518E-11 -1.84168280E-08 -9.90778580E-23
  1.83000000E+02  1.00000000E-01 -7.67451376E-05  9.53180161E-06  1.90164344E-06  1.87632098E-05  1.26832739E-05  8.76852588E-07  1.13140920E-04  1.85771997E-05  2.15091434E-06  2.43723520E-06  7.24008445E-05  2.31436318E-05  1.12906815E-10  1.05886488E-06  2.75594970E-08  4.53281200E-09  1.66807482E-06  3.77014385E-06  1.81312480E-10  1.81312480E-13  3.66251210E-08  2.17574976E-09  3.62624960E-06  1.81312480E-20  6.16977129E-13  5.78614691E-09  1.50598344E-10  2.47694645E-11  9.11516293E-09  2.06018790E-08  9.90778580E-13  9.90778580E-16  2.00137273E-10  1.18893430E-11  1.98155716E-08  9.90778580E-23  6.20069127E-10 -4.16202739E-07 -2.89938312E-07 -6.24825426E-08 -5.72270142E-06 -5.25938776E-06 -1.79301893E-10 -4.89460886E-11 -9.71730816E-07 -2.33934702E-09 -2.95464117E-06 -1.81312480E-20  2.21096743E-12 -2.01124959E-09 -1.18440141E-09 -2.67761184E-10 -2.46377166E-08 -2.12308117E-08 -1.02641907E-12 -3.30454762E-14 -5.05408905E-09 -1.40719667E-11 -1.84300433E-08 -9.90778580E-23
  1.84000000E+02  1.00000000E-01 -7.67451347E-05  9.53530214E-06  1.90061046E-06  1.87629670E-05  1.26677707E-05  8.76232170E-07  1.13140920E-04  1.85771997E-05  2.14579256E-06  2.43723293E-06  7.24022228E-05  2.31436318E-05  1.13523792E-10  1.06465103E-06  2.77100953E-08  4.55758147E-09  1.67718998E-06  3.79074573E-06  1.82303259E-10  1.82303259E-13  3.68252582E-08  2.18763910E-09  3.64606517E-06  1.82303259E-20  6.16977129E-13  5.78614691E-09  1.50598344E-10  2.47694645E-11  9.11516293E-09  2.06018790E-08  9.90778580E-13  9.90778580E-16  2.00137273E-10  1.18893430E-11  1.98155716E-08  9.90778580E-23  6.22277969E-10 -4.18214999E-07 -2.91121859E-07 -6.27500838E-08 -5.74732027E-06 -5.28060998E-06 -1.80328495E-10 -4.89789731E-11 -9.76779724E-07 -2.35341836E-09 -2.97307842E-06 -1.82303259E-20  2.20710828E-12 -2.01308960E-09 -1.18285164E-09 -2.67361450E-10 -2.46034366E-08 -2.12152505E-08 -1.02675188E-12 -3.27540243E-14 -5.04466723E-09 -1.40708190E-11 -1.84431338E-08 -9.90778580E-23
  1.85000000E+02  1.00000000E-01 -7.67451318E-05  9.53879740E-06  1.89957902E-06  1.87627246E-05  1.26523018E-05  8.75627130E-07  1.13140920E-04  1.85771997E-05  2.14067678E-06  2.43723066E-06  7.24035881E-05  2.31436318E-05  1.14140769E-10  1.07043718E-06  2.78606937E-08  4.58235093E-09  1.68630514E-06  3.81134761E-06  1.83294037E-10  1.83294037E-13  3.70253955E-08  2.19952845E-09  3.66588074E-06  1.83294037E-20  6.16977129E-13  5.78614691E-09  1.50598344E-10  2.47694645E-11  9.11516293E-09  2.06018790E-08  9.90778580E-13  9.90778580E-16  2.00137273E-10  1.18893430E-11  1.98155716E-08  9.90778580E-23  6.24482971E-10 -4.20229112E-07 -2.92303867E-07 -6.30172264E-08 -5.77190496E-06 -5.30181683E-06 -1.81355429E-10 -4.90115705E-11 -9.81819206E-07 -2.36748852E-09 -2.99152870E-06 -1.83294037E-20  2.20328311E-12 -2.01495336E-09 -1.18131914E-09 -2.66964065E-10 -2.45693857E-08 -2.12000223E-08 -1.02708209E-12 -3.24703881E-14 -5.03523786E-09 -1.40696107E-11 -1.84561006E-08 -9.90778580E-23
  1.86000000E+02  1.00000000E-01 -7.67451289E-05  9.54228739E-06  1.89854910E-06  1.87624827E-05  1.26368668E-05  8.75037138E-07  1.13140920E-04  1.85771996E-05  2.13556706E-06  2.43722839E-06  7.24049405E-05  2.31436318E-05  1.14757746E-10  1.07622332E-06  2.80112920E-08  4.60712040E-09  1.69542031E-06  3.83194949E-06  1.84284816E-10  1.84284816E-13  3.72255328E-08  2.21141779E-09  3.68569632E-06  1.84284816E-20  6.16977129E-13  5.78614691E-09  1.50598344E-10  2.47694645E-11  9.11516293E-09  2.06018790E-08  9.90778580E-13  9.90778580E-16  2.00137273E-10  1.18893430E-11  1.98155716E-08  9.90778580E-23  6.26684166E-10 -4.22245101E-07 -2.93484351E-07 -6.32839730E-08 -5.79645572E-06 -5.32300863E-06 -1.82382691E-10 -4.90438885E-11 -9.86849254E-07 -2.38155744E-09 -3.00999187E-06 -1.84284816E-20  2.19949114E-12 -2.01684047E-09 -1.17980364E-09 -2.66568989E-10 -2.45355601E-08 -2.11851200E-08 -1.02740973E-12 -3.21943597E-14 -5.02580192E-09 -1.40683437E-11 -1.84689448E-08 -9.90778580E-23
  1.87000000E+02  1.00000000E-01 -7.67451260E-05  9.54577215E-06  1.89752069E-06  1.87622411E-05  1.26214655E-05  8.74461873E-07  1.13140920E-04  1.85771996E-05  2.13046345E-06  2.43722613E-06  7.24062801E-05  2.31436318E-05  1.15374723E-10  1.08200947E-06  2.81618903E-08  4.63188986E-09  1.70453547E-06  3.85255136E-06  1.85275594E-10  1.85275594E-13  3.74256701E-08  2.22330713E-09  3.70551189E-06  1.85275594E-20  6.16977129E-13  5.78614691E-09  1.50598344E-10  2.47694645E-11  9.11516293E-09  2.06018790E-08  9.90778580E-13  9.90778580E-16  2.00137273E-10  1.18893430E-11  1.98155716E-08  9.90778580E-23  6.28881587E-10 -4.24262990E-07 -2.94663329E-07 -6.35503258E-08 -5.82097278E-06 -5.34418570E-06 -1.83410280E-10 -4.90759345E-11 -9.91869864E-07 -2.39562506E-09 -3.02846782E-06 -1.85275594E-20  2.19573164E-12 -2.01875052E-09 -1.17830489E-09 -2.66176184E-10 -2.45019562E-08 -2.11705366E-08 -1.02773479E-12 -3.19257368E-14 -5.01636035E-09 -1.40670200E-11 -1.84816677E-08 -9.90778580E-23
  1.88000000E+02  1.00000000E-01 -7.67451231E-05  9.54925171E-06  1.89649377E-06  1.87619999E-05  1.26060977E-05  8.73901018E-07  1.13140920E-04  1.85771996E-05  2.12536600E-06  2.43722386E-06  7.24076070E-05  2.31436318E-05  1.15991700E-10  1.08779562E-06  2.83124887E-08  4.65665932E-09  1.71365063E-06  3.87315324E-06  1.86266373E-10  1.86266373E-13  3.76258073E-08  2.23519648E-09  3.72532746E-06  1.86266373E-20  6.16977129E-13  5.78614691E-09  1.50598344E-10  2.47694645E-11  9.11516293E-09  2.06018790E-08  9.90778580E-13  9.90778580E-16  2.00137273E-10  1.18893430E-11  1.98155716E-08  9.90778580E-23  6.31075265E-10 -4.26282802E-07 -2.95840817E-07 -6.38162870E-08 -5.84545636E-06 -5.36534837E-06 -1.84438192E-10 -4.91077159E-11 -9.96881029E-07 -2.40969132E-09 -3.04695643E-06 -1.86266373E-20  2.19200386E-12 -2.02068313E-09 -1.17682264E-09 -2.65785611E-10 -2.44685703E-08 -2.11562651E-08 -1.02805731E-12 -3.16643223E-14 -5.00691409E-09 -1.40656413E-11 -1.84942704E-08 -9.90778580E-23
  1.89000000E+02  1.00000000E-01 -7.67451202E-05  9.55285984E-06  1.89546834E-06  1.87617591E-05  1.25907628E-05  8.73354344E-07  1.13140920E-04  1.85771995E-05  2.12040841E-06  2.43722163E-06  7.24089215E-05  2.31436318E-05  1.16608677E-10  1.09358177E-06  2.84630870E-08  4.68142879E-09  1.72276579E-06  3.89375512E-06  1.87257152E-10  1.87257152E-13  3.78259446E-08  2.24708582E-09  3.74514303E-06  1.87257152E-20  6.16977129E-13  5.78614691E-09  1.50598344E-10  2.47694645E-11  9.11516293E-09  2.06018790E-08  9.90778580E-13  9.90778580E-16  2.00137273E-10  1.18893430E-11  1.98155716E-08  9.90778580E-23  6.33265229E-10 -4.28304570E-07 -2.97016828E-07 -6.40818594E-08 -5.86990672E-06 -5.38649688E-06 -1.85466426E-10 -4.91392402E-11 -1.00188271E-06 -2.42375615E-09 -3.06545758E-06 -1.87257152E-20  2.18828835E-12 -2.02268446E-09 -1.17534577E-09 -2.65399704E-10 -2.44356338E-08 -2.11421218E-08 -1.02837829E-12 -3.14114596E-14 -4.99734246E-09 -1.40641019E-11 -1.85067541E-08 -9.90778580E-23
  1.90000000E+02  1.00000000E-01 -7.67451174E-05  9.55666455E-06  1.89444439E-06  1.87615186E-05  1.25754600E-05  8.72821861E-07  1.13140920E-04  1.85771995E-05  2.11565888E-06  2.43721947E-06  7.24102235E-05  2.31436318E-05  1.17225655E-10  1.09936791E-06  2.86136854E-08  4.70619825E-09  1.73188096E-06  3.91435700E-06  1.88247930E-10  1.88247930E-13  3.80260819E-08  2.25897516E-09  3.76495860E-06  1.88247930E-20  6.16977129E-13  5.78614691E-09  1.50598344E-10  2.47694645E-11  9.11516293E-09  2.06018790E-08  9.90778580E-13  9.90778580E-16  2.00137273E-10  1.18893430E-11  1.98155716E-08  9.90778580E-23  6.35451481E-10 -4.30328394E-07 -2.98191394E-07 -6.43470506E-08 -5.89432460E-06 -5.40763125E-06 -1.86494979E-10 -4.91705148E-11 -1.00687473E-06 -2.43781930E-09 -3.08397114E-06 -1.88247930E-20  2.18459250E-12 -2.02475821E-09 -1.17393481E-09 -2.65021065E-10 -2.44033875E-08 -2.11280703E-08 -1.02869519E-12 -3.11635581E-14 -4.98766746E-09 -1.40623587E-11 -1.85191198E-08 -9.90778580E-23
  1.91000000E+02  1.00000000E-01 -7.67451146E-05  9.56046592E-06  1.89342183E-06  1.87612786E-05  1.25601894E-05  8.72303266E-07  1.13140920E-04  1.85771995E-05  2.11091778E-06  2.43721731E-06  7.24115132E-05  2.31436318E-05  1.17842632E-10  1.10515406E-06  2.87642837E-08  4.73096772E-09  1.74099612E-06  3.93495888E-06  1.89238709E-10  1.89238709E-13  3.82262192E-08  2.27086450E-09  3.78477417E-06  1.89238709E-20  6.16977129E-13  5.78614691E-09  1.50598344E-10  2.47694645E-11  9.11516293E-09  2.06018790E-08  9.90778580E-13  9.90778580E-16  2.00137273E-10  1.18893430E-11  1.98155716E-08  9.90778580E-23  6.37634056E-10 -4.32354303E-07 -2.99364566E-07 -6.46118644E-08 -5.91871035E-06 -5.42875173E-06 -1.87523847E-10 -4.92015450E-11 -1.01185708E-06 -2.45188068E-09 -3.10249701E-06 -1.89238709E-20  2.18092759E-12 -2.02685414E-09 -1.17254912E-09 -2.64644471E-10 -2.43713361E-08 -2.11143127E-08 -1.02900955E-12 -3.09219974E-14 -4.97799363E-09 -1.40605661E-11 -1.85313686E-08 -9.90778580E-23
  1.92000000E+02  1.00000000E-01 -7.67451118E-05  9.56426392E-06  1.89240065E-06  1.87610389E-05  1.25449507E-05  8.71798272E-07  1.13140920E-04  1.85771995E-05  2.10618509E-06  2.43721516E-06  7.24127907E-05  2.31436318E-05  1.18459609E-10  1.11094021E-06  2.89148821E-08  4.75573718E-09  1.75011128E-06  3.95556076E-06  1.90229487E-10  1.90229487E-13  3.84263564E-08  2.28275385E-09  3.80458975E-06  1.90229487E-20  6.16977129E-13  5.78614691E-09  1.50598344E-10  2.47694645E-11  9.11516293E-09  2.06018790E-08  9.90778580E-13  9.90778580E-16  2.00137273E-10  1.18893430E-11  1.98155716E-08  9.90778580E-23  6.39812981E-10 -4.34382320E-07 -3.00536360E-07 -6.48763027E-08 -5.94306414E-06 -5.44985861E-06 -1.88553029E-10 -4.92323372E-11 -1.01682975E-06 -2.46594023E-09 -3.12103506E-06 -1.90229487E-20  2.17729057E-12 -2.02897269E-09 -1.17117809E-09 -2.64269835E-10 -2.43394772E-08 -2.11008377E-08 -1.02932171E-12 -3.06869116E-14 -4.96831455E-09 -1.40587233E-11 -1.85435018E-08 -9.90778580E-23
  1.93000000E+02  1.00000000E-01 -7.67451091E-05  9.56805850E-06  1.89138082E-06  1.87607996E-05  1.25297437E-05  8.71306602E-07  1.13140920E-04  1.85771994E-05  2.10146079E-06  2.43721300E-06  7.24140562E-05  2.31436318E-05  1.19076586E-10  1.11672635E-06  2.90654804E-08  4.78050665E-09  1.75922645E-06  3.97616264E-06  1.91220266E-10  1.91220266E-13  3.86264937E-08  2.29464319E-09  3.82440532E-06  1.91220266E-20  6.16977129E-13  5.78614691E-09  1.50598344E-10  2.47694645E-11  9.11516293E-09  2.06018790E-08  9.90778580E-13  9.90778580E-16  2.00137273E-10  1.18893430E-11  1.98155716E-08  9.90778580E-23  6.41988284E-10 -4.36412468E-07 -3.01706790E-07 -6.51403674E-08 -5.96738619E-06 -5.47095216E-06 -1.89582521E-10 -4.92628977E-11 -1.02179274E-06 -2.47999792E-09 -3.13958518E-06 -1.91220266E-20  2.17368166E-12 -2.03111256E-09 -1.16982184E-09 -2.63897194E-10 -2.43078143E-08 -2.10876368E-08 -1.02963146E-12 -3.04581321E-14 -4.95863446E-09 -1.40568329E-11 -1.85555203E-08 -9.90778580E-23
  1.94000000E+02  1.00000000E-01 -7.67451063E-05  9.57184962E-06  1.89036235E-06  1.87605607E-05  1.25145683E-05  8.70827985E-07  1.13140920E-04  1.85771994E-05  2.09674487E-06  2.43721084E-06  7.24153097E-05  2.31436318E-05  1.19693563E-10  1.12251250E-06  2.92160788E-08  4.80527611E-09  1.76834161E-06  3.99676452E-06  1.92211044E-10  1.92211044E-13  3.88266310E-08  2.30653253E-09  3.84422089E-06  1.92211044E-20  6.16977129E-13  5.78614691E-09  1.50598344E-10  2.47694645E-11  9.11516293E-09  2.06018790E-08  9.90778580E-13  9.90778580E-16  2.00137273E-10  1.18893430E-11  1.98155716E-08  9.90778580E-23  6.44159994E-10 -4.38444767E-07 -3.02875873E-07 -6.54040606E-08 -5.99167668E-06 -5.49203266E-06 -1.90612322E-10 -4.92932329E-11 -1.02674605E-06 -2.49405369E-09 -3.15814726E-06 -1.92211044E-20  2.17010057E-12 -2.03327307E-09 -1.16848048E-09 -2.63526535E-10 -2.42763460E-08 -2.10747037E-08 -1.02993875E-12 -3.02354906E-14 -4.94895534E-09 -1.40548971E-11 -1.85674252E-08 -9.90778580E-23
  1.95000000E+02  1.00000000E-01 -7.67451035E-05  9.57563726E-06  1.88934521E-06  1.87603222E-05  1.24994243E-05  8.70362156E-07  1.13140920E-04  1.85771994E-05  2.09203731E-06  2.43720869E-06  7.24165513E-05  2.31436318E-05  1.20310540E-10  1.12829865E-06  2.93666771E-08  4.83004558E-09  1.77745677E-06  4.01736640E-06  1.93201823E-10  1.93201823E-13  3.90267683E-08  2.31842188E-09  3.86403646E-06  1.93201823E-20  6.16977129E-13  5.78614691E-09  1.50598344E-10  2.47694645E-11  9.11516293E-09  2.06018790E-08  9.90778580E-13  9.90778580E-16  2.00137273E-10  1.18893430E-11  1.98155716E-08  9.90778580E-23  6.46328137E-10 -4.40479238E-07 -3.04043623E-07 -6.56673842E-08 -6.01593581E-06 -5.51310038E-06 -1.91642428E-10 -4.93233488E-11 -1.03168968E-06 -2.50810750E-09 -3.17672118E-06 -1.93201823E-20  2.16654678E-12 -2.03545377E-09 -1.16715384E-09 -2.63157832E-10 -2.42450693E-08 -2.10620331E-08 -1.03024360E-12 -3.00188227E-14 -4.93927840E-09 -1.40529178E-11 -1.85792177E-08 -9.90778580E-23
  1.96000000E+02  1.00000000E-01 -7.67451007E-05  9.57942138E-06  1.88832939E-06  1.87600840E-05  1.24843114E-05  8.69908856E-07  1.13140920E-04  1.85771993E-05  2.08733811E-06  2.43720654E-06  7.24177812E-05  2.31436318E-05  1.20927517E-10  1.13408479E-06  2.95172754E-08  4.85481504E-09  1.78657193E-06  4.03796828E-06  1.94192602E-10  1.94192602E-13  3.92269055E-08  2.33031122E-09  3.88385203E-06  1.94192602E-20  6.16977129E-13  5.78614691E-09  1.50598344E-10  2.47694645E-11  9.11516293E-09  2.06018790E-08  9.90778580E-13  9.90778580E-16  2.00137273E-10  1.18893430E-11  1.98155716E-08  9.90778580E-23  6.48492742E-10 -4.42515901E-07 -3.05210054E-07 -6.59303401E-08 -6.04016376E-06 -5.53415556E-06 -1.92672838E-10 -4.93532511E-11 -1.03662364E-06 -2.52215931E-09 -3.19530683E-06 -1.94192602E-20  2.16301975E-12 -2.03765421E-09 -1.16584170E-09 -2.62791044E-10 -2.42139806E-08 -2.10496206E-08 -1.03054602E-12 -2.98079685E-14 -4.92960476E-09 -1.40508972E-11 -1.85908987E-08 -9.90778580E-23
  1.97000000E+02  1.00000000E-01 -7.67450980E-05  9.58320197E-06  1.88731487E-06  1.87598462E-05  1.24692296E-05  8.69467827E-07  1.13140920E-04  1.85771993E-05  2.08264725E-06  2.43720439E-06  7.24189995E-05  2.31436318E-05  1.21544494E-10  1.13987094E-06  2.96678738E-08  4.87958450E-09  1.79568710E-06  4.05857015E-06  1.95183380E-10  1.95183380E-13  3.94270428E-08  2.34220056E-09  3.90366760E-06  1.95183380E-20  6.16977129E-13  5.78614691E-09  1.50598344E-10  2.47694645E-11  9.11516293E-09  2.06018790E-08  9.90778580E-13  9.90778580E-16  2.00137273E-10  1.18893430E-11  1.98155716E-08  9.90778580E-23  6.50653834E-10 -4.44554774E-07 -3.06375181E-07 -6.61929303E-08 -6.06436073E-06 -5.55519847E-06 -1.93703550E-10 -4.93829458E-11 -1.04154793E-06 -2.53620908E-09 -3.21390410E-06 -1.95183380E-20  2.15951898E-12 -2.03987383E-09 -1.16454375E-09 -2.62426125E-10 -2.41830754E-08 -2.10374628E-08 -1.03084602E-12 -2.96027733E-14 -4.91993572E-09 -1.40488375E-11 -1.86024694E-08 -9.90778580E-23
  1.98000000E+02  1.00000000E-01 -7.67450952E-05  9.58697900E-06  1.88630164E-06  1.87596087E-05  1.24541785E-05  8.69038817E-07  1.13140920E-04  1.85771993E-05  2.07796474E-06  2.43720224E-06  7.24202063E-05  2.31436318E-05  1.22161472E-10  1.14565709E-06  2.98184721E-08  4.90435397E-09  1.80480226E-06  4.07917203E-06  1.96174159E-10  1.96174159E-13  3.96271801E-08  2.35408991E-09  3.92348318E-06  1.96174159E-20  6.16977129E-13  5.78614691E-09  1.50598344E-10  2.47694645E-11  9.11516293E-09  2.06018790E-08  9.90778580E-13  9.90778580E-16  2.00137273E-10  1.18893430E-11  1.98155716E-08  9.90778580E-23  6.52811440E-10 -4.46595877E-07 -3.07539017E-07 -6.64551566E-08 -6.08852689E-06 -5.57622937E-06 -1.94734559E-10 -4.94124383E-11 -1.04646255E-06 -2.55025677E-09 -3.23251289E-06 -1.96174159E-20  2.15604400E-12 -2.04211196E-09 -1.16325964E-09 -2.62063017E-10 -2.41523482E-08 -2.10255573E-08 -1.03114362E-12 -2.94030880E-14 -4.91027286E-09 -1.40467416E-11 -1.86139308E-08 -9.90778580E-23
  1.99000000E+02  1.00000000E-01 -7.67450924E-05  9.59075246E-06  1.88528969E-06  1.87593716E-05  1.24391581E-05  8.68621574E-07  1.13140920E-04  1.85771992E-05  2.07329056E-06  2.43720010E-06  7.24214017E-05  2.31436318E-05  1.22778449E-10  1.15144323E-06  2.99690705E-08  4.92912343E-09  1.81391742E-06  4.09977391E-06  1.97164937E-10  1.97164937E-13  3.98273173E-08  2.36597925E-09  3.94329875E-06  1.97164937E-20  6.16977129E-13  5.78614691E-09  1.50598344E-10  2.47694645E-11  9.11516293E-09  2.06018790E-08  9.90778580E-13  9.90778580E-16  2.00137273E-10  1.18893430E-11  1.98155716E-08  9.90778580E-23  6.54965585E-10 -4.48639229E-07 -3.08701577E-07 -6.67170207E-08 -6.11266242E-06 -5.59724849E-06 -1.95765866E-10 -4.94417341E-11 -1.05136751E-06 -2.56430234E-09 -3.25113307E-06 -1.97164937E-20  2.15259441E-12 -2.04436771E-09 -1.16198891E-09 -2.61701651E-10 -2.41217925E-08 -2.10139029E-08 -1.03143884E-12 -2.92087694E-14 -4.90061822E-09 -1.40446130E-11 -1.86252839E-08 -9.90778580E-23
  2.00000000E+02  1.00000000E-01 -7.67450897E-05  9.59452234E-06  1.88427901E-06  1.87591349E-05  1.24241682E-05  8.68215848E-07  1.13140920E-04  1.85771992E-05  2.06862471E-06  2.43719795E-06  7.24225858E-05  2.31436318E-05  1.23395426E-10  1.15722938E-06  3.01196688E-08  4.95389290E-09  1.82303259E-06  4.12037579E-06  1.98155716E-10  1.98155716E-13  4.00274546E-08  2.37786859E-09  3.96311432E-06  1.98155716E-20  6.16977129E-13  5.78614691E-09  1.50598344E-10  2.47694645E-11  9.11516293E-09  2.06018790E-08  9.90778580E-13  9.90778580E-16  2.00137273E-10  1.18893430E-11  1.98155716E-08  9.90778580E-23  6.57116293E-10 -4.50684845E-07 -3.09862873E-07 -6.69785244E-08 -6.13676748E-06 -5.61825610E-06 -1.96797466E-10 -4.94708384E-11 -1.05626282E-06 -2.57834577E-09 -3.26976455E-06 -1.98155716E-20  2.14916990E-12 -2.04664000E-09 -1.16073101E-09 -2.61341938E-10 -2.40913999E-08 -2.10025001E-08 -1.03173169E-12 -2.90196806E-14 -4.89097430E-09 -1.40424557E-11 -1.86365297E-08 -9.90778580E-23
  2.01000000E+02  1.00000000E-01 -7.67450869E-05  9.59828863E-06  1.88326957E-06  1.87588985E-05  1.24092085E-05  8.67821385E-07  1.13140919E-04  1.85771992E-05  2.06396719E-06  2.43719581E-06  7.24237587E-05  2.31436318E-05  1.24012403E-10  1.16301553E-06  3.02702672E-08  4.97866236E-09  1.83214775E-06  4.14097767E-06  1.99146495E-10  1.99146495E-13  4.02275919E-08  2.38975793E-09  3.98292989E-06  1.99146495E-20  6.16977129E-13  5.78614691E-09  1.50598344E-10  2.47694645E-11  9.11516293E-09  2.06018790E-08  9.90778580E-13  9.90778580E-16  2.00137273E-10  1.18893430E-11  1.98155716E-08  9.90778580E-23  6.59263592E-10 -4.52732742E-07 -3.11022918E-07 -6.72396692E-08 -6.16084224E-06 -5.63925245E-06 -1.97829357E-10 -4.94997565E-11 -1.06114850E-06 -2.59238703E-09 -3.28840721E-06 -1.99146495E-20  2.14577022E-12 -2.04892749E-09 -1.15948529E-09 -2.60983777E-10 -2.40611608E-08 -2.09913506E-08 -1.03202220E-12 -2.88356903E-14 -4.88134410E-09 -1.40402747E-11 -1.86476693E-08 -9.90778580E-23
  2.02000000E+02  1.00000000E-01 -7.67450842E-05  9.60205133E-06  1.88226137E-06  1.87586625E-05  1.23942790E-05  8.67437930E-07  1.13140919E-04  1.85771992E-05  2.05931801E-06  2.43719367E-06  7.24249205E-05  2.31436318E-05  1.24629380E-10  1.16880167E-06  3.04208655E-08  5.00343183E-09  1.84126291E-06  4.16157955E-06  2.00137273E-10  2.00137273E-13  4.04277292E-08  2.40164728E-09  4.00274546E-06  2.00137273E-20  6.16977129E-13  5.78614691E-09  1.50598344E-10  2.47694645E-11  9.11516293E-09  2.06018790E-08  9.90778580E-13  9.90778580E-16  2.00137273E-10  1.18893430E-11  1.98155716E-08  9.90778580E-23  6.61407503E-10 -4.54782934E-07 -3.12181723E-07 -6.75004566E-08 -6.18488684E-06 -5.66023779E-06 -1.98861538E-10 -4.95284933E-11 -1.06602456E-06 -2.60642610E-09 -3.30706096E-06 -2.00137273E-20  2.14239520E-12 -2.05122866E-09 -1.15825102E-09 -2.60627052E-10 -2.40310643E-08 -2.09804576E-08 -1.03231038E-12 -2.86566726E-14 -4.87173101E-09 -1.40380753E-11 -1.86587036E-08 -9.90778580E-23
  2.03000000E+02  1.00000000E-01 -7.67450814E-05  9.60581045E-06  1.88125440E-06  1.87584268E-05  1.23793796E-05  8.67065226E-07  1.13140919E-04  1.85771991E-05  2.05467715E-06  2.43719153E-06  7.24260714E-05  2.31436318E-05  1.25246357E-10  1.17458782E-06  3.05714639E-08  5.02820129E-09  1.85037808E-06  4.18218143E-06  2.01128052E-10  2.01128052E-13  4.06278664E-08  2.41353662E-09  4.02256103E-06  2.01128052E-20  6.16977129E-13  5.78614691E-09  1.50598344E-10  2.47694645E-11  9.11516293E-09  2.06018790E-08  9.90778580E-13  9.90778580E-16  2.00137273E-10  1.18893430E-11  1.98155716E-08  9.90778580E-23  6.63548054E-10 -4.56835434E-07 -3.13339300E-07 -6.77608881E-08 -6.20890141E-06 -5.68121238E-06 -1.99894006E-10 -4.95570538E-11 -1.07089101E-06 -2.62046295E-09 -3.32572568E-06 -2.01128052E-20  2.13904471E-12 -2.05354192E-09 -1.15702743E-09 -2.60271642E-10 -2.40010990E-08 -2.09698243E-08 -1.03259626E-12 -2.84825057E-14 -4.86213853E-09 -1.40358629E-11 -1.86696337E-08 -9.90778580E-23
  2.04000000E+02  1.00000000E-01 -7.67450787E-05  9.60956601E-06  1.88024865E-06  1.87581915E-05  1.23645100E-05  8.66703011E-07  1.13140919E-04  1.85771991E-05  2.05004463E-06  2.43718939E-06  7.24272113E-05  2.31436318E-05  1.25863334E-10  1.18037397E-06  3.07220622E-08  5.05297076E-09  1.85949324E-06  4.20278331E-06  2.02118830E-10  2.02118830E-13  4.08280037E-08  2.42542596E-09  4.04237661E-06  2.02118830E-20  6.16977129E-13  5.78614691E-09  1.50598344E-10  2.47694645E-11  9.11516293E-09  2.06018790E-08  9.90778580E-13  9.90778580E-16  2.00137273E-10  1.18893430E-11  1.98155716E-08  9.90778580E-23  6.65685267E-10 -4.58890253E-07 -3.14495659E-07 -6.80209649E-08 -6.23288608E-06 -5.70217648E-06 -2.00926758E-10 -4.95854427E-11 -1.07574788E-06 -2.63449760E-09 -3.34440128E-06 -2.02118830E-20  2.13571860E-12 -2.05586572E-09 -1.15581380E-09 -2.59917430E-10 -2.39712539E-08 -2.09594538E-08 -1.03287986E-12 -2.83130709E-14 -4.85257001E-09 -1.40336429E-11 -1.86804605E-08 -9.90778580E-23
  2.05000000E+02  1.00000000E-01 -7.67450759E-05  9.61331801E-06  1.87924411E-06  1.87579566E-05  1.23496703E-05  8.66351020E-07  1.13140919E-04  1.85771991E-05  2.04542044E-06  2.43718725E-06  7.24283406E-05  2.31436318E-05  1.26480311E-10  1.18616012E-06  3.08726605E-08  5.07774022E-09  1.86860840E-06  4.22338519E-06  2.03109609E-10  2.03109609E-13  4.10281410E-08  2.43731531E-09  4.06219218E-06  2.03109609E-20  6.16977129E-13  5.78614691E-09  1.50598344E-10  2.47694645E-11  9.11516293E-09  2.06018790E-08  9.90778580E-13  9.90778580E-16  2.00137273E-10  1.18893430E-11  1.98155716E-08  9.90778580E-23  6.67819168E-10 -4.60947401E-07 -3.15650810E-07 -6.82806880E-08 -6.25684098E-06 -5.72313035E-06 -2.01959793E-10 -4.96136648E-11 -1.08059520E-06 -2.64853002E-09 -3.36308765E-06 -2.03109609E-20  2.13241668E-12 -2.05819871E-09 -1.15460946E-09 -2.59564316E-10 -2.39415194E-08 -2.09493479E-08 -1.03316120E-12 -2.81482507E-14 -4.84302827E-09 -1.40314198E-11 -1.86911850E-08 -9.90778580E-23
  2.06000000E+02  1.00000000E-01 -7.67450732E-05  9.61706649E-06  1.87824076E-06  1.87577220E-05  1.23348602E-05  8.66008990E-07  1.13140919E-04  1.85771991E-05  2.04080459E-06  2.43718512E-06  7.24294591E-05  2.31436318E-05  1.27097289E-10  1.19194626E-06  3.10232589E-08  5.10250969E-09  1.87772356E-06  4.24398707E-06  2.04100387E-10  2.04100387E-13  4.12282783E-08  2.44920465E-09  4.08200775E-06  2.04100387E-20  6.16977129E-13  5.78614691E-09  1.50598344E-10  2.47694645E-11  9.11516293E-09  2.06018790E-08  9.90778580E-13  9.90778580E-16  2.00137273E-10  1.18893430E-11  1.98155716E-08  9.90778580E-23  6.69949780E-10 -4.63006887E-07 -3.16804761E-07 -6.85400586E-08 -6.28076619E-06 -5.74407426E-06 -2.02993108E-10 -4.96417245E-11 -1.08543300E-06 -2.66256021E-09 -3.38178468E-06 -2.04100387E-20  2.12913868E-12 -2.06053991E-09 -1.15341395E-09 -2.59212223E-10 -2.39118883E-08 -2.09395058E-08 -1.03344031E-12 -2.79879280E-14 -4.83351526E-09 -1.40291967E-11 -1.87018082E-08 -9.90778580E-23
  2.07000000E+02  1.00000000E-01 -7.67450705E-05  9.62081146E-06  1.87723861E-06  1.87574877E-05  1.23200797E-05  8.65676659E-07  1.13140919E-04  1.85771990E-05  2.03619708E-06  2.43718299E-06  7.24305671E-05  2.31436318E-05  1.27714266E-10  1.19773241E-06  3.11738572E-08  5.12727915E-09  1.88683873E-06  4.26458894E-06  2.05091166E-10  2.05091166E-13  4.14284155E-08  2.46109399E-09  4.10182332E-06  2.05091166E-20  6.16977129E-13  5.78614691E-09  1.50598344E-10  2.47694645E-11  9.11516293E-09  2.06018790E-08  9.90778580E-13  9.90778580E-16  2.00137273E-10  1.18893430E-11  1.98155716E-08  9.90778580E-23  6.72077126E-10 -4.65068718E-07 -3.17957522E-07 -6.87990776E-08 -6.30466183E-06 -5.76500848E-06 -2.04026701E-10 -4.96696263E-11 -1.09026129E-06 -2.67658819E-09 -3.40049229E-06 -2.05091166E-20  2.12588420E-12 -2.06288875E-09 -1.15222696E-09 -2.58861108E-10 -2.38823566E-08 -2.09299244E-08 -1.03371721E-12 -2.78319850E-14 -4.82403194E-09 -1.40269754E-11 -1.87123310E-08 -9.90778580E-23
  2.08000000E+02  1.00000000E-01 -7.67450677E-05  9.62455295E-06  1.87623764E-06  1.87572538E-05  1.23053287E-05  8.65353768E-07  1.13140919E-04  1.85771990E-05  2.03159791E-06  2.43718086E-06  7.24316646E-05  2.31436318E-05  1.28331243E-10  1.20351856E-06  3.13244556E-08  5.15204861E-09  1.89595389E-06  4.28519082E-06  2.06081945E-10  2.06081945E-13  4.16285528E-08  2.47298333E-09  4.12163889E-06  2.06081945E-20  6.16977129E-13  5.78614691E-09  1.50598344E-10  2.47694645E-11  9.11516293E-09  2.06018790E-08  9.90778580E-13  9.90778580E-16  2.00137273E-10  1.18893430E-11  1.98155716E-08  9.90778580E-23  6.74201231E-10 -4.67132902E-07 -3.19109100E-07 -6.90577460E-08 -6.32852799E-06 -5.78593325E-06 -2.05060569E-10 -4.96973745E-11 -1.09508012E-06 -2.69061394E-09 -3.41921036E-06 -2.06081945E-20  2.12265276E-12 -2.06524518E-09 -1.15104844E-09 -2.58510962E-10 -2.38529232E-08 -2.09205974E-08 -1.03399192E-12 -2.76803031E-14 -4.81457815E-09 -1.40247562E-11 -1.87227544E-08 -9.90778580E-23
  2.09000000E+02  1.00000000E-01 -7.67450650E-05  9.62829099E-06  1.87523784E-06  1.87570203E-05  1.22906070E-05  8.65040068E-07  1.13140919E-04  1.85771990E-05  2.02700708E-06  2.43717873E-06  7.24327517E-05  2.31436318E-05  1.28948220E-10  1.20930470E-06  3.14750539E-08  5.17681808E-09  1.90506905E-06  4.30579270E-06  2.07072723E-10  2.07072723E-13  4.18286901E-08  2.48487268E-09  4.14145446E-06  2.07072723E-20  6.16977129E-13  5.78614691E-09  1.50598344E-10  2.47694645E-11  9.11516293E-09  2.06018790E-08  9.90778580E-13  9.90778580E-16  2.00137273E-10  1.18893430E-11  1.98155716E-08  9.90778580E-23  6.76322117E-10 -4.69199447E-07 -3.20259504E-07 -6.93160649E-08 -6.35236477E-06 -5.80684883E-06 -2.06094711E-10 -4.97249733E-11 -1.09988952E-06 -2.70463748E-09 -3.43793880E-06 -2.07072723E-20  2.11944374E-12 -2.06760956E-09 -1.14987848E-09 -2.58161806E-10 -2.38235903E-08 -2.09115158E-08 -1.03426445E-12 -2.75327633E-14 -4.80515280E-09 -1.40225377E-11 -1.87330794E-08 -9.90778580E-23
  2.10000000E+02  1.00000000E-01 -7.67450623E-05  9.63202559E-06  1.87423921E-06  1.87567871E-05  1.22759147E-05  8.64735319E-07  1.13140919E-04  1.85771989E-05  2.02242460E-06  2.43717660E-06  7.24338285E-05  2.31436318E-05  1.29565197E-10  1.21509085E-06  3.16256523E-08  5.20158754E-09  1.91418422E-06  4.32639458E-06  2.08063502E-10  2.08063502E-13  4.20288273E-08  2.49676202E-09  4.16127003E-06  2.08063502E-20  6.16977129E-13  5.78614691E-09  1.50598344E-10  2.47694645E-11  9.11516293E-09  2.06018790E-08  9.90778580E-13  9.90778580E-16  2.00137273E-10  1.18893430E-11  1.98155716E-08  9.90778580E-23  6.78439806E-10 -4.71268361E-07 -3.21408743E-07 -6.95740351E-08 -6.37617228E-06 -5.82775547E-06 -2.07129125E-10 -4.97524268E-11 -1.10468950E-06 -2.71865880E-09 -3.45667751E-06 -2.08063502E-20  2.11625647E-12 -2.06998259E-09 -1.14871737E-09 -2.57813687E-10 -2.37943619E-08 -2.09026691E-08 -1.03453482E-12 -2.73892470E-14 -4.79575402E-09 -1.40203177E-11 -1.87433067E-08 -9.90778580E-23
  2.11000000E+02  1.00000000E-01 -7.67450595E-05  9.63575677E-06  1.87324173E-06  1.87565542E-05  1.22612515E-05  8.64439294E-07  1.13140919E-04  1.85771989E-05  2.01785046E-06  2.43717448E-06  7.24348952E-05  2.31436318E-05  1.30182174E-10  1.22087700E-06  3.17762506E-08  5.22635701E-09  1.92329938E-06  4.34699646E-06  2.09054280E-10  2.09054280E-13  4.22289646E-08  2.50865136E-09  4.18108561E-06  2.09054280E-20  6.16977129E-13  5.78614691E-09  1.50598344E-10  2.47694645E-11  9.11516293E-09  2.06018790E-08  9.90778580E-13  9.90778580E-16  2.00137273E-10  1.18893430E-11  1.98155716E-08  9.90778580E-23  6.80554320E-10 -4.73339653E-07 -3.22556826E-07 -6.98316579E-08 -6.39995061E-06 -5.84865337E-06 -2.08163807E-10 -4.97797389E-11 -1.10948009E-06 -2.73267789E-09 -3.47542640E-06 -2.09054280E-20  2.11309021E-12 -2.07236518E-09 -1.14756546E-09 -2.57466665E-10 -2.37652439E-08 -2.08940451E-08 -1.03480305E-12 -2.72496369E-14 -4.78637956E-09 -1.40180934E-11 -1.87534375E-08 -9.90778580E-23
  2.12000000E+02  1.00000000E-01 -7.67450568E-05  9.63948455E-06  1.87224540E-06  1.87563217E-05  1.22466173E-05  8.64151776E-07  1.13140919E-04  1.85771989E-05  2.01328468E-06  2.43717236E-06  7.24359518E-05  2.31436318E-05  1.30799151E-10  1.22666314E-06  3.19268490E-08  5.25112647E-09  1.93241454E-06  4.36759834E-06  2.10045059E-10  2.10045059E-13  4.24291019E-08  2.52054071E-09  4.20090118E-06  2.10045059E-20  6.16977129E-13  5.78614691E-09  1.50598344E-10  2.47694645E-11  9.11516293E-09  2.06018790E-08  9.90778580E-13  9.90778580E-16  2.00137273E-10  1.18893430E-11  1.98155716E-08  9.90778580E-23  6.82665678E-10 -4.75413334E-07 -3.23703763E-07 -7.00889342E-08 -6.42369990E-06 -5.86954277E-06 -2.09198757E-10 -4.98069136E-11 -1.11426133E-06 -2.74669476E-09 -3.49418536E-06 -2.10045059E-20  2.10994426E-12 -2.07475831E-09 -1.14642314E-09 -2.57120805E-10 -2.37362422E-08 -2.08856318E-08 -1.03506914E-12 -2.71138184E-14 -4.77702702E-09 -1.40158615E-11 -1.87634725E-08 -9.90778580E-23
  2.13000000E+02  1.00000000E-01 -7.67450541E-05  9.64320893E-06  1.87125021E-06  1.87560896E-05  1.22320121E-05  8.63872560E-07  1.13140919E-04  1.85771989E-05  2.00872724E-06  2.43717023E-06  7.24369985E-05  2.31436318E-05  1.31416128E-10  1.23244929E-06  3.20774473E-08  5.27589594E-09  1.94152970E-06  4.38820022E-06  2.11035837E-10  2.11035837E-13  4.26292392E-08  2.53243005E-09  4.22071675E-06  2.11035837E-20  6.16977129E-13  5.78614691E-09  1.50598344E-10  2.47694645E-11  9.11516293E-09  2.06018790E-08  9.90778580E-13  9.90778580E-16  2.00137273E-10  1.18893430E-11  1.98155716E-08  9.90778580E-23  6.84773901E-10 -4.77489414E-07 -3.24849562E-07 -7.03458654E-08 -6.44742024E-06 -5.89042387E-06 -2.10233971E-10 -4.98339544E-11 -1.11903322E-06 -2.76070939E-09 -3.51295431E-06 -2.11035837E-20  2.10681790E-12 -2.07716292E-09 -1.14529078E-09 -2.56776168E-10 -2.37073625E-08 -2.08774177E-08 -1.03533311E-12 -2.69816804E-14 -4.76769417E-09 -1.40136192E-11 -1.87734127E-08 -9.90778580E-23
  2.14000000E+02  1.00000000E-01 -7.67450514E-05  9.64692993E-06  1.87025614E-06  1.87558578E-05  1.22174357E-05  8.63601454E-07  1.13140919E-04  1.85771988E-05  2.00417814E-06  2.43716812E-06  7.24380352E-05  2.31436318E-05  1.32033106E-10  1.23823544E-06  3.22280456E-08  5.30066540E-09  1.95064487E-06  4.40880210E-06  2.12026616E-10  2.12026616E-13  4.28293764E-08  2.54431939E-09  4.24053232E-06  2.12026616E-20  6.16977129E-13  5.78614691E-09  1.50598344E-10  2.47694645E-11  9.11516293E-09  2.06018790E-08  9.90778580E-13  9.90778580E-16  2.00137273E-10  1.18893430E-11  1.98155716E-08  9.90778580E-23  6.86879008E-10 -4.79567905E-07 -3.25994235E-07 -7.06024526E-08 -6.47111178E-06 -5.91129686E-06 -2.11269449E-10 -4.98608651E-11 -1.12379579E-06 -2.77472177E-09 -3.53173315E-06 -2.12026616E-20  2.10371050E-12 -2.07957980E-09 -1.14416866E-09 -2.56432805E-10 -2.36786096E-08 -2.08693921E-08 -1.03559498E-12 -2.68531157E-14 -4.75837912E-09 -1.40113642E-11 -1.87832590E-08 -9.90778580E-23
  2.15000000E+02  1.00000000E-01 -7.67450487E-05  9.65064754E-06  1.86926319E-06  1.87556263E-05  1.22028880E-05  8.63338274E-07  1.13140919E-04  1.85771988E-05  1.99963740E-06  2.43716600E-06  7.24390621E-05  2.31436318E-05  1.32650083E-10  1.24402158E-06  3.23786440E-08  5.32543487E-09  1.95976003E-06  4.42940398E-06  2.13017395E-10  2.13017395E-13  4.30295137E-08  2.55620874E-09  4.26034789E-06  2.13017395E-20  6.16977129E-13  5.78614691E-09  1.50598344E-10  2.47694645E-11  9.11516293E-09  2.06018790E-08  9.90778580E-13  9.90778580E-16  2.00137273E-10  1.18893430E-11  1.98155716E-08  9.90778580E-23  6.88981019E-10 -4.81648820E-07 -3.27137791E-07 -7.08586971E-08 -6.49477464E-06 -5.93216192E-06 -2.12305187E-10 -4.98876491E-11 -1.12854905E-06 -2.78873188E-09 -3.55052178E-06 -2.13017395E-20  2.10062148E-12 -2.08200955E-09 -1.14305702E-09 -2.56090753E-10 -2.36499869E-08 -2.08615461E-08 -1.03585474E-12 -2.67280216E-14 -4.74908044E-09 -1.40090946E-11 -1.87930123E-08 -9.90778580E-23
  2.16000000E+02  1.00000000E-01 -7.67450459E-05  9.65436177E-06  1.86827135E-06  1.87553952E-05  1.21883689E-05  8.63082845E-07  1.13140919E-04  1.85771988E-05  1.99510499E-06  2.43716388E-06  7.24400794E-05  2.31436318E-05  1.33267060E-10  1.24980773E-06  3.25292423E-08  5.35020433E-09  1.96887519E-06  4.45000585E-06  2.14008173E-10  2.14008173E-13  4.32296510E-08  2.56809808E-09  4.28016346E-06  2.14008173E-20  6.16977129E-13  5.78614691E-09  1.50598344E-10  2.47694645E-11  9.11516293E-09  2.06018790E-08  9.90778580E-13  9.90778580E-16  2.00137273E-10  1.18893430E-11  1.98155716E-08  9.90778580E-23  6.91079949E-10 -4.83732172E-07 -3.28280242E-07 -7.11146004E-08 -6.51840894E-06 -5.95301923E-06 -2.13341183E-10 -4.99143099E-11 -1.13329303E-06 -2.80273972E-09 -3.56932011E-06 -2.14008173E-20  2.09755032E-12 -2.08445257E-09 -1.14195598E-09 -2.55750036E-10 -2.36214966E-08 -2.08538718E-08 -1.03611243E-12 -2.66062997E-14 -4.73979714E-09 -1.40068094E-11 -1.88026734E-08 -9.90778580E-23
  2.17000000E+02  1.00000000E-01 -7.67450432E-05  9.65807262E-06  1.86728060E-06  1.87551644E-05  1.21738781E-05  8.62834998E-07  1.13140919E-04  1.85771988E-05  1.99058094E-06  2.43716177E-06  7.24410870E-05  2.31436318E-05  1.33884037E-10  1.25559388E-06  3.26798407E-08  5.37497379E-09  1.97799036E-06  4.47060773E-06  2.14998952E-10  2.14998952E-13  4.34297883E-08  2.57998742E-09  4.29997904E-06  2.14998952E-20  6.16977129E-13  5.78614691E-09  1.50598344E-10  2.47694645E-11  9.11516293E-09  2.06018790E-08  9.90778580E-13  9.90778580E-16  2.00137273E-10  1.18893430E-11  1.98155716E-08  9.90778580E-23  6.93175819E-10 -4.85817974E-07 -3.29421597E-07 -7.13701637E-08 -6.54201483E-06 -5.97386896E-06 -2.14377436E-10 -4.99408508E-11 -1.13802772E-06 -2.81674527E-09 -3.58812806E-06 -2.14998952E-20  2.09449658E-12 -2.08690908E-09 -1.14086558E-09 -2.55410662E-10 -2.35931394E-08 -2.08463630E-08 -1.03636804E-12 -2.64878558E-14 -4.73052867E-09 -1.40045080E-11 -1.88122433E-08 -9.90778580E-23
  2.18000000E+02  1.00000000E-01 -7.67450405E-05  9.66178008E-06  1.86629093E-06  1.87549339E-05  1.21594157E-05  8.62594572E-07  1.13140919E-04  1.85771987E-05  1.98606522E-06  2.43715966E-06  7.24420851E-05  2.31436318E-05  1.34501014E-10  1.26138003E-06  3.28304390E-08  5.39974326E-09  1.98710552E-06  4.49120961E-06  2.15989730E-10  2.15989730E-13  4.36299255E-08  2.59187676E-09  4.31979461E-06  2.15989730E-20  6.16977129E-13  5.78614691E-09  1.50598344E-10  2.47694645E-11  9.11516293E-09  2.06018790E-08  9.90778580E-13  9.90778580E-16  2.00137273E-10  1.18893430E-11  1.98155716E-08  9.90778580E-23  6.95268644E-10 -4.87906241E-07 -3.30561868E-07 -7.16253883E-08 -6.56559244E-06 -5.99471127E-06 -2.15413944E-10 -4.99672750E-11 -1.14275316E-06 -2.83074850E-09 -3.60694552E-06 -2.15989730E-20  2.09145986E-12 -2.08937914E-09 -1.13978580E-09 -2.55072632E-10 -2.35649153E-08 -2.08390144E-08 -1.03662160E-12 -2.63725994E-14 -4.72127482E-09 -1.40021905E-11 -1.88217227E-08 -9.90778580E-23
  2.19000000E+02  1.00000000E-01 -7.67450378E-05  9.66548416E-06  1.86530234E-06  1.87547038E-05  1.21449814E-05  8.62361408E-07  1.13140919E-04  1.85771987E-05  1.98155784E-06  2.43715755E-06  7.24430738E-05  2.31436318E-05  1.35117991E-10  1.26716617E-06  3.29810374E-08  5.42451272E-09  1.99622068E-06  4.51181149E-06  2.16980509E-10  2.16980509E-13  4.38300628E-08  2.60376611E-09  4.33961018E-06  2.16980509E-20  6.16977129E-13  5.78614691E-09  1.50598344E-10  2.47694645E-11  9.11516293E-09  2.06018790E-08  9.90778580E-13  9.90778580E-16  2.00137273E-10  1.18893430E-11  1.98155716E-08  9.90778580E-23  6.97358441E-10 -4.89996985E-07 -3.31701065E-07 -7.18802756E-08 -6.58914189E-06 -6.01554632E-06 -2.16450704E-10 -4.99935857E-11 -1.14746935E-06 -2.84474941E-09 -3.62577241E-06 -2.16980509E-20  2.08843979E-12 -2.09186272E-09 -1.13871657E-09 -2.54735936E-10 -2.35368233E-08 -2.08318215E-08 -1.03687311E-12 -2.62604431E-14 -4.71203562E-09 -1.39998571E-11 -1.88311126E-08 -9.90778580E-23
  2.20000000E+02  1.00000000E-01 -7.67450351E-05  9.66918485E-06  1.86431481E-06  1.87544740E-05  1.21305751E-05  8.62135353E-07  1.13140919E-04  1.85771987E-05  1.97705880E-06  2.43715544E-06  7.24440531E-05  2.31436318E-05  1.35734968E-10  1.27295232E-06  3.31316357E-08  5.44928219E-09  2.00533585E-06  4.53241337E-06  2.17971288E-10  2.17971288E-13  4.40302001E-08  2.61565545E-09  4.35942575E-06  2.17971288E-20  6.16977129E-13  5.78614691E-09  1.50598344E-10  2.47694645E-11  9.11516293E-09  2.06018790E-08  9.90778580E-13  9.90778580E-16  2.00137273E-10  1.18893430E-11  1.98155716E-08  9.90778580E-23  6.99445228E-10 -4.92090220E-07 -3.32839198E-07 -7.21348270E-08 -6.61266333E-06 -6.03637425E-06 -2.17487715E-10 -5.00197859E-11 -1.15217632E-06 -2.85874798E-09 -3.64460865E-06 -2.17971288E-20  2.08543605E-12 -2.09435968E-09 -1.13765779E-09 -2.54400559E-10 -2.35088621E-08 -2.08247804E-08 -1.03712259E-12 -2.61513027E-14 -4.70281125E-09 -1.39975084E-11 -1.88404137E-08 -9.90778580E-23
  2.21000000E+02  1.00000000E-01 -7.67450324E-05  9.67288215E-06  1.86332833E-06  1.87542446E-05  1.21161967E-05  8.61916258E-07  1.13140919E-04  1.85771987E-05  1.97256809E-06  2.43715334E-06  7.24450232E-05  2.31436318E-05  1.36351945E-10  1.27873847E-06  3.32822340E-08  5.47405165E-09  2.01445101E-06  4.55301525E-06  2.18962066E-10  2.18962066E-13  4.42303374E-08  2.62754479E-09  4.37924132E-06  2.18962066E-20  6.16977129E-13  5.78614691E-09  1.50598344E-10  2.47694645E-11  9.11516293E-09  2.06018790E-08  9.90778580E-13  9.90778580E-16  2.00137273E-10  1.18893430E-11  1.98155716E-08  9.90778580E-23  7.01529019E-10 -4.94185959E-07 -3.33976279E-07 -7.23890437E-08 -6.63615687E-06 -6.05719523E-06 -2.18524974E-10 -5.00458785E-11 -1.15687406E-06 -2.87274419E-09 -3.66345414E-06 -2.18962066E-20  2.08244833E-12 -2.09686987E-09 -1.13660934E-09 -2.54066486E-10 -2.34810299E-08 -2.08178876E-08 -1.03737006E-12 -2.60450966E-14 -4.69360200E-09 -1.39951452E-11 -1.88496270E-08 -9.90778580E-23
  2.22000000E+02  1.00000000E-01 -7.67450297E-05  9.67657606E-06  1.86234290E-06  1.87540154E-05  1.21018461E-05  8.61703975E-07  1.13140919E-04  1.85771986E-05  1.96808571E-06  2.43715124E-06  7.24459841E-05  2.31436318E-05  1.36968923E-10  1.28452461E-06  3.34328324E-08  5.49882112E-09  2.02356617E-06  4.57361713E-06  2.19952845E-10  2.19952845E-13  4.44304746E-08  2.63943414E-09  4.39905689E-06  2.19952845E-20  6.16977129E-13  5.78614691E-09  1.50598344E-10  2.47694645E-11  9.11516293E-09  2.06018790E-08  9.90778580E-13  9.90778580E-16  2.00137273E-10  1.18893430E-11  1.98155716E-08  9.90778580E-23  7.03609832E-10 -4.96284216E-07 -3.35112316E-07 -7.26429271E-08 -6.65962265E-06 -6.07800940E-06 -2.19562479E-10 -5.00718665E-11 -1.16156260E-06 -2.88673803E-09 -3.68230879E-06 -2.19952845E-20  2.07947632E-12 -2.09939309E-09 -1.13557109E-09 -2.53733698E-10 -2.34533251E-08 -2.08111398E-08 -1.03761553E-12 -2.59417455E-14 -4.68440818E-09 -1.39927681E-11 -1.88587532E-08 -9.90778580E-23
  2.23000000E+02  1.00000000E-01 -7.67450270E-05  9.68026657E-06  1.86135850E-06  1.87537867E-05  1.20875231E-05  8.61498362E-07  1.13140919E-04  1.85771986E-05  1.96361166E-06  2.43714914E-06  7.24469360E-05  2.31436318E-05  1.37585900E-10  1.29031076E-06  3.35834307E-08  5.52359058E-09  2.03268133E-06  4.59421901E-06  2.20943623E-10  2.20943623E-13  4.46306119E-08  2.65132348E-09  4.41887247E-06  2.20943623E-20  6.16977129E-13  5.78614691E-09  1.50598344E-10  2.47694645E-11  9.11516293E-09  2.06018790E-08  9.90778580E-13  9.90778580E-16  2.00137273E-10  1.18893430E-11  1.98155716E-08  9.90778580E-23  7.05687680E-10 -4.98385003E-07 -3.36247321E-07 -7.28964783E-08 -6.68306080E-06 -6.09881689E-06 -2.20600228E-10 -5.00977527E-11 -1.16624196E-06 -2.90072948E-09 -3.70117252E-06 -2.20943623E-20  2.07651975E-12 -2.10192917E-09 -1.13454290E-09 -2.53402175E-10 -2.34257459E-08 -2.08045339E-08 -1.03785902E-12 -2.58411723E-14 -4.67523014E-09 -1.39903778E-11 -1.88677933E-08 -9.90778580E-23
  2.24000000E+02  1.00000000E-01 -7.67450243E-05  9.68395370E-06  1.86037512E-06  1.87535582E-05  1.20732277E-05  8.61299277E-07  1.13140918E-04  1.85771986E-05  1.95914592E-06  2.43714704E-06  7.24478788E-05  2.31436318E-05  1.38202877E-10  1.29609691E-06  3.37340291E-08  5.54836005E-09  2.04179650E-06  4.61482089E-06  2.21934402E-10  2.21934402E-13  4.48307492E-08  2.66321282E-09  4.43868804E-06  2.21934402E-20  6.16977129E-13  5.78614691E-09  1.50598344E-10  2.47694645E-11  9.11516293E-09  2.06018790E-08  9.90778580E-13  9.90778580E-16  2.00137273E-10  1.18893430E-11  1.98155716E-08  9.90778580E-23  7.07762581E-10 -5.00488333E-07 -3.37381303E-07 -7.31496987E-08 -6.70647143E-06 -6.11961786E-06 -2.21638220E-10 -5.01235399E-11 -1.17091215E-06 -2.91471854E-09 -3.72004525E-06 -2.21934402E-20  2.07357833E-12 -2.10447792E-09 -1.13352466E-09 -2.53071900E-10 -2.33982903E-08 -2.07980668E-08 -1.03810054E-12 -2.57433019E-14 -4.66606820E-09 -1.39879751E-11 -1.88767479E-08 -9.90778580E-23
  2.25000000E+02  1.00000000E-01 -7.67450217E-05  9.68763742E-06  1.85939276E-06  1.87533301E-05  1.20589596E-05  8.61106585E-07  1.13140918E-04  1.85771986E-05  1.95468849E-06  2.43714494E-06  7.24488127E-05  2.31436318E-05  1.38819854E-10  1.30188305E-06  3.38846274E-08  5.57312951E-09  2.05091166E-06  4.63542277E-06  2.22925180E-10  2.22925180E-13  4.50308864E-08  2.67510217E-09  4.45850361E-06  2.22925180E-20  6.16977129E-13  5.78614691E-09  1.50598344E-10  2.47694645E-11  9.11516293E-09  2.06018790E-08  9.90778580E-13  9.90778580E-16  2.00137273E-10  1.18893430E-11  1.98155716E-08  9.90778580E-23  7.09834549E-10 -5.02594218E-07 -3.38514272E-07 -7.34025896E-08 -6.72985468E-06 -6.14041243E-06 -2.22676453E-10 -5.01492306E-11 -1.17557319E-06 -2.92870519E-09 -3.73892688E-06 -2.22925180E-20  2.07065181E-12 -2.10703914E-09 -1.13251623E-09 -2.52742855E-10 -2.33709568E-08 -2.07917356E-08 -1.03834010E-12 -2.56480614E-14 -4.65692266E-09 -1.39855608E-11 -1.88856178E-08 -9.90778580E-23
  2.26000000E+02  1.00000000E-01 -7.67450190E-05  9.69131775E-06  1.85841140E-06  1.87531023E-05  1.20447188E-05  8.60920151E-07  1.13140918E-04  1.85771985E-05  1.95023937E-06  2.43714285E-06  7.24497379E-05  2.31436318E-05  1.39436831E-10  1.30766920E-06  3.40352258E-08  5.59789898E-09  2.06002682E-06  4.65602464E-06  2.23915959E-10  2.23915959E-13  4.52310237E-08  2.68699151E-09  4.47831918E-06  2.23915959E-20  6.16977129E-13  5.78614691E-09  1.50598344E-10  2.47694645E-11  9.11516293E-09  2.06018790E-08  9.90778580E-13  9.90778580E-16  2.00137273E-10  1.18893430E-11  1.98155716E-08  9.90778580E-23  7.11903598E-10 -5.04702672E-07 -3.39646238E-07 -7.36551520E-08 -6.75321066E-06 -6.16120075E-06 -2.23714924E-10 -5.01748274E-11 -1.18022509E-06 -2.94268941E-09 -3.75781734E-06 -2.23915959E-20  2.06773991E-12 -2.10961266E-09 -1.13151748E-09 -2.52415021E-10 -2.33437435E-08 -2.07855373E-08 -1.03857772E-12 -2.55553797E-14 -4.64779384E-09 -1.39831354E-11 -1.88944040E-08 -9.90778580E-23
  2.27000000E+02  1.00000000E-01 -7.67450163E-05  9.69499468E-06  1.85743103E-06  1.87528748E-05  1.20305051E-05  8.60739843E-07  1.13140918E-04  1.85771985E-05  1.94579855E-06  2.43714076E-06  7.24506542E-05  2.31436318E-05  1.40053808E-10  1.31345535E-06  3.41858241E-08  5.62266844E-09  2.06914199E-06  4.67662652E-06  2.24906738E-10  2.24906738E-13  4.54311610E-08  2.69888085E-09  4.49813475E-06  2.24906738E-20  6.16977129E-13  5.78614691E-09  1.50598344E-10  2.47694645E-11  9.11516293E-09  2.06018790E-08  9.90778580E-13  9.90778580E-16  2.00137273E-10  1.18893430E-11  1.98155716E-08  9.90778580E-23  7.13969743E-10 -5.06813705E-07 -3.40777211E-07 -7.39073873E-08 -6.77653949E-06 -6.18198293E-06 -2.24753631E-10 -5.02003330E-11 -1.18486787E-06 -2.95667121E-09 -3.77671654E-06 -2.24906738E-20  2.06484237E-12 -2.11219832E-09 -1.13052830E-09 -2.52088382E-10 -2.33166488E-08 -2.07794690E-08 -1.03881341E-12 -2.54651878E-14 -4.63868202E-09 -1.39806996E-11 -1.89031072E-08 -9.90778580E-23
  2.28000000E+02  1.00000000E-01 -7.67450136E-05  9.69866820E-06  1.85645164E-06  1.87526477E-05  1.20163185E-05  8.60565533E-07  1.13140918E-04  1.85771985E-05  1.94136602E-06  2.43713867E-06  7.24515620E-05  2.31436318E-05  1.40670785E-10  1.31924149E-06  3.43364225E-08  5.64743790E-09  2.07825715E-06  4.69722840E-06  2.25897516E-10  2.25897516E-13  4.56312983E-08  2.71077019E-09  4.51795032E-06  2.25897516E-20  6.16977129E-13  5.78614691E-09  1.50598344E-10  2.47694645E-11  9.11516293E-09  2.06018790E-08  9.90778580E-13  9.90778580E-16  2.00137273E-10  1.18893430E-11  1.98155716E-08  9.90778580E-23  7.16032998E-10 -5.08927331E-07 -3.41907199E-07 -7.41592966E-08 -6.79984129E-06 -6.20275913E-06 -2.25792574E-10 -5.02257497E-11 -1.18950155E-06 -2.97065057E-09 -3.79562439E-06 -2.25897516E-20  2.06195896E-12 -2.11479594E-09 -1.12954856E-09 -2.51762921E-10 -2.32896710E-08 -2.07735279E-08 -1.03904719E-12 -2.53774182E-14 -4.62958746E-09 -1.39782541E-11 -1.89117282E-08 -9.90778580E-23
  2.29000000E+02  1.00000000E-01 -7.67450109E-05  9.70233832E-06  1.85547323E-06  1.87524209E-05  1.20021588E-05  8.60397096E-07  1.13140918E-04  1.85771985E-05  1.93694178E-06  2.43713658E-06  7.24524611E-05  2.31436318E-05  1.41287763E-10  1.32502764E-06  3.44870208E-08  5.67220737E-09  2.08737231E-06  4.71783028E-06  2.26888295E-10  2.26888295E-13  4.58314355E-08  2.72265954E-09  4.53776589E-06  2.26888295E-20  6.16977129E-13  5.78614691E-09  1.50598344E-10  2.47694645E-11  9.11516293E-09  2.06018790E-08  9.90778580E-13  9.90778580E-16  2.00137273E-10  1.18893430E-11  1.98155716E-08  9.90778580E-23  7.18093378E-10 -5.11043562E-07 -3.43036214E-07 -7.44108810E-08 -6.82311618E-06 -6.22352944E-06 -2.26831748E-10 -5.02510800E-11 -1.19412614E-06 -2.98462747E-09 -3.81454082E-06 -2.26888295E-20  2.05908941E-12 -2.11740534E-09 -1.12857815E-09 -2.51438621E-10 -2.32628087E-08 -2.07677112E-08 -1.03927907E-12 -2.52920056E-14 -4.62051045E-09 -1.39757995E-11 -1.89202677E-08 -9.90778580E-23
  2.30000000E+02  1.00000000E-01 -7.67450083E-05  9.70600503E-06  1.85449579E-06  1.87521944E-05  1.19880259E-05  8.60234407E-07  1.13140918E-04  1.85771984E-05  1.93252582E-06  2.43713449E-06  7.24533517E-05  2.31436318E-05  1.41904740E-10  1.33081379E-06  3.46376191E-08  5.69697683E-09  2.09648747E-06  4.73843216E-06  2.27879073E-10  2.27879073E-13  4.60315728E-08  2.73454888E-09  4.55758147E-06  2.27879073E-20  6.16977129E-13  5.78614691E-09  1.50598344E-10  2.47694645E-11  9.11516293E-09  2.06018790E-08  9.90778580E-13  9.90778580E-16  2.00137273E-10  1.18893430E-11  1.98155716E-08  9.90778580E-23  7.20150895E-10 -5.13162408E-07 -3.44164262E-07 -7.46621418E-08 -6.84636427E-06 -6.24429401E-06 -2.27871154E-10 -5.02763261E-11 -1.19874167E-06 -2.99860192E-09 -3.83346575E-06 -2.27879073E-20  2.05623351E-12 -2.12002638E-09 -1.12761695E-09 -2.51115465E-10 -2.32360601E-08 -2.07620163E-08 -1.03950907E-12 -2.52088862E-14 -4.61145124E-09 -1.39733363E-11 -1.89287265E-08 -9.90778580E-23
  2.31000000E+02  1.00000000E-01 -7.67450056E-05  9.70966834E-06  1.85351930E-06  1.87519682E-05  1.19739196E-05  8.60077348E-07  1.13140918E-04  1.85771984E-05  1.92811812E-06  2.43713241E-06  7.24542340E-05  2.31436318E-05  1.42521717E-10  1.33659994E-06  3.47882175E-08  5.72174630E-09  2.10560264E-06  4.75903404E-06  2.28869852E-10  2.28869852E-13  4.62317101E-08  2.74643822E-09  4.57739704E-06  2.28869852E-20  6.16977129E-13  5.78614691E-09  1.50598344E-10  2.47694645E-11  9.11516293E-09  2.06018790E-08  9.90778580E-13  9.90778580E-16  2.00137273E-10  1.18893430E-11  1.98155716E-08  9.90778580E-23  7.22205564E-10 -5.15283881E-07 -3.45291355E-07 -7.49130801E-08 -6.86958567E-06 -6.26505295E-06 -2.28910789E-10 -5.03014903E-11 -1.20334815E-06 -3.01257389E-09 -3.85239909E-06 -2.28869852E-20  2.05339101E-12 -2.12265890E-09 -1.12666486E-09 -2.50793440E-10 -2.32094237E-08 -2.07564405E-08 -1.03973720E-12 -2.51279980E-14 -4.60241008E-09 -1.39708653E-11 -1.89371054E-08 -9.90778580E-23
  2.32000000E+02  1.00000000E-01 -7.67450029E-05  9.71332823E-06  1.85254376E-06  1.87517424E-05  1.19598400E-05  8.59925801E-07  1.13140918E-04  1.85771984E-05  1.92371869E-06  2.43713033E-06  7.24551079E-05  2.31436318E-05  1.43138694E-10  1.34238608E-06  3.49388158E-08  5.74651576E-09  2.11471780E-06  4.77963592E-06  2.29860630E-10  2.29860630E-13  4.64318474E-08  2.75832757E-09  4.59721261E-06  2.29860630E-20  6.16977129E-13  5.78614691E-09  1.50598344E-10  2.47694645E-11  9.11516293E-09  2.06018790E-08  9.90778580E-13  9.90778580E-16  2.00137273E-10  1.18893430E-11  1.98155716E-08  9.90778580E-23  7.24257398E-10 -5.17407993E-07 -3.46417500E-07 -7.51636969E-08 -6.89278049E-06 -6.28580638E-06 -2.29950651E-10 -5.03265748E-11 -1.20794559E-06 -3.02654340E-09 -3.87134077E-06 -2.29860630E-20  2.05056169E-12 -2.12530272E-09 -1.12572174E-09 -2.50472527E-10 -2.31828981E-08 -2.07509812E-08 -1.03996347E-12 -2.50492807E-14 -4.59338720E-09 -1.39683869E-11 -1.89454051E-08 -9.90778580E-23
  2.33000000E+02  1.00000000E-01 -7.67450003E-05  9.71698472E-06  1.85156915E-06  1.87515169E-05  1.19457868E-05  8.59779650E-07  1.13140918E-04  1.85771984E-05  1.91932751E-06  2.43712825E-06  7.24559735E-05  2.31436318E-05  1.43755671E-10  1.34817223E-06  3.50894142E-08  5.77128523E-09  2.12383296E-06  4.80023780E-06  2.30851409E-10  2.30851409E-13  4.66319846E-08  2.77021691E-09  4.61702818E-06  2.30851409E-20  6.16977129E-13  5.78614691E-09  1.50598344E-10  2.47694645E-11  9.11516293E-09  2.06018790E-08  9.90778580E-13  9.90778580E-16  2.00137273E-10  1.18893430E-11  1.98155716E-08  9.90778580E-23  7.26306410E-10 -5.19534755E-07 -3.47542707E-07 -7.54139935E-08 -6.91594885E-06 -6.30655441E-06 -2.30990738E-10 -5.03515818E-11 -1.21253403E-06 -3.04051042E-09 -3.89029070E-06 -2.30851409E-20  2.04774533E-12 -2.12795770E-09 -1.12478751E-09 -2.50152713E-10 -2.31564817E-08 -2.07456360E-08 -1.04018790E-12 -2.49726755E-14 -4.58438285E-09 -1.39659017E-11 -1.89536264E-08 -9.90778580E-23
  2.34000000E+02  1.00000000E-01 -7.67449976E-05  9.72063778E-06  1.85059548E-06  1.87512916E-05  1.19317600E-05  8.59638782E-07  1.13140918E-04  1.85771983E-05  1.91494457E-06  2.43712618E-06  7.24568310E-05  2.31436318E-05  1.44372648E-10  1.35395838E-06  3.52400125E-08  5.79605469E-09  2.13294813E-06  4.82083968E-06  2.31842188E-10  2.31842188E-13  4.68321219E-08  2.78210625E-09  4.63684375E-06  2.31842188E-20  6.16977129E-13  5.78614691E-09  1.50598344E-10  2.47694645E-11  9.11516293E-09  2.06018790E-08  9.90778580E-13  9.90778580E-16  2.00137273E-10  1.18893430E-11  1.98155716E-08  9.90778580E-23  7.28352612E-10 -5.21664178E-07 -3.48666985E-07 -7.56639708E-08 -6.93909086E-06 -6.32729716E-06 -2.32031048E-10 -5.03765133E-11 -1.21711347E-06 -3.05447495E-09 -3.90924881E-06 -2.31842188E-20  2.04494172E-12 -2.13062370E-09 -1.12386204E-09 -2.49833982E-10 -2.31301731E-08 -2.07404024E-08 -1.04041051E-12 -2.48981255E-14 -4.57539725E-09 -1.39634102E-11 -1.89617701E-08 -9.90778580E-23
  2.35000000E+02  1.00000000E-01 -7.67449949E-05  9.72428744E-06  1.84962273E-06  1.87510668E-05  1.19177594E-05  8.59503088E-07  1.13140918E-04  1.85771983E-05  1.91056986E-06  2.43712410E-06  7.24576803E-05  2.31436318E-05  1.44989625E-10  1.35974452E-06  3.53906109E-08  5.82082416E-09  2.14206329E-06  4.84144155E-06  2.32832966E-10  2.32832966E-13  4.70322592E-08  2.79399559E-09  4.65665932E-06  2.32832966E-20  6.16977129E-13  5.78614691E-09  1.50598344E-10  2.47694645E-11  9.11516293E-09  2.06018790E-08  9.90778580E-13  9.90778580E-16  2.00137273E-10  1.18893430E-11  1.98155716E-08  9.90778580E-23  7.30396018E-10 -5.23796273E-07 -3.49790342E-07 -7.59136300E-08 -6.96220661E-06 -6.34803474E-06 -2.33071580E-10 -5.04013714E-11 -1.22168393E-06 -3.06843699E-09 -3.92821503E-06 -2.32832966E-20  2.04215065E-12 -2.13330055E-09 -1.12294523E-09 -2.49516319E-10 -2.31039708E-08 -2.07352779E-08 -1.04063130E-12 -2.48255749E-14 -4.56643062E-09 -1.39609130E-11 -1.89698368E-08 -9.90778580E-23
  2.36000000E+02  1.00000000E-01 -7.67449923E-05  9.72793368E-06  1.84865089E-06  1.87508422E-05  1.19037850E-05  8.59372459E-07  1.13140918E-04  1.85771983E-05  1.90620338E-06  2.43712203E-06  7.24585217E-05  2.31436318E-05  1.45606602E-10  1.36553067E-06  3.55412092E-08  5.84559362E-09  2.15117845E-06  4.86204343E-06  2.33823745E-10  2.33823745E-13  4.72323964E-08  2.80588494E-09  4.67647490E-06  2.33823745E-20  6.16977129E-13  5.78614691E-09  1.50598344E-10  2.47694645E-11  9.11516293E-09  2.06018790E-08  9.90778580E-13  9.90778580E-16  2.00137273E-10  1.18893430E-11  1.98155716E-08  9.90778580E-23  7.32436639E-10 -5.25931051E-07 -3.50912787E-07 -7.61629721E-08 -6.98529622E-06 -6.36876725E-06 -2.34112332E-10 -5.04261580E-11 -1.22624544E-06 -3.08239652E-09 -3.94718927E-06 -2.33823745E-20  2.03937193E-12 -2.13598812E-09 -1.12203697E-09 -2.49199711E-10 -2.30778734E-08 -2.07302602E-08 -1.04085029E-12 -2.47549698E-14 -4.55748315E-09 -1.39584105E-11 -1.89778273E-08 -9.90778580E-23
  2.37000000E+02  1.00000000E-01 -7.67449896E-05  9.73157649E-06  1.84767995E-06  1.87506179E-05  1.18898366E-05  8.59246790E-07  1.13140918E-04  1.85771983E-05  1.90184511E-06  2.43711996E-06  7.24593550E-05  2.31436318E-05  1.46223580E-10  1.37131682E-06  3.56918076E-08  5.87036308E-09  2.16029362E-06  4.88264531E-06  2.34814523E-10  2.34814523E-13  4.74325337E-08  2.81777428E-09  4.69629047E-06  2.34814523E-20  6.16977129E-13  5.78614691E-09  1.50598344E-10  2.47694645E-11  9.11516293E-09  2.06018790E-08  9.90778580E-13  9.90778580E-16  2.00137273E-10  1.18893430E-11  1.98155716E-08  9.90778580E-23  7.34474488E-10 -5.28068522E-07 -3.52034329E-07 -7.64119981E-08 -7.00835979E-06 -6.38949480E-06 -2.35153302E-10 -5.04508750E-11 -1.23079801E-06 -3.09635356E-09 -3.96617145E-06 -2.34814523E-20  2.03660534E-12 -2.13868626E-09 -1.12113717E-09 -2.48884142E-10 -2.30518796E-08 -2.07253470E-08 -1.04106749E-12 -2.46862574E-14 -4.54855507E-09 -1.39559034E-11 -1.89857423E-08 -9.90778580E-23
  2.38000000E+02  1.00000000E-01 -7.67449870E-05  9.73521589E-06  1.84670990E-06  1.87503940E-05  1.18759142E-05  8.59125978E-07  1.13140918E-04  1.85771983E-05  1.89749503E-06  2.43711789E-06  7.24601805E-05  2.31436318E-05  1.46840557E-10  1.37710296E-06  3.58424059E-08  5.89513255E-09  2.16940878E-06  4.90324719E-06  2.35805302E-10  2.35805302E-13  4.76326710E-08  2.82966362E-09  4.71610604E-06  2.35805302E-20  6.16977129E-13  5.78614691E-09  1.50598344E-10  2.47694645E-11  9.11516293E-09  2.06018790E-08  9.90778580E-13  9.90778580E-16  2.00137273E-10  1.18893430E-11  1.98155716E-08  9.90778580E-23  7.36509578E-10 -5.30208697E-07 -3.53154975E-07 -7.66607092E-08 -7.03139742E-06 -6.41021749E-06 -2.36194488E-10 -5.04755243E-11 -1.23534166E-06 -3.11030808E-09 -3.98516151E-06 -2.35805302E-20  2.03385071E-12 -2.14139484E-09 -1.12024572E-09 -2.48569599E-10 -2.30259879E-08 -2.07205361E-08 -1.04128293E-12 -2.46193866E-14 -4.53964655E-09 -1.39533920E-11 -1.89935825E-08 -9.90778580E-23
  2.39000000E+02  1.00000000E-01 -7.67449843E-05  9.73885186E-06  1.84574075E-06  1.87501704E-05  1.18620176E-05  8.59009921E-07  1.13140918E-04  1.85771982E-05  1.89315315E-06  2.43711583E-06  7.24609983E-05  2.31436318E-05  1.47457534E-10  1.38288911E-06  3.59930042E-08  5.91990201E-09  2.17852394E-06  4.92384907E-06  2.36796081E-10  2.36796081E-13  4.78328083E-08  2.84155297E-09  4.73592161E-06  2.36796081E-20  6.16977129E-13  5.78614691E-09  1.50598344E-10  2.47694645E-11  9.11516293E-09  2.06018790E-08  9.90778580E-13  9.90778580E-16  2.00137273E-10  1.18893430E-11  1.98155716E-08  9.90778580E-23  7.38541919E-10 -5.32351587E-07 -3.54274734E-07 -7.69091063E-08 -7.05440921E-06 -6.43093543E-06 -2.37235889E-10 -5.05001078E-11 -1.23987642E-06 -3.12426009E-09 -4.00415937E-06 -2.36796081E-20  2.03110784E-12 -2.14411371E-09 -1.11936252E-09 -2.48256068E-10 -2.30001971E-08 -2.07158253E-08 -1.04149660E-12 -2.45543076E-14 -4.53075778E-09 -1.39508768E-11 -1.90013487E-08 -9.90778580E-23
  2.40000000E+02  1.00000000E-01 -7.67449817E-05  9.74248441E-06  1.84477247E-06  1.87499471E-05  1.18481467E-05  8.58898521E-07  1.13140918E-04  1.85771982E-05  1.88881945E-06  2.43711376E-06  7.24618082E-05  2.31436318E-05  1.48074511E-10  1.38867526E-06  3.61436026E-08  5.94467148E-09  2.18763910E-06  4.94445095E-06  2.37786859E-10  2.37786859E-13  4.80329455E-08  2.85344231E-09  4.75573718E-06  2.37786859E-20  6.16977129E-13  5.78614691E-09  1.50598344E-10  2.47694645E-11  9.11516293E-09  2.06018790E-08  9.90778580E-13  9.90778580E-16  2.00137273E-10  1.18893430E-11  1.98155716E-08  9.90778580E-23  7.40571524E-10 -5.34497201E-07 -3.55393615E-07 -7.71571904E-08 -7.07739527E-06 -6.45164871E-06 -2.38277502E-10 -5.05246271E-11 -1.24440230E-06 -3.13820958E-09 -4.02316496E-06 -2.37786859E-20  2.02837655E-12 -2.14684274E-09 -1.11848747E-09 -2.47943536E-10 -2.29745059E-08 -2.07112123E-08 -1.04170853E-12 -2.44909718E-14 -4.52188895E-09 -1.39483582E-11 -1.90090414E-08 -9.90778580E-23
  2.41000000E+02  1.00000000E-01 -7.67449790E-05  9.74611353E-06  1.84380506E-06  1.87497240E-05  1.18343015E-05  8.58791681E-07  1.13140918E-04  1.85771982E-05  1.88449391E-06  2.43711170E-06  7.24626106E-05  2.31436318E-05  1.48691488E-10  1.39446140E-06  3.62942009E-08  5.96944094E-09  2.19675427E-06  4.96505283E-06  2.38777638E-10  2.38777638E-13  4.82330828E-08  2.86533165E-09  4.77555275E-06  2.38777638E-20  6.16977129E-13  5.78614691E-09  1.50598344E-10  2.47694645E-11  9.11516293E-09  2.06018790E-08  9.90778580E-13  9.90778580E-16  2.00137273E-10  1.18893430E-11  1.98155716E-08  9.90778580E-23  7.42598403E-10 -5.36645549E-07 -3.56511625E-07 -7.74049625E-08 -7.10035569E-06 -6.47235743E-06 -2.39319326E-10 -5.05490840E-11 -1.24891932E-06 -3.15215655E-09 -4.04217820E-06 -2.38777638E-20  2.02565666E-12 -2.14958180E-09 -1.11762048E-09 -2.47631990E-10 -2.29489129E-08 -2.07066952E-08 -1.04191872E-12 -2.44293322E-14 -4.51304022E-09 -1.39458368E-11 -1.90166615E-08 -9.90778580E-23
  2.42000000E+02  1.00000000E-01 -7.67449764E-05  9.74973923E-06  1.84283852E-06  1.87495014E-05  1.18204818E-05  8.58689307E-07  1.13140918E-04  1.85771982E-05  1.88017653E-06  2.43710965E-06  7.24634053E-05  2.31436318E-05  1.49308465E-10  1.40024755E-06  3.64447993E-08  5.99421041E-09  2.20586943E-06  4.98565471E-06  2.39768416E-10  2.39768416E-13  4.84332201E-08  2.87722100E-09  4.79536833E-06  2.39768416E-20  6.16977129E-13  5.78614691E-09  1.50598344E-10  2.47694645E-11  9.11516293E-09  2.06018790E-08  9.90778580E-13  9.90778580E-16  2.00137273E-10  1.18893430E-11  1.98155716E-08  9.90778580E-23  7.44622569E-10 -5.38796642E-07 -3.57628772E-07 -7.76524236E-08 -7.12329058E-06 -6.49306168E-06 -2.40361360E-10 -5.05734802E-11 -1.25342750E-06 -3.16610100E-09 -4.06119902E-06 -2.39768416E-20  2.02294801E-12 -2.15233076E-09 -1.11676144E-09 -2.47321417E-10 -2.29234170E-08 -2.07022718E-08 -1.04212720E-12 -2.43693428E-14 -4.50421176E-09 -1.39433129E-11 -1.90242096E-08 -9.90778580E-23
  2.43000000E+02  1.00000000E-01 -7.67449737E-05  9.75336149E-06  1.84187283E-06  1.87492790E-05  1.18066875E-05  8.58591305E-07  1.13140918E-04  1.85771981E-05  1.87586729E-06  2.43710759E-06  7.24641926E-05  2.31436318E-05  1.49925442E-10  1.40603370E-06  3.65953976E-08  6.01897987E-09  2.21498459E-06  5.00625659E-06  2.40759195E-10  2.40759195E-13  4.86333574E-08  2.88911034E-09  4.81518390E-06  2.40759195E-20  6.16977129E-13  5.78614691E-09  1.50598344E-10  2.47694645E-11  9.11516293E-09  2.06018790E-08  9.90778580E-13  9.90778580E-16  2.00137273E-10  1.18893430E-11  1.98155716E-08  9.90778580E-23  7.46644033E-10 -5.40950489E-07 -3.58745065E-07 -7.78995746E-08 -7.14620001E-06 -6.51376156E-06 -2.41403601E-10 -5.05978173E-11 -1.25792687E-06 -3.18004292E-09 -4.08022734E-06 -2.40759195E-20  2.02025042E-12 -2.15508950E-09 -1.11591027E-09 -2.47011804E-10 -2.28980168E-08 -2.06979401E-08 -1.04233397E-12 -2.43109590E-14 -4.49540372E-09 -1.39407870E-11 -1.90316864E-08 -9.90778580E-23
  2.44000000E+02  1.00000000E-01 -7.67449711E-05  9.75698032E-06  1.84090799E-06  1.87490569E-05  1.17929186E-05  8.58497585E-07  1.13140917E-04  1.85771981E-05  1.87156618E-06  2.43710554E-06  7.24649724E-05  2.31436318E-05  1.50542419E-10  1.41181984E-06  3.67459960E-08  6.04374934E-09  2.22409976E-06  5.02685847E-06  2.41749973E-10  2.41749973E-13  4.88334946E-08  2.90099968E-09  4.83499947E-06  2.41749973E-20  6.16977129E-13  5.78614691E-09  1.50598344E-10  2.47694645E-11  9.11516293E-09  2.06018790E-08  9.90778580E-13  9.90778580E-16  2.00137273E-10  1.18893430E-11  1.98155716E-08  9.90778580E-23  7.48662804E-10 -5.43107101E-07 -3.59860510E-07 -7.81464166E-08 -7.16908411E-06 -6.53445716E-06 -2.42446048E-10 -5.06220969E-11 -1.26241743E-06 -3.19398232E-09 -4.09926311E-06 -2.41749973E-20  2.01756374E-12 -2.15785789E-09 -1.11506688E-09 -2.46703139E-10 -2.28727111E-08 -2.06936982E-08 -1.04253905E-12 -2.42541373E-14 -4.48661626E-09 -1.39382593E-11 -1.90390925E-08 -9.90778580E-23
  2.45000000E+02  1.00000000E-01 -7.67449684E-05  9.76059572E-06  1.83994398E-06  1.87488351E-05  1.17791750E-05  8.58408059E-07  1.13140917E-04  1.85771981E-05  1.86727319E-06  2.43710349E-06  7.24657448E-05  2.31436318E-05  1.51159397E-10  1.41760599E-06  3.68965943E-08  6.06851880E-09  2.23321492E-06  5.04746034E-06  2.42740752E-10  2.42740752E-13  4.90336319E-08  2.91288902E-09  4.85481504E-06  2.42740752E-20  6.16977129E-13  5.78614691E-09  1.50598344E-10  2.47694645E-11  9.11516293E-09  2.06018790E-08  9.90778580E-13  9.90778580E-16  2.00137273E-10  1.18893430E-11  1.98155716E-08  9.90778580E-23  7.50678896E-10 -5.45266485E-07 -3.60975117E-07 -7.83929504E-08 -7.19194294E-06 -6.55514857E-06 -2.43488699E-10 -5.06463205E-11 -1.26689923E-06 -3.20791919E-09 -4.11830624E-06 -2.42740752E-20  2.01488779E-12 -2.16063581E-09 -1.11423117E-09 -2.46395409E-10 -2.28474989E-08 -2.06895442E-08 -1.04274245E-12 -2.41988355E-14 -4.47784953E-09 -1.39357305E-11 -1.90464287E-08 -9.90778580E-23
  2.46000000E+02  1.00000000E-01 -7.67449658E-05  9.76420769E-06  1.83898081E-06  1.87486137E-05  1.17654565E-05  8.58322639E-07  1.13140917E-04  1.85771981E-05  1.86298830E-06  2.43710144E-06  7.24665100E-05  2.31436318E-05  1.51776374E-10  1.42339214E-06  3.70471927E-08  6.09328826E-09  2.24233008E-06  5.06806222E-06  2.43731531E-10  2.43731531E-13  4.92337692E-08  2.92477837E-09  4.87463061E-06  2.43731531E-20  6.16977129E-13  5.78614691E-09  1.50598344E-10  2.47694645E-11  9.11516293E-09  2.06018790E-08  9.90778580E-13  9.90778580E-16  2.00137273E-10  1.18893430E-11  1.98155716E-08  9.90778580E-23  7.52692317E-10 -5.47428654E-07 -3.62088892E-07 -7.86391770E-08 -7.21477662E-06 -6.57583587E-06 -2.44531552E-10 -5.06704896E-11 -1.27137226E-06 -3.22185353E-09 -4.13735667E-06 -2.43731531E-20  2.01222242E-12 -2.16342314E-09 -1.11340306E-09 -2.46088604E-10 -2.28223789E-08 -2.06854760E-08 -1.04294418E-12 -2.41450125E-14 -4.46910366E-09 -1.39332007E-11 -1.90536955E-08 -9.90778580E-23
  2.47000000E+02  1.00000000E-01 -7.67449632E-05  9.76781621E-06  1.83801846E-06  1.87483925E-05  1.17517631E-05  8.58241241E-07  1.13140917E-04  1.85771980E-05  1.85871150E-06  2.43709939E-06  7.24672679E-05  2.31436318E-05  1.52393351E-10  1.42917829E-06  3.71977910E-08  6.11805773E-09  2.25144524E-06  5.08866410E-06  2.44722309E-10  2.44722309E-13  4.94339065E-08  2.93666771E-09  4.89444618E-06  2.44722309E-20  6.16977129E-13  5.78614691E-09  1.50598344E-10  2.47694645E-11  9.11516293E-09  2.06018790E-08  9.90778580E-13  9.90778580E-16  2.00137273E-10  1.18893430E-11  1.98155716E-08  9.90778580E-23  7.54703078E-10 -5.49593614E-07 -3.63201843E-07 -7.88850973E-08 -7.23758522E-06 -6.59651915E-06 -2.45574607E-10 -5.06946057E-11 -1.27583657E-06 -3.23578534E-09 -4.15641433E-06 -2.44722309E-20  2.00956749E-12 -2.16621976E-09 -1.11258245E-09 -2.45782710E-10 -2.27973499E-08 -2.06814920E-08 -1.04314426E-12 -2.40926281E-14 -4.46037879E-09 -1.39306705E-11 -1.90608937E-08 -9.90778580E-23
  2.48000000E+02  1.00000000E-01 -7.67449606E-05  9.77142130E-06  1.83705693E-06  1.87481717E-05  1.17380947E-05  8.58163781E-07  1.13140917E-04  1.85771980E-05  1.85444277E-06  2.43709735E-06  7.24680186E-05  2.31436318E-05  1.53010328E-10  1.43496443E-06  3.73483893E-08  6.14282719E-09  2.26056041E-06  5.10926598E-06  2.45713088E-10  2.45713088E-13  4.96340437E-08  2.94855705E-09  4.91426176E-06  2.45713088E-20  6.16977129E-13  5.78614691E-09  1.50598344E-10  2.47694645E-11  9.11516293E-09  2.06018790E-08  9.90778580E-13  9.90778580E-16  2.00137273E-10  1.18893430E-11  1.98155716E-08  9.90778580E-23  7.56711190E-10 -5.51761376E-07 -3.64313978E-07 -7.91307121E-08 -7.26036885E-06 -6.61719849E-06 -2.46617860E-10 -5.07186702E-11 -1.28029216E-06 -3.24971462E-09 -4.17547915E-06 -2.45713088E-20  2.00692284E-12 -2.16902556E-09 -1.11176926E-09 -2.45477718E-10 -2.27724108E-08 -2.06775903E-08 -1.04334270E-12 -2.40416436E-14 -4.45167504E-09 -1.39281400E-11 -1.90680239E-08 -9.90778580E-23
  2.49000000E+02  1.00000000E-01 -7.67449579E-05  9.77502294E-06  1.83609621E-06  1.87479512E-05  1.17244512E-05  8.58090179E-07  1.13140917E-04  1.85771980E-05  1.85018211E-06  2.43709530E-06  7.24687623E-05  2.31436318E-05  1.53627305E-10  1.44075058E-06  3.74989877E-08  6.16759666E-09  2.26967557E-06  5.12986786E-06  2.46703866E-10  2.46703866E-13  4.98341810E-08  2.96044640E-09  4.93407733E-06  2.46703866E-20  6.16977129E-13  5.78614691E-09  1.50598344E-10  2.47694645E-11  9.11516293E-09  2.06018790E-08  9.90778580E-13  9.90778580E-16  2.00137273E-10  1.18893430E-11  1.98155716E-08  9.90778580E-23  7.58716663E-10 -5.53931949E-07 -3.65425303E-07 -7.93760225E-08 -7.28312759E-06 -6.63787397E-06 -2.47661311E-10 -5.07426844E-11 -1.28473906E-06 -3.26364136E-09 -4.19455107E-06 -2.46703866E-20  2.00428834E-12 -2.17184042E-09 -1.11096341E-09 -2.45173614E-10 -2.27475606E-08 -2.06737691E-08 -1.04353951E-12 -2.39920210E-14 -4.44299253E-09 -1.39256098E-11 -1.90750867E-08 -9.90778580E-23
  2.50000000E+02  1.00000000E-01 -7.67449553E-05  9.77862114E-06  1.83513628E-06  1.87477309E-05  1.17108324E-05  8.58020354E-07  1.13140917E-04  1.85771980E-05  1.84592950E-06  2.43709327E-06  7.24694989E-05  2.31436318E-05  1.54244282E-10  1.44653673E-06  3.76495860E-08  6.19236612E-09  2.27879073E-06  5.15046974E-06  2.47694645E-10  2.47694645E-13  5.00343183E-08  2.97233574E-09  4.95389290E-06  2.47694645E-20  6.16977129E-13  5.78614691E-09  1.50598344E-10  2.47694645E-11  9.11516293E-09  2.06018790E-08  9.90778580E-13  9.90778580E-16  2.00137273E-10  1.18893430E-11  1.98155716E-08  9.90778580E-23  7.60719507E-10 -5.56105342E-07 -3.66535827E-07 -7.96210293E-08 -7.30586152E-06 -6.65854567E-06 -2.48704958E-10 -5.07666498E-11 -1.28917728E-06 -3.27756558E-09 -4.21363001E-06 -2.47694645E-20  2.00166384E-12 -2.17466424E-09 -1.11016480E-09 -2.44870389E-10 -2.27227982E-08 -2.06700267E-08 -1.04373470E-12 -2.39437234E-14 -4.43433139E-09 -1.39230800E-11 -1.90820828E-08 -9.90778580E-23
  2.51000000E+02  1.00000000E-01 -7.67449527E-05  9.78221590E-06  1.83417716E-06  1.87475110E-05  1.16972384E-05  8.57954229E-07  1.13140917E-04  1.85771980E-05  1.84168492E-06  2.43709123E-06  7.24702286E-05  2.31436318E-05  1.54861259E-10  1.45232287E-06  3.78001844E-08  6.21713559E-09  2.28790590E-06  5.17107162E-06  2.48685423E-10  2.48685423E-13  5.02344555E-08  2.98422508E-09  4.97370847E-06  2.48685423E-20  6.16977129E-13  5.78614691E-09  1.50598344E-10  2.47694645E-11  9.11516293E-09  2.06018790E-08  9.90778580E-13  9.90778580E-16  2.00137273E-10  1.18893430E-11  1.98155716E-08  9.90778580E-23  7.62719732E-10 -5.58281564E-07 -3.67645556E-07 -7.98657333E-08 -7.32857074E-06 -6.67921368E-06 -2.49748800E-10 -5.07905675E-11 -1.29360686E-06 -3.29148727E-09 -4.23271591E-06 -2.48685424E-20  1.99904920E-12 -2.17749690E-09 -1.10937337E-09 -2.44568032E-10 -2.26981224E-08 -2.06663614E-08 -1.04392829E-12 -2.38967151E-14 -4.42569172E-09 -1.39205511E-11 -1.90890128E-08 -9.90778580E-23
  2.52000000E+02  1.00000000E-01 -7.67449501E-05  9.78580721E-06  1.83321882E-06  1.87472913E-05  1.16836690E-05  8.57891728E-07  1.13140917E-04  1.85771979E-05  1.83744836E-06  2.43708919E-06  7.24709514E-05  2.31436318E-05  1.55478236E-10  1.45810902E-06  3.79507827E-08  6.24190505E-09  2.29702106E-06  5.19167350E-06  2.49676202E-10  2.49676202E-13  5.04345928E-08  2.99611442E-09  4.99352404E-06  2.49676202E-20  6.16977129E-13  5.78614691E-09  1.50598344E-10  2.47694645E-11  9.11516293E-09  2.06018790E-08  9.90778580E-13  9.90778580E-16  2.00137273E-10  1.18893430E-11  1.98155716E-08  9.90778580E-23  7.64717348E-10 -5.60460622E-07 -3.68754497E-07 -8.01101355E-08 -7.35125533E-06 -6.69987806E-06 -2.50792834E-10 -5.08144390E-11 -1.29802781E-06 -3.30540643E-09 -4.25180870E-06 -2.49676202E-20  1.99644429E-12 -2.18033831E-09 -1.10858902E-09 -2.44266531E-10 -2.26735323E-08 -2.06627717E-08 -1.04412030E-12 -2.38509611E-14 -4.41707362E-09 -1.39180233E-11 -1.90958773E-08 -9.90778580E-23
  2.53000000E+02  1.00000000E-01 -7.67449474E-05  9.78939507E-06  1.83226126E-06  1.87470720E-05  1.16701242E-05  8.57832776E-07  1.13140917E-04  1.85771979E-05  1.83321981E-06  2.43708716E-06  7.24716673E-05  2.31436318E-05  1.56095214E-10  1.46389517E-06  3.81013811E-08  6.26667452E-09  2.30613622E-06  5.21227538E-06  2.50666981E-10  2.50666981E-13  5.06347301E-08  3.00800377E-09  5.01333961E-06  2.50666981E-20  6.16977129E-13  5.78614691E-09  1.50598344E-10  2.47694645E-11  9.11516293E-09  2.06018790E-08  9.90778580E-13  9.90778580E-16  2.00137273E-10  1.18893430E-11  1.98155716E-08  9.90778580E-23  7.66712364E-10 -5.62642528E-07 -3.69862658E-07 -8.03542366E-08 -7.37391538E-06 -6.72053889E-06 -2.51837059E-10 -5.08382653E-11 -1.30244015E-06 -3.31932307E-09 -4.27090832E-06 -2.50666981E-20  1.99384898E-12 -2.18318835E-09 -1.10781168E-09 -2.43965877E-10 -2.26490268E-08 -2.06592557E-08 -1.04431072E-12 -2.38064275E-14 -4.40847720E-09 -1.39154970E-11 -1.91026770E-08 -9.90778580E-23
  2.54000000E+02  1.00000000E-01 -7.67449448E-05  9.79297949E-06  1.83130447E-06  1.87468530E-05  1.16566038E-05  8.57777299E-07  1.13140917E-04  1.85771979E-05  1.82899924E-06  2.43708513E-06  7.24723765E-05  2.31436318E-05  1.56712191E-10  1.46968131E-06  3.82519794E-08  6.29144398E-09  2.31525138E-06  5.23287725E-06  2.51657759E-10  2.51657759E-13  5.08348674E-08  3.01989311E-09  5.03315518E-06  2.51657759E-20  6.16977129E-13  5.78614691E-09  1.50598344E-10  2.47694645E-11  9.11516293E-09  2.06018790E-08  9.90778580E-13  9.90778580E-16  2.00137273E-10  1.18893430E-11  1.98155716E-08  9.90778580E-23  7.68704790E-10 -5.64827287E-07 -3.70970045E-07 -8.05980375E-08 -7.39655096E-06 -6.74119624E-06 -2.52881474E-10 -5.08620478E-11 -1.30684391E-06 -3.33323717E-09 -4.29001471E-06 -2.51657759E-20  1.99126315E-12 -2.18604692E-09 -1.10704126E-09 -2.43666059E-10 -2.26246049E-08 -2.06558121E-08 -1.04449958E-12 -2.37630813E-14 -4.39990256E-09 -1.39129724E-11 -1.91094124E-08 -9.90778580E-23
  2.55000000E+02  1.00000000E-01 -7.67449422E-05  9.79656045E-06  1.83034846E-06  1.87466343E-05  1.16431078E-05  8.57725227E-07  1.13140917E-04  1.85771979E-05  1.82478665E-06  2.43708310E-06  7.24730790E-05  2.31436318E-05  1.57329168E-10  1.47546746E-06  3.84025777E-08  6.31621345E-09  2.32436655E-06  5.25347913E-06  2.52648538E-10  2.52648538E-13  5.10350046E-08  3.03178245E-09  5.05297076E-06  2.52648538E-20  6.16977129E-13  5.78614691E-09  1.50598344E-10  2.47694645E-11  9.11516293E-09  2.06018790E-08  9.90778580E-13  9.90778580E-16  2.00137273E-10  1.18893430E-11  1.98155716E-08  9.90778580E-23  7.70694635E-10 -5.67014911E-07 -3.72076666E-07 -8.08415390E-08 -7.41916218E-06 -6.76185020E-06 -2.53926076E-10 -5.08857876E-11 -1.31123911E-06 -3.34714876E-09 -4.30912780E-06 -2.52648538E-20  1.98868667E-12 -2.18891393E-09 -1.10627770E-09 -2.43367067E-10 -2.26002657E-08 -2.06524392E-08 -1.04468688E-12 -2.37208903E-14 -4.39134978E-09 -1.39104499E-11 -1.91160842E-08 -9.90778580E-23
  2.56000000E+02  1.00000000E-01 -7.67449396E-05  9.80013796E-06  1.82939320E-06  1.87464158E-05  1.16296361E-05  8.57676490E-07  1.13140917E-04  1.85771978E-05  1.82058202E-06  2.43708108E-06  7.24737748E-05  2.31436318E-05  1.57946145E-10  1.48125361E-06  3.85531761E-08  6.34098291E-09  2.33348171E-06  5.27408101E-06  2.53639316E-10  2.53639316E-13  5.12351419E-08  3.04367180E-09  5.07278633E-06  2.53639316E-20  6.16977129E-13  5.78614691E-09  1.50598344E-10  2.47694645E-11  9.11516293E-09  2.06018790E-08  9.90778580E-13  9.90778580E-16  2.00137273E-10  1.18893430E-11  1.98155716E-08  9.90778580E-23  7.72681909E-10 -5.69205405E-07 -3.73182527E-07 -8.10847420E-08 -7.44174909E-06 -6.78250081E-06 -2.54970866E-10 -5.09094858E-11 -1.31562577E-06 -3.36105782E-09 -4.32824752E-06 -2.53639316E-20  1.98611942E-12 -2.19178927E-09 -1.10552091E-09 -2.43068892E-10 -2.25760081E-08 -2.06491356E-08 -1.04487265E-12 -2.36798234E-14 -4.38281895E-09 -1.39079296E-11 -1.91226929E-08 -9.90778580E-23
  2.57000000E+02  1.00000000E-01 -7.67449370E-05  9.80371201E-06  1.82843869E-06  1.87461977E-05  1.16161886E-05  8.57631019E-07  1.13140917E-04  1.85771978E-05  1.81638534E-06  2.43707905E-06  7.24744641E-05  2.31436318E-05  1.58563122E-10  1.48703975E-06  3.87037744E-08  6.36575237E-09  2.34259687E-06  5.29468289E-06  2.54630095E-10  2.54630095E-13  5.14352792E-08  3.05556114E-09  5.09260190E-06  2.54630095E-20  6.16977129E-13  5.78614691E-09  1.50598344E-10  2.47694645E-11  9.11516293E-09  2.06018790E-08  9.90778580E-13  9.90778580E-16  2.00137273E-10  1.18893430E-11  1.98155716E-08  9.90778580E-23  7.74666621E-10 -5.71398780E-07 -3.74287635E-07 -8.13276473E-08 -7.46431180E-06 -6.80314816E-06 -2.56015840E-10 -5.09331436E-11 -1.32000390E-06 -3.37496437E-09 -4.34737382E-06 -2.54630095E-20  1.98356129E-12 -2.19467285E-09 -1.10477081E-09 -2.42771523E-10 -2.25518312E-08 -2.06458997E-08 -1.04505688E-12 -2.36398501E-14 -4.37431014E-09 -1.39054119E-11 -1.91292393E-08 -9.90778580E-23
  2.58000000E+02  1.00000000E-01 -7.67449344E-05  9.80728260E-06  1.82748493E-06  1.87459798E-05  1.16027653E-05  8.57588747E-07  1.13140917E-04  1.85771978E-05  1.81219658E-06  2.43707703E-06  7.24751469E-05  2.31436318E-05  1.59180099E-10  1.49282590E-06  3.88543728E-08  6.39052184E-09  2.35171204E-06  5.31528477E-06  2.55620874E-10  2.55620874E-13  5.16354165E-08  3.06745048E-09  5.11241747E-06  2.55620874E-20  6.16977129E-13  5.78614691E-09  1.50598344E-10  2.47694645E-11  9.11516293E-09  2.06018790E-08  9.90778580E-13  9.90778580E-16  2.00137273E-10  1.18893430E-11  1.98155716E-08  9.90778580E-23  7.76648779E-10 -5.73595042E-07 -3.75391996E-07 -8.15702556E-08 -7.48685037E-06 -6.82379231E-06 -2.57060997E-10 -5.09567619E-11 -1.32437354E-06 -3.38886840E-09 -4.36650663E-06 -2.55620874E-20  1.98101215E-12 -2.19756458E-09 -1.10402735E-09 -2.42474951E-10 -2.25277341E-08 -2.06427301E-08 -1.04523960E-12 -2.36009408E-14 -4.36582345E-09 -1.39028970E-11 -1.91357237E-08 -9.90778580E-23
  2.59000000E+02  1.00000000E-01 -7.67449318E-05  9.81084974E-06  1.82653191E-06  1.87457623E-05  1.15893660E-05  8.57549609E-07  1.13140917E-04  1.85771978E-05  1.80801573E-06  2.43707502E-06  7.24758232E-05  2.31436318E-05  1.59797076E-10  1.49861205E-06  3.90049711E-08  6.41529130E-09  2.36082720E-06  5.33588665E-06  2.56611652E-10  2.56611652E-13  5.18355537E-08  3.07933983E-09  5.13223304E-06  2.56611652E-20  6.16977129E-13  5.78614691E-09  1.50598344E-10  2.47694645E-11  9.11516293E-09  2.06018790E-08  9.90778580E-13  9.90778580E-16  2.00137273E-10  1.18893430E-11  1.98155716E-08  9.90778580E-23  7.78628394E-10 -5.75794201E-07 -3.76495618E-07 -8.18125678E-08 -7.50936489E-06 -6.84443333E-06 -2.58106337E-10 -5.09803420E-11 -1.32873471E-06 -3.40276991E-09 -4.38564589E-06 -2.56611652E-20  1.97847191E-12 -2.20046435E-09 -1.10329043E-09 -2.42179167E-10 -2.25037158E-08 -2.06396254E-08 -1.04542081E-12 -2.35630667E-14 -4.35735894E-09 -1.39003852E-11 -1.91421469E-08 -9.90778580E-23
  2.60000000E+02  1.00000000E-01 -7.67449292E-05  9.81441341E-06  1.82557963E-06  1.87455451E-05  1.15759906E-05  8.57513541E-07  1.13140917E-04  1.85771977E-05  1.80384278E-06  2.43707300E-06  7.24764931E-05  2.31436318E-05  1.60414054E-10  1.50439820E-06  3.91555695E-08  6.44006077E-09  2.36994236E-06  5.35648853E-06  2.57602431E-10  2.57602431E-13  5.20356910E-08  3.09122917E-09  5.15204861E-06  2.57602431E-20  6.16977129E-13  5.78614691E-09  1.50598344E-10  2.47694645E-11  9.11516293E-09  2.06018790E-08  9.90778580E-13  9.90778580E-16  2.00137273E-10  1.18893430E-11  1.98155716E-08  9.90778580E-23  7.80605472E-10 -5.77996264E-07 -3.77598506E-07 -8.20545847E-08 -7.53185543E-06 -6.86507128E-06 -2.59151856E-10 -5.10038847E-11 -1.33308742E-06 -3.41666892E-09 -4.40479154E-06 -2.57602431E-20  1.97594044E-12 -2.20337209E-09 -1.10255999E-09 -2.41884162E-10 -2.24797755E-08 -2.06365842E-08 -1.04560053E-12 -2.35262000E-14 -4.34891667E-09 -1.38978767E-11 -1.91485094E-08 -9.90778580E-23
  2.61000000E+02  1.00000000E-01 -7.67449266E-05  9.81797362E-06  1.82462807E-06  1.87453281E-05  1.15626392E-05  8.57480479E-07  1.13140917E-04  1.85771977E-05  1.79967772E-06  2.43707099E-06  7.24771567E-05  2.31436318E-05  1.61031031E-10  1.51018434E-06  3.93061678E-08  6.46483023E-09  2.37905753E-06  5.37709041E-06  2.58593209E-10  2.58593209E-13  5.22358283E-08  3.10311851E-09  5.17186419E-06  2.58593209E-20  6.16977129E-13  5.78614691E-09  1.50598344E-10  2.47694645E-11  9.11516293E-09  2.06018790E-08  9.90778580E-13  9.90778580E-16  2.00137273E-10  1.18893430E-11  1.98155716E-08  9.90778580E-23  7.82580025E-10 -5.80201239E-07 -3.78700667E-07 -8.22963070E-08 -7.55432207E-06 -6.88570622E-06 -2.60197555E-10 -5.10273910E-11 -1.33743171E-06 -3.43056542E-09 -4.42394353E-06 -2.58593209E-20  1.97341765E-12 -2.20628769E-09 -1.10183596E-09 -2.41589927E-10 -2.24559122E-08 -2.06336052E-08 -1.04577876E-12 -2.34903132E-14 -4.34049671E-09 -1.38953718E-11 -1.91548118E-08 -9.90778580E-23
  2.62000000E+02  1.00000000E-01 -7.67449240E-05  9.82153037E-06  1.82367723E-06  1.87451114E-05  1.15493116E-05  8.57450363E-07  1.13140917E-04  1.85771977E-05  1.79552051E-06  2.43706897E-06  7.24778140E-05  2.31436318E-05  1.61648008E-10  1.51597049E-06  3.94567662E-08  6.48959970E-09  2.38817269E-06  5.39769229E-06  2.59583988E-10  2.59583988E-13  5.24359656E-08  3.11500785E-09  5.19167976E-06  2.59583988E-20  6.16977129E-13  5.78614691E-09  1.50598344E-10  2.47694645E-11  9.11516293E-09  2.06018790E-08  9.90778580E-13  9.90778580E-16  2.00137273E-10  1.18893430E-11  1.98155716E-08  9.90778580E-23  7.84552059E-10 -5.82409134E-07 -3.79802108E-07 -8.25377354E-08 -7.57676490E-06 -6.90633821E-06 -2.61243431E-10 -5.10508621E-11 -1.34176758E-06 -3.44445941E-09 -4.44310178E-06 -2.59583988E-20  1.97090343E-12 -2.20921108E-09 -1.10111827E-09 -2.41296452E-10 -2.24321251E-08 -2.06306870E-08 -1.04595553E-12 -2.34553800E-14 -4.33209913E-09 -1.38928706E-11 -1.91610547E-08 -9.90778580E-23
  2.63000000E+02  1.00000000E-01 -7.67449214E-05  9.82508365E-06  1.82272710E-06  1.87448951E-05  1.15360078E-05  8.57423132E-07  1.13140916E-04  1.85771977E-05  1.79137115E-06  2.43706696E-06  7.24784651E-05  2.31436318E-05  1.62264985E-10  1.52175664E-06  3.96073645E-08  6.51436916E-09  2.39728785E-06  5.41829417E-06  2.60574766E-10  2.60574766E-13  5.26361028E-08  3.12689720E-09  5.21149533E-06  2.60574766E-20  6.16977129E-13  5.78614691E-09  1.50598344E-10  2.47694645E-11  9.11516293E-09  2.06018790E-08  9.90778580E-13  9.90778580E-16  2.00137273E-10  1.18893430E-11  1.98155716E-08  9.90778580E-23  7.86521583E-10 -5.84619957E-07 -3.80902834E-07 -8.27788708E-08 -7.59918397E-06 -6.92696732E-06 -2.62289483E-10 -5.10742987E-11 -1.34609508E-06 -3.45835091E-09 -4.46226624E-06 -2.60574766E-20  1.96839768E-12 -2.21214216E-09 -1.10040684E-09 -2.41003730E-10 -2.24084134E-08 -2.06278284E-08 -1.04613084E-12 -2.34213746E-14 -4.32372398E-09 -1.38903733E-11 -1.91672385E-08 -9.90778580E-23
  2.64000000E+02  1.00000000E-01 -7.67449188E-05  9.82863347E-06  1.82177769E-06  1.87446790E-05  1.15227276E-05  8.57398728E-07  1.13140916E-04  1.85771977E-05  1.78722962E-06  2.43706496E-06  7.24791101E-05  2.31436318E-05  1.62881962E-10  1.52754278E-06  3.97579628E-08  6.53913863E-09  2.40640301E-06  5.43889604E-06  2.61565545E-10  2.61565545E-13  5.28362401E-08  3.13878654E-09  5.23131090E-06  2.61565545E-20  6.16977129E-13  5.78614691E-09  1.50598344E-10  2.47694645E-11  9.11516293E-09  2.06018790E-08  9.90778580E-13  9.90778580E-16  2.00137273E-10  1.18893430E-11  1.98155716E-08  9.90778580E-23  7.88488607E-10 -5.86833714E-07 -3.82002853E-07 -8.30197139E-08 -7.62157938E-06 -6.94759361E-06 -2.63335710E-10 -5.10977018E-11 -1.35041420E-06 -3.47223991E-09 -4.48143685E-06 -2.61565545E-20  1.96590031E-12 -2.21508086E-09 -1.09970162E-09 -2.40711751E-10 -2.23847762E-08 -2.06250280E-08 -1.04630470E-12 -2.33882718E-14 -4.31537130E-09 -1.38878803E-11 -1.91733640E-08 -9.90778580E-23
  2.65000000E+02  1.00000000E-01 -7.67449162E-05  9.83217981E-06  1.82082897E-06  1.87444632E-05  1.15094710E-05  8.57377092E-07  1.13140916E-04  1.85771976E-05  1.78309591E-06  2.43706295E-06  7.24797489E-05  2.31436318E-05  1.63498939E-10  1.53332893E-06  3.99085612E-08  6.56390809E-09  2.41551818E-06  5.45949792E-06  2.62556324E-10  2.62556324E-13  5.30363774E-08  3.15067588E-09  5.25112647E-06  2.62556324E-20  6.16977129E-13  5.78614691E-09  1.50598344E-10  2.47694645E-11  9.11516293E-09  2.06018790E-08  9.90778580E-13  9.90778580E-16  2.00137273E-10  1.18893430E-11  1.98155716E-08  9.90778580E-23  7.90453137E-10 -5.89050415E-07 -3.83102169E-07 -8.32602654E-08 -7.64395119E-06 -6.96821712E-06 -2.64382109E-10 -5.11210722E-11 -1.35472499E-06 -3.48612642E-09 -4.50061355E-06 -2.62556324E-20  1.96341121E-12 -2.21802708E-09 -1.09900253E-09 -2.40420508E-10 -2.23612126E-08 -2.06222847E-08 -1.04647712E-12 -2.33560473E-14 -4.30704116E-09 -1.38853917E-11 -1.91794315E-08 -9.90778580E-23
  2.66000000E+02  1.00000000E-01 -7.67449136E-05  9.83572268E-06  1.81988095E-06  1.87442477E-05  1.14962379E-05  8.57358169E-07  1.13140916E-04  1.85771976E-05  1.77896999E-06  2.43706095E-06  7.24803818E-05  2.31436318E-05  1.64115916E-10  1.53911508E-06  4.00591595E-08  6.58867755E-09  2.42463334E-06  5.48009980E-06  2.63547102E-10  2.63547102E-13  5.32365146E-08  3.16256523E-09  5.27094204E-06  2.63547102E-20  6.16977129E-13  5.78614691E-09  1.50598344E-10  2.47694645E-11  9.11516293E-09  2.06018790E-08  9.90778580E-13  9.90778580E-16  2.00137273E-10  1.18893430E-11  1.98155716E-08  9.90778580E-23  7.92415183E-10 -5.91270066E-07 -3.84200790E-07 -8.35005261E-08 -7.66629948E-06 -6.98883792E-06 -2.65428681E-10 -5.11444110E-11 -1.35902746E-06 -3.50001045E-09 -4.51979630E-06 -2.63547102E-20  1.96093029E-12 -2.22098076E-09 -1.09830951E-09 -2.40129992E-10 -2.23377219E-08 -2.06195973E-08 -1.04664813E-12 -2.33246774E-14 -4.29873359E-09 -1.38829076E-11 -1.91854418E-08 -9.90778580E-23
  2.67000000E+02  1.00000000E-01 -7.67449111E-05  9.83926208E-06  1.81893362E-06  1.87440325E-05  1.14830283E-05  8.57341903E-07  1.13140916E-04  1.85771976E-05  1.77485186E-06  2.43705895E-06  7.24810086E-05  2.31436318E-05  1.64732893E-10  1.54490122E-06  4.02097579E-08  6.61344702E-09  2.43374850E-06  5.50070168E-06  2.64537881E-10  2.64537881E-13  5.34366519E-08  3.17445457E-09  5.29075762E-06  2.64537881E-20  6.16977129E-13  5.78614691E-09  1.50598344E-10  2.47694645E-11  9.11516293E-09  2.06018790E-08  9.90778580E-13  9.90778580E-16  2.00137273E-10  1.18893430E-11  1.98155716E-08  9.90778580E-23  7.94374753E-10 -5.93492675E-07 -3.85298721E-07 -8.37404966E-08 -7.68862431E-06 -7.00945607E-06 -2.66475422E-10 -5.11677188E-11 -1.36332164E-06 -3.51389199E-09 -4.53898502E-06 -2.64537881E-20  1.95845747E-12 -2.22394180E-09 -1.09762250E-09 -2.39840196E-10 -2.23143033E-08 -2.06169645E-08 -1.04681771E-12 -2.32941389E-14 -4.29044864E-09 -1.38804283E-11 -1.91913952E-08 -9.90778580E-23
  2.68000000E+02  1.00000000E-01 -7.67449085E-05  9.84279800E-06  1.81798698E-06  1.87438176E-05  1.14698421E-05  8.57328240E-07  1.13140916E-04  1.85771976E-05  1.77074148E-06  2.43705695E-06  7.24816295E-05  2.31436318E-05  1.65349871E-10  1.55068737E-06  4.03603562E-08  6.63821648E-09  2.44286367E-06  5.52130356E-06  2.65528659E-10  2.65528659E-13  5.36367892E-08  3.18634391E-09  5.31057319E-06  2.65528659E-20  6.16977129E-13  5.78614691E-09  1.50598344E-10  2.47694645E-11  9.11516293E-09  2.06018790E-08  9.90778580E-13  9.90778580E-16  2.00137273E-10  1.18893430E-11  1.98155716E-08  9.90778580E-23  7.96331854E-10 -5.95718249E-07 -3.86395969E-07 -8.39801777E-08 -7.71092577E-06 -7.03007161E-06 -2.67522333E-10 -5.11909965E-11 -1.36760754E-06 -3.52777106E-09 -4.55817966E-06 -2.65528659E-20  1.95599265E-12 -2.22691012E-09 -1.09694142E-09 -2.39551110E-10 -2.22909559E-08 -2.06143852E-08 -1.04698590E-12 -2.32644095E-14 -4.28218634E-09 -1.38779540E-11 -1.91972925E-08 -9.90778580E-23
  2.69000000E+02  1.00000000E-01 -7.67449059E-05  9.84633045E-06  1.81704101E-06  1.87436030E-05  1.14566792E-05  8.57317127E-07  1.13140916E-04  1.85771975E-05  1.76663885E-06  2.43705496E-06  7.24822446E-05  2.31436318E-05  1.65966848E-10  1.55647352E-06  4.05109546E-08  6.66298595E-09  2.45197883E-06  5.54190544E-06  2.66519438E-10  2.66519438E-13  5.38369265E-08  3.19823326E-09  5.33038876E-06  2.66519438E-20  6.16977129E-13  5.78614691E-09  1.50598344E-10  2.47694645E-11  9.11516293E-09  2.06018790E-08  9.90778580E-13  9.90778580E-16  2.00137273E-10  1.18893430E-11  1.98155716E-08  9.90778580E-23  7.98286495E-10 -5.97946795E-07 -3.87492538E-07 -8.42195702E-08 -7.73320392E-06 -7.05068460E-06 -2.68569410E-10 -5.12142449E-11 -1.37188519E-06 -3.54164765E-09 -4.57738017E-06 -2.66519438E-20  1.95353575E-12 -2.22988566E-09 -1.09626622E-09 -2.39262729E-10 -2.22676791E-08 -2.06118583E-08 -1.04715269E-12 -2.32354672E-14 -4.27394673E-09 -1.38754848E-11 -1.92031339E-08 -9.90778580E-23
  2.70000000E+02  1.00000000E-01 -7.67449033E-05  9.84985941E-06  1.81609571E-06  1.87433887E-05  1.14435395E-05  8.57308513E-07  1.13140916E-04  1.85771975E-05  1.76254395E-06  2.43705297E-06  7.24828539E-05  2.31436318E-05  1.66583825E-10  1.56225966E-06  4.06615529E-08  6.68775541E-09  2.46109399E-06  5.56250732E-06  2.67510217E-10  2.67510217E-13  5.40370637E-08  3.21012260E-09  5.35020433E-06  2.67510217E-20  6.16977129E-13  5.78614691E-09  1.50598344E-10  2.47694645E-11  9.11516293E-09  2.06018790E-08  9.90778580E-13  9.90778580E-16  2.00137273E-10  1.18893430E-11  1.98155716E-08  9.90778580E-23  8.00238683E-10 -6.00178320E-07 -3.88588436E-07 -8.44586746E-08 -7.75545883E-06 -7.07129509E-06 -2.69616654E-10 -5.12374648E-11 -1.37615462E-06 -3.55552178E-09 -4.59658649E-06 -2.67510217E-20  1.95108668E-12 -2.23286834E-09 -1.09559684E-09 -2.38975043E-10 -2.22444721E-08 -2.06093826E-08 -1.04731811E-12 -2.32072907E-14 -4.26572984E-09 -1.38730209E-11 -1.92089202E-08 -9.90778580E-23
  2.71000000E+02  1.00000000E-01 -7.67449007E-05  9.85338490E-06  1.81515108E-06  1.87431746E-05  1.14304230E-05  8.57302347E-07  1.13140916E-04  1.85771975E-05  1.75845676E-06  2.43705098E-06  7.24834574E-05  2.31436318E-05  1.67200802E-10  1.56804581E-06  4.08121513E-08  6.71252488E-09  2.47020915E-06  5.58310920E-06  2.68500995E-10  2.68500995E-13  5.42372010E-08  3.22201194E-09  5.37001990E-06  2.68500995E-20  6.16977129E-13  5.78614691E-09  1.50598344E-10  2.47694645E-11  9.11516293E-09  2.06018790E-08  9.90778580E-13  9.90778580E-16  2.00137273E-10  1.18893430E-11  1.98155716E-08  9.90778580E-23  8.02188426E-10 -6.02412832E-07 -3.89683667E-07 -8.46974918E-08 -7.77769057E-06 -7.09190314E-06 -2.70664063E-10 -5.12606570E-11 -1.38041584E-06 -3.56939345E-09 -4.61579857E-06 -2.68500995E-20  1.94864536E-12 -2.23585808E-09 -1.09493320E-09 -2.38688045E-10 -2.22213341E-08 -2.06069572E-08 -1.04748216E-12 -2.31798595E-14 -4.25753571E-09 -1.38705624E-11 -1.92146519E-08 -9.90778580E-23
  2.72000000E+02  1.00000000E-01 -7.67448982E-05  9.85690690E-06  1.81420711E-06  1.87429609E-05  1.14173296E-05  8.57298580E-07  1.13140916E-04  1.85771975E-05  1.75437727E-06  2.43704899E-06  7.24840551E-05  2.31436318E-05  1.67817779E-10  1.57383196E-06  4.09627496E-08  6.73729434E-09  2.47932432E-06  5.60371108E-06  2.69491774E-10  2.69491774E-13  5.44373383E-08  3.23390128E-09  5.38983547E-06  2.69491774E-20  6.16977129E-13  5.78614691E-09  1.50598344E-10  2.47694645E-11  9.11516293E-09  2.06018790E-08  9.90778580E-13  9.90778580E-16  2.00137273E-10  1.18893430E-11  1.98155716E-08  9.90778580E-23  8.04135733E-10 -6.04650338E-07 -3.90778238E-07 -8.49360223E-08 -7.79989921E-06 -7.11250878E-06 -2.71711634E-10 -5.12838221E-11 -1.38466888E-06 -3.58326266E-09 -4.63501635E-06 -2.69491774E-20  1.94621171E-12 -2.23885480E-09 -1.09427526E-09 -2.38401729E-10 -2.21982644E-08 -2.06045808E-08 -1.04764484E-12 -2.31531534E-14 -4.24936435E-09 -1.38681096E-11 -1.92203294E-08 -9.90778580E-23
  2.73000000E+02  1.00000000E-01 -7.67448956E-05  9.86042542E-06  1.81326380E-06  1.87427474E-05  1.14042592E-05  8.57297162E-07  1.13140916E-04  1.85771975E-05  1.75030545E-06  2.43704700E-06  7.24846473E-05  2.31436318E-05  1.68434756E-10  1.57961811E-06  4.11133479E-08  6.76206381E-09  2.48843948E-06  5.62431296E-06  2.70482552E-10  2.70482552E-13  5.46374756E-08  3.24579063E-09  5.40965104E-06  2.70482552E-20  6.16977129E-13  5.78614691E-09  1.50598344E-10  2.47694645E-11  9.11516293E-09  2.06018790E-08  9.90778580E-13  9.90778580E-16  2.00137273E-10  1.18893430E-11  1.98155716E-08  9.90778580E-23  8.06080609E-10 -6.06890844E-07 -3.91872154E-07 -8.51742669E-08 -7.82208482E-06 -7.13311208E-06 -2.72759368E-10 -5.13069609E-11 -1.38891376E-06 -3.59712943E-09 -4.65423977E-06 -2.70482552E-20  1.94378565E-12 -2.24185845E-09 -1.09362295E-09 -2.38116087E-10 -2.21752622E-08 -2.06022525E-08 -1.04780618E-12 -2.31271528E-14 -4.24121578E-09 -1.38656625E-11 -1.92259532E-08 -9.90778580E-23
  2.74000000E+02  1.00000000E-01 -7.67448930E-05  9.86394045E-06  1.81232113E-06  1.87425342E-05  1.13912118E-05  8.57298046E-07  1.13140916E-04  1.85771974E-05  1.74624129E-06  2.43704502E-06  7.24852338E-05  2.31436318E-05  1.69051733E-10  1.58540425E-06  4.12639463E-08  6.78683327E-09  2.49755464E-06  5.64491483E-06  2.71473331E-10  2.71473331E-13  5.48376128E-08  3.25767997E-09  5.42946662E-06  2.71473331E-20  6.16977129E-13  5.78614691E-09  1.50598344E-10  2.47694645E-11  9.11516293E-09  2.06018790E-08  9.90778580E-13  9.90778580E-16  2.00137273E-10  1.18893430E-11  1.98155716E-08  9.90778580E-23  8.08023064E-10 -6.09134358E-07 -3.92965421E-07 -8.54122262E-08 -7.84424746E-06 -7.15371308E-06 -2.73807262E-10 -5.13300741E-11 -1.39315050E-06 -3.61099374E-09 -4.67346880E-06 -2.71473331E-20  1.94136711E-12 -2.24486894E-09 -1.09297622E-09 -2.37831111E-10 -2.21523270E-08 -2.05999713E-08 -1.04796619E-12 -2.31018386E-14 -4.23309004E-09 -1.38632213E-11 -1.92315239E-08 -9.90778580E-23
  2.75000000E+02  1.00000000E-01 -7.67448905E-05  9.86745200E-06  1.81137911E-06  1.87423213E-05  1.13781873E-05  8.57301186E-07  1.13140916E-04  1.85771974E-05  1.74218476E-06  2.43704304E-06  7.24858148E-05  2.31436318E-05  1.69668710E-10  1.59119040E-06  4.14145446E-08  6.81160274E-09  2.50666981E-06  5.66551671E-06  2.72464109E-10  2.72464109E-13  5.50377501E-08  3.26956931E-09  5.44928219E-06  2.72464109E-20  6.16977129E-13  5.78614691E-09  1.50598344E-10  2.47694645E-11  9.11516293E-09  2.06018790E-08  9.90778580E-13  9.90778580E-16  2.00137273E-10  1.18893430E-11  1.98155716E-08  9.90778580E-23  8.09963105E-10 -6.11380886E-07 -3.94058044E-07 -8.56499008E-08 -7.86638720E-06 -7.17431181E-06 -2.74855316E-10 -5.13531623E-11 -1.39737914E-06 -3.62485563E-09 -4.69270336E-06 -2.72464109E-20  1.93895600E-12 -2.24788621E-09 -1.09233500E-09 -2.37546795E-10 -2.21294579E-08 -2.05977362E-08 -1.04812487E-12 -2.30771925E-14 -4.22498713E-09 -1.38607862E-11 -1.92370420E-08 -9.90778580E-23
  2.76000000E+02  1.00000000E-01 -7.67448879E-05  9.87096006E-06  1.81043773E-06  1.87421087E-05  1.13651856E-05  8.57306537E-07  1.13140916E-04  1.85771974E-05  1.73813586E-06  2.43704106E-06  7.24863904E-05  2.31436318E-05  1.70285688E-10  1.59697655E-06  4.15651430E-08  6.83637220E-09  2.51578497E-06  5.68611859E-06  2.73454888E-10  2.73454888E-13  5.52378874E-08  3.28145866E-09  5.46909776E-06  2.73454888E-20  6.16977129E-13  5.78614691E-09  1.50598344E-10  2.47694645E-11  9.11516293E-09  2.06018790E-08  9.90778580E-13  9.90778580E-16  2.00137273E-10  1.18893430E-11  1.98155716E-08  9.90778580E-23  8.11900738E-10 -6.13630435E-07 -3.95150029E-07 -8.58872916E-08 -7.88850411E-06 -7.19490834E-06 -2.75903527E-10 -5.13762262E-11 -1.40159968E-06 -3.63871508E-09 -4.71194341E-06 -2.73454888E-20  1.93655226E-12 -2.25091019E-09 -1.09169924E-09 -2.37263133E-10 -2.21066544E-08 -2.05955462E-08 -1.04828223E-12 -2.30531962E-14 -4.21690707E-09 -1.38583572E-11 -1.92425079E-08 -9.90778580E-23
  2.77000000E+02  1.00000000E-01 -7.67448853E-05  9.87446462E-06  1.80949698E-06  1.87418963E-05  1.13522067E-05  8.57314053E-07  1.13140916E-04  1.85771974E-05  1.73409457E-06  2.43703908E-06  7.24869605E-05  2.31436318E-05  1.70902665E-10  1.60276269E-06  4.17157413E-08  6.86114166E-09  2.52490013E-06  5.70672047E-06  2.74445667E-10  2.74445667E-13  5.54380246E-08  3.29334800E-09  5.48891333E-06  2.74445667E-20  6.16977129E-13  5.78614691E-09  1.50598344E-10  2.47694645E-11  9.11516293E-09  2.06018790E-08  9.90778580E-13  9.90778580E-16  2.00137273E-10  1.18893430E-11  1.98155716E-08  9.90778580E-23  8.13835972E-10 -6.15883011E-07 -3.96241381E-07 -8.61243990E-08 -7.91059825E-06 -7.21550270E-06 -2.76951895E-10 -5.13992665E-11 -1.40581215E-06 -3.65257210E-09 -4.73118890E-06 -2.74445667E-20  1.93415581E-12 -2.25394082E-09 -1.09106888E-09 -2.36980117E-10 -2.20839157E-08 -2.05934004E-08 -1.04843829E-12 -2.30298324E-14 -4.20884987E-09 -1.38559346E-11 -1.92479222E-08 -9.90778580E-23
  2.78000000E+02  1.00000000E-01 -7.67448828E-05  9.87796569E-06  1.80855685E-06  1.87416843E-05  1.13392505E-05  8.57323690E-07  1.13140916E-04  1.85771973E-05  1.73006086E-06  2.43703711E-06  7.24875251E-05  2.31436318E-05  1.71519642E-10  1.60854884E-06  4.18663397E-08  6.88591113E-09  2.53401530E-06  5.72732235E-06  2.75436445E-10  2.75436445E-13  5.56381619E-08  3.30523734E-09  5.50872890E-06  2.75436445E-20  6.16977129E-13  5.78614691E-09  1.50598344E-10  2.47694645E-11  9.11516293E-09  2.06018790E-08  9.90778580E-13  9.90778580E-16  2.00137273E-10  1.18893430E-11  1.98155716E-08  9.90778580E-23  8.15768813E-10 -6.18138622E-07 -3.97332106E-07 -8.63612237E-08 -7.93266969E-06 -7.23609494E-06 -2.78000419E-10 -5.14222838E-11 -1.41001658E-06 -3.66642671E-09 -4.75043978E-06 -2.75436445E-20  1.93176660E-12 -2.25697803E-09 -1.09044387E-09 -2.36697740E-10 -2.20612412E-08 -2.05912978E-08 -1.04859305E-12 -2.30070840E-14 -4.20081554E-09 -1.38535183E-11 -1.92532854E-08 -9.90778580E-23
  2.79000000E+02  1.00000000E-01 -7.67448802E-05  9.88146326E-06  1.80761735E-06  1.87414725E-05  1.13263169E-05  8.57335407E-07  1.13140916E-04  1.85771973E-05  1.72603472E-06  2.43703513E-06  7.24880845E-05  2.31436318E-05  1.72136619E-10  1.61433499E-06  4.20169380E-08  6.91068059E-09  2.54313046E-06  5.74792423E-06  2.76427224E-10  2.76427224E-13  5.58382992E-08  3.31712668E-09  5.52854447E-06  2.76427224E-20  6.16977129E-13  5.78614691E-09  1.50598344E-10  2.47694645E-11  9.11516293E-09  2.06018790E-08  9.90778580E-13  9.90778580E-16  2.00137273E-10  1.18893430E-11  1.98155716E-08  9.90778580E-23  8.17699269E-10 -6.20397273E-07 -3.98422208E-07 -8.65977665E-08 -7.95471849E-06 -7.25668511E-06 -2.79049097E-10 -5.14452787E-11 -1.41421299E-06 -3.68027890E-09 -4.76969599E-06 -2.76427224E-20  1.92938453E-12 -2.26002175E-09 -1.08982415E-09 -2.36415997E-10 -2.20386303E-08 -2.05892375E-08 -1.04874653E-12 -2.29849343E-14 -4.19280409E-09 -1.38511086E-11 -1.92585978E-08 -9.90778580E-23
  2.80000000E+02  1.00000000E-01 -7.67448777E-05  9.88495734E-06  1.80667847E-06  1.87412610E-05  1.13134059E-05  8.57349162E-07  1.13140915E-04  1.85771973E-05  1.72201613E-06  2.43703316E-06  7.24886386E-05  2.31436318E-05  1.72753596E-10  1.62012113E-06  4.21675364E-08  6.93545006E-09  2.55224562E-06  5.76852611E-06  2.77418002E-10  2.77418002E-13  5.60384365E-08  3.32901603E-09  5.54836005E-06  2.77418002E-20  6.16977129E-13  5.78614691E-09  1.50598344E-10  2.47694645E-11  9.11516293E-09  2.06018790E-08  9.90778580E-13  9.90778580E-16  2.00137273E-10  1.18893430E-11  1.98155716E-08  9.90778580E-23  8.19627346E-10 -6.22658972E-07 -3.99511694E-07 -8.68340278E-08 -7.97674472E-06 -7.27727323E-06 -2.80097927E-10 -5.14682517E-11 -1.41840140E-06 -3.69412868E-09 -4.78895749E-06 -2.77418002E-20  1.92700956E-12 -2.26307192E-09 -1.08920967E-09 -2.36134881E-10 -2.20160822E-08 -2.05872187E-08 -1.04889873E-12 -2.29633672E-14 -4.18481552E-09 -1.38487056E-11 -1.92638601E-08 -9.90778580E-23
  2.81000000E+02  1.00000000E-01 -7.67448751E-05  9.88844792E-06  1.80574020E-06  1.87410498E-05  1.13005175E-05  8.57364912E-07  1.13140915E-04  1.85771973E-05  1.71800506E-06  2.43703120E-06  7.24891874E-05  2.31436318E-05  1.73370573E-10  1.62590728E-06  4.23181347E-08  6.96021952E-09  2.56136078E-06  5.78912799E-06  2.78408781E-10  2.78408781E-13  5.62385737E-08  3.34090537E-09  5.56817562E-06  2.78408781E-20  6.16977129E-13  5.78614691E-09  1.50598344E-10  2.47694645E-11  9.11516293E-09  2.06018790E-08  9.90778580E-13  9.90778580E-16  2.00137273E-10  1.18893430E-11  1.98155716E-08  9.90778580E-23  8.21553053E-10 -6.24923725E-07 -4.00600568E-07 -8.70700084E-08 -7.99874843E-06 -7.29785936E-06 -2.81146909E-10 -5.14912034E-11 -1.42258183E-06 -3.70797607E-09 -4.80822422E-06 -2.78408781E-20  1.92464162E-12 -2.26612848E-09 -1.08860037E-09 -2.35854385E-10 -2.19935965E-08 -2.05852404E-08 -1.04904967E-12 -2.29423671E-14 -4.17684984E-09 -1.38463094E-11 -1.92690727E-08 -9.90778580E-23
  2.82000000E+02  1.00000000E-01 -7.67448726E-05  9.89193500E-06  1.80480253E-06  1.87408389E-05  1.12876515E-05  8.57382620E-07  1.13140915E-04  1.85771973E-05  1.71400152E-06  2.43702923E-06  7.24897311E-05  2.31436318E-05  1.73987550E-10  1.63169343E-06  4.24687330E-08  6.98498899E-09  2.57047595E-06  5.80972987E-06  2.79399559E-10  2.79399559E-13  5.64387110E-08  3.35279471E-09  5.58799119E-06  2.79399559E-20  6.16977129E-13  5.78614691E-09  1.50598344E-10  2.47694645E-11  9.11516293E-09  2.06018790E-08  9.90778580E-13  9.90778580E-16  2.00137273E-10  1.18893430E-11  1.98155716E-08  9.90778580E-23  8.23476395E-10 -6.27191537E-07 -4.01688836E-07 -8.73057088E-08 -8.02072969E-06 -7.31844353E-06 -2.82196041E-10 -5.15141345E-11 -1.42675431E-06 -3.72182107E-09 -4.82749613E-06 -2.79399559E-20  1.92228063E-12 -2.26919137E-09 -1.08799620E-09 -2.35574504E-10 -2.19711724E-08 -2.05833019E-08 -1.04919935E-12 -2.29219186E-14 -4.16890704E-09 -1.38439200E-11 -1.92742360E-08 -9.90778580E-23
  2.83000000E+02  1.00000000E-01 -7.67448700E-05  9.89541858E-06  1.80386546E-06  1.87406282E-05  1.12748078E-05  8.57402244E-07  1.13140915E-04  1.85771972E-05  1.71000547E-06  2.43702727E-06  7.24902696E-05  2.31436318E-05  1.74604527E-10  1.63747957E-06  4.26193314E-08  7.00975845E-09  2.57959111E-06  5.83033174E-06  2.80390338E-10  2.80390338E-13  5.66388483E-08  3.36468406E-09  5.60780676E-06  2.80390338E-20  6.16977129E-13  5.78614691E-09  1.50598344E-10  2.47694645E-11  9.11516293E-09  2.06018790E-08  9.90778580E-13  9.90778580E-16  2.00137273E-10  1.18893430E-11  1.98155716E-08  9.90778580E-23  8.25397381E-10 -6.29462416E-07 -4.02776502E-07 -8.75411296E-08 -8.04268855E-06 -7.33902578E-06 -2.83245322E-10 -5.15370454E-11 -1.43091886E-06 -3.73566367E-09 -4.84677319E-06 -2.80390338E-20  1.91992655E-12 -2.27226054E-09 -1.08739711E-09 -2.35295232E-10 -2.19488095E-08 -2.05814023E-08 -1.04934779E-12 -2.29020069E-14 -4.16098712E-09 -1.38415376E-11 -1.92793505E-08 -9.90778580E-23
  2.84000000E+02  1.00000000E-01 -7.67448675E-05  9.89889865E-06  1.80292900E-06  1.87404178E-05  1.12619865E-05  8.57423746E-07  1.13140915E-04  1.85771972E-05  1.70601689E-06  2.43702531E-06  7.24908030E-05  2.31436318E-05  1.75221505E-10  1.64326572E-06  4.27699297E-08  7.03452792E-09  2.58870627E-06  5.85093362E-06  2.81381117E-10  2.81381117E-13  5.68389856E-08  3.37657340E-09  5.62762233E-06  2.81381117E-20  6.16977129E-13  5.78614691E-09  1.50598344E-10  2.47694645E-11  9.11516293E-09  2.06018790E-08  9.90778580E-13  9.90778580E-16  2.00137273E-10  1.18893430E-11  1.98155716E-08  9.90778580E-23  8.27316016E-10 -6.31736368E-07 -4.03863572E-07 -8.77762715E-08 -8.06462509E-06 -7.35960616E-06 -2.84294751E-10 -5.15599367E-11 -1.43507550E-06 -3.74950391E-09 -4.86605533E-06 -2.81381117E-20  1.91757931E-12 -2.27533591E-09 -1.08680305E-09 -2.35016562E-10 -2.19265070E-08 -2.05795407E-08 -1.04949500E-12 -2.28826176E-14 -4.15309008E-09 -1.38391622E-11 -1.92844167E-08 -9.90778580E-23
  2.85000000E+02  1.00000000E-01 -7.67448649E-05  9.90237522E-06  1.80199312E-06  1.87402078E-05  1.12491875E-05  8.57447090E-07  1.13140915E-04  1.85771972E-05  1.70203577E-06  2.43702335E-06  7.24913314E-05  2.31436318E-05  1.75838482E-10  1.64905187E-06  4.29205281E-08  7.05929738E-09  2.59782144E-06  5.87153550E-06  2.82371895E-10  2.82371895E-13  5.70391228E-08  3.38846274E-09  5.64743790E-06  2.82371895E-20  6.16977129E-13  5.78614691E-09  1.50598344E-10  2.47694645E-11  9.11516293E-09  2.06018790E-08  9.90778580E-13  9.90778580E-16  2.00137273E-10  1.18893430E-11  1.98155716E-08  9.90778580E-23  8.29232307E-10 -6.34013398E-07 -4.04950051E-07 -8.80111351E-08 -8.08653936E-06 -7.38018469E-06 -2.85344326E-10 -5.15828089E-11 -1.43922426E-06 -3.76334176E-09 -4.88534251E-06 -2.82371895E-20  1.91523885E-12 -2.27841744E-09 -1.08621397E-09 -2.34738489E-10 -2.19042644E-08 -2.05777165E-08 -1.04964098E-12 -2.28637366E-14 -4.14521590E-09 -1.38367940E-11 -1.92894351E-08 -9.90778580E-23
  2.86000000E+02  1.00000000E-01 -7.67448624E-05  9.90584828E-06  1.80105783E-06  1.87399979E-05  1.12364107E-05  8.57472238E-07  1.13140915E-04  1.85771972E-05  1.69806209E-06  2.43702139E-06  7.24918548E-05  2.31436318E-05  1.76455459E-10  1.65483801E-06  4.30711264E-08  7.08406684E-09  2.60693660E-06  5.89213738E-06  2.83362674E-10  2.83362674E-13  5.72392601E-08  3.40035209E-09  5.66725348E-06  2.83362674E-20  6.16977129E-13  5.78614691E-09  1.50598344E-10  2.47694645E-11  9.11516293E-09  2.06018790E-08  9.90778580E-13  9.90778580E-16  2.00137273E-10  1.18893430E-11  1.98155716E-08  9.90778580E-23  8.31146262E-10 -6.36293513E-07 -4.06035943E-07 -8.82457209E-08 -8.10843142E-06 -7.40076142E-06 -2.86394047E-10 -5.16056625E-11 -1.44336515E-06 -3.77717726E-09 -4.90463468E-06 -2.83362674E-20  1.91290511E-12 -2.28150506E-09 -1.08562981E-09 -2.34461007E-10 -2.18820812E-08 -2.05759287E-08 -1.04978575E-12 -2.28453501E-14 -4.13736459E-09 -1.38344330E-11 -1.92944060E-08 -9.90778580E-23
  2.87000000E+02  1.00000000E-01 -7.67448598E-05  9.90931783E-06  1.80012312E-06  1.87397884E-05  1.12236560E-05  8.57499153E-07  1.13140915E-04  1.85771971E-05  1.69409583E-06  2.43701944E-06  7.24923733E-05  2.31436318E-05  1.77072436E-10  1.66062416E-06  4.32217248E-08  7.10883631E-09  2.61605176E-06  5.91273926E-06  2.84353452E-10  2.84353452E-13  5.74393974E-08  3.41224143E-09  5.68706905E-06  2.84353452E-20  6.16977129E-13  5.78614691E-09  1.50598344E-10  2.47694645E-11  9.11516293E-09  2.06018790E-08  9.90778580E-13  9.90778580E-16  2.00137273E-10  1.18893430E-11  1.98155716E-08  9.90778580E-23  8.33057887E-10 -6.38576719E-07 -4.07121254E-07 -8.84800296E-08 -8.13030133E-06 -7.42133638E-06 -2.87443912E-10 -5.16284980E-11 -1.44749821E-06 -3.79101040E-09 -4.92393180E-06 -2.84353452E-20  1.91057804E-12 -2.28459873E-09 -1.08505053E-09 -2.34184110E-10 -2.18599567E-08 -2.05741767E-08 -1.04992931E-12 -2.28274450E-14 -4.12953614E-09 -1.38320794E-11 -1.92993300E-08 -9.90778580E-23
  2.88000000E+02  1.00000000E-01 -7.67448573E-05  9.91278386E-06  1.79918898E-06  1.87395791E-05  1.12109235E-05  8.57527801E-07  1.13140915E-04  1.85771971E-05  1.69013698E-06  2.43701748E-06  7.24928868E-05  2.31436318E-05  1.77689413E-10  1.66641031E-06  4.33723231E-08  7.13360577E-09  2.62516692E-06  5.93334114E-06  2.85344231E-10  2.85344231E-13  5.76395347E-08  3.42413077E-09  5.70688462E-06  2.85344231E-20  6.16977129E-13  5.78614691E-09  1.50598344E-10  2.47694645E-11  9.11516293E-09  2.06018790E-08  9.90778580E-13  9.90778580E-16  2.00137273E-10  1.18893430E-11  1.98155716E-08  9.90778580E-23  8.34967188E-10 -6.40863022E-07 -4.08205988E-07 -8.87140617E-08 -8.15214914E-06 -7.44190961E-06 -2.88493919E-10 -5.16513158E-11 -1.45162345E-06 -3.80484119E-09 -4.94323382E-06 -2.85344231E-20  1.90825758E-12 -2.28769838E-09 -1.08447608E-09 -2.33907793E-10 -2.18378905E-08 -2.05724597E-08 -1.05007168E-12 -2.28100083E-14 -4.12173051E-09 -1.38297332E-11 -1.93042074E-08 -9.90778580E-23
  2.89000000E+02  1.00000000E-01 -7.67448548E-05  9.91624639E-06  1.79825542E-06  1.87393701E-05  1.11982129E-05  8.57558148E-07  1.13140915E-04  1.85771971E-05  1.68618550E-06  2.43701553E-06  7.24933955E-05  2.31436318E-05  1.78306390E-10  1.67219646E-06  4.35229214E-08  7.15837524E-09  2.63428209E-06  5.95394302E-06  2.86335010E-10  2.86335010E-13  5.78396719E-08  3.43602011E-09  5.72670019E-06  2.86335010E-20  6.16977129E-13  5.78614691E-09  1.50598344E-10  2.47694645E-11  9.11516293E-09  2.06018790E-08  9.90778580E-13  9.90778580E-16  2.00137273E-10  1.18893430E-11  1.98155716E-08  9.90778580E-23  8.36874172E-10 -6.43152428E-07 -4.09290151E-07 -8.89478178E-08 -8.17397492E-06 -7.46248114E-06 -2.89544069E-10 -5.16741164E-11 -1.45574090E-06 -3.81866963E-09 -4.96254068E-06 -2.86335010E-20  1.90594368E-12 -2.29080397E-09 -1.08390641E-09 -2.33632051E-10 -2.18158820E-08 -2.05707770E-08 -1.05021286E-12 -2.27930273E-14 -4.11394772E-09 -1.38273944E-11 -1.93090388E-08 -9.90778580E-23
  2.90000000E+02  1.00000000E-01 -7.67448522E-05  9.91970540E-06  1.79732243E-06  1.87391614E-05  1.11855244E-05  8.57590158E-07  1.13140915E-04  1.85771971E-05  1.68224140E-06  2.43701359E-06  7.24938994E-05  2.31436318E-05  1.78923367E-10  1.67798260E-06  4.36735198E-08  7.18314470E-09  2.64339725E-06  5.97454490E-06  2.87325788E-10  2.87325788E-13  5.80398092E-08  3.44790946E-09  5.74651576E-06  2.87325788E-20  6.16977129E-13  5.78614691E-09  1.50598344E-10  2.47694645E-11  9.11516293E-09  2.06018790E-08  9.90778580E-13  9.90778580E-16  2.00137273E-10  1.18893430E-11  1.98155716E-08  9.90778580E-23  8.38778846E-10 -6.45444943E-07 -4.10373746E-07 -8.91812984E-08 -8.19577873E-06 -7.48305101E-06 -2.90594359E-10 -5.16969003E-11 -1.45985058E-06 -3.83249574E-09 -4.98185236E-06 -2.87325788E-20  1.90363629E-12 -2.29391543E-09 -1.08334148E-09 -2.33356878E-10 -2.17939306E-08 -2.05691279E-08 -1.05035286E-12 -2.27764898E-14 -4.10618773E-09 -1.38250632E-11 -1.93138245E-08 -9.90778580E-23
  2.91000000E+02  1.00000000E-01 -7.67448497E-05  9.92316089E-06  1.79639000E-06  1.87389530E-05  1.11728578E-05  8.57623800E-07  1.13140915E-04  1.85771971E-05  1.67830463E-06  2.43701164E-06  7.24943986E-05  2.31436318E-05  1.79540345E-10  1.68376875E-06  4.38241181E-08  7.20791417E-09  2.65251241E-06  5.99514678E-06  2.88316567E-10  2.88316567E-13  5.82399465E-08  3.45979880E-09  5.76633133E-06  2.88316567E-20  6.16977129E-13  5.78614691E-09  1.50598344E-10  2.47694645E-11  9.11516293E-09  2.06018790E-08  9.90778580E-13  9.90778580E-16  2.00137273E-10  1.18893430E-11  1.98155716E-08  9.90778580E-23  8.40681217E-10 -6.47740572E-07 -4.11456779E-07 -8.94145042E-08 -8.21756061E-06 -7.50361925E-06 -2.91644788E-10 -5.17196679E-11 -1.46395251E-06 -3.84631953E-09 -5.00116879E-06 -2.88316567E-20  1.90133535E-12 -2.29703273E-09 -1.08278123E-09 -2.33082268E-10 -2.17720358E-08 -2.05675117E-08 -1.05049170E-12 -2.27603839E-14 -4.09845053E-09 -1.38227396E-11 -1.93185650E-08 -9.90778580E-23
  2.92000000E+02  1.00000000E-01 -7.67448472E-05  9.92661286E-06  1.79545812E-06  1.87387448E-05  1.11602130E-05  8.57659039E-07  1.13140915E-04  1.85771970E-05  1.67437520E-06  2.43700970E-06  7.24948930E-05  2.31436318E-05  1.80157322E-10  1.68955490E-06  4.39747165E-08  7.23268363E-09  2.66162758E-06  6.01574866E-06  2.89307345E-10  2.89307345E-13  5.84400837E-08  3.47168814E-09  5.78614691E-06  2.89307345E-20  6.16977129E-13  5.78614691E-09  1.50598344E-10  2.47694645E-11  9.11516293E-09  2.06018790E-08  9.90778580E-13  9.90778580E-16  2.00137273E-10  1.18893430E-11  1.98155716E-08  9.90778580E-23  8.42581289E-10 -6.50039322E-07 -4.12539254E-07 -8.96474357E-08 -8.23932063E-06 -7.52418589E-06 -2.92695356E-10 -5.17424196E-11 -1.46804671E-06 -3.86014099E-09 -5.02048995E-06 -2.89307345E-20  1.89904081E-12 -2.30015580E-09 -1.08222562E-09 -2.32808218E-10 -2.17501972E-08 -2.05659276E-08 -1.05062938E-12 -2.27446981E-14 -4.09073611E-09 -1.38204237E-11 -1.93232607E-08 -9.90778580E-23
  2.93000000E+02  1.00000000E-01 -7.67448447E-05  9.93006132E-06  1.79452680E-06  1.87385370E-05  1.11475900E-05  8.57695846E-07  1.13140915E-04  1.85771970E-05  1.67045307E-06  2.43700776E-06  7.24953827E-05  2.31436318E-05  1.80774299E-10  1.69534104E-06  4.41253148E-08  7.25745310E-09  2.67074274E-06  6.03635053E-06  2.90298124E-10  2.90298124E-13  5.86402210E-08  3.48357749E-09  5.80596248E-06  2.90298124E-20  6.16977129E-13  5.78614691E-09  1.50598344E-10  2.47694645E-11  9.11516293E-09  2.06018790E-08  9.90778580E-13  9.90778580E-16  2.00137273E-10  1.18893430E-11  1.98155716E-08  9.90778580E-23  8.44479071E-10 -6.52341199E-07 -4.13621176E-07 -8.98800935E-08 -8.26105884E-06 -7.54475096E-06 -2.93746060E-10 -5.17651559E-11 -1.47213322E-06 -3.87396015E-09 -5.03981577E-06 -2.90298124E-20  1.89675263E-12 -2.30328460E-09 -1.08167461E-09 -2.32534721E-10 -2.17284141E-08 -2.05643751E-08 -1.05076591E-12 -2.27294209E-14 -4.08304443E-09 -1.38181155E-11 -1.93279121E-08 -9.90778580E-23
  2.94000000E+02  1.00000000E-01 -7.67448421E-05  9.93350625E-06  1.79359603E-06  1.87383293E-05  1.11349888E-05  8.57734188E-07  1.13140915E-04  1.85771970E-05  1.66653824E-06  2.43700582E-06  7.24958679E-05  2.31436318E-05  1.81391276E-10  1.70112719E-06  4.42759132E-08  7.28222256E-09  2.67985790E-06  6.05695241E-06  2.91288902E-10  2.91288902E-13  5.88403583E-08  3.49546683E-09  5.82577805E-06  2.91288902E-20  6.16977129E-13  5.78614691E-09  1.50598344E-10  2.47694645E-11  9.11516293E-09  2.06018790E-08  9.90778580E-13  9.90778580E-16  2.00137273E-10  1.18893430E-11  1.98155716E-08  9.90778580E-23  8.46374568E-10 -6.54646207E-07 -4.14702550E-07 -9.01124780E-08 -8.28277530E-06 -7.56531449E-06 -2.94796901E-10 -5.17878771E-11 -1.47621204E-06 -3.88777700E-09 -5.05914622E-06 -2.91288902E-20  1.89447075E-12 -2.30641908E-09 -1.08112815E-09 -2.32261772E-10 -2.17066862E-08 -2.05628534E-08 -1.05090130E-12 -2.27145415E-14 -4.07537548E-09 -1.38158152E-11 -1.93325195E-08 -9.90778580E-23
  2.95000000E+02  1.00000000E-01 -7.67448396E-05  9.93694766E-06  1.79266580E-06  1.87381220E-05  1.11224093E-05  8.57774035E-07  1.13140915E-04  1.85771970E-05  1.66263067E-06  2.43700388E-06  7.24963484E-05  2.31436318E-05  1.82008253E-10  1.70691334E-06  4.44265115E-08  7.30699203E-09  2.68897307E-06  6.07755429E-06  2.92279681E-10  2.92279681E-13  5.90404956E-08  3.50735617E-09  5.84559362E-06  2.92279681E-20  6.16977129E-13  5.78614691E-09  1.50598344E-10  2.47694645E-11  9.11516293E-09  2.06018790E-08  9.90778580E-13  9.90778580E-16  2.00137273E-10  1.18893430E-11  1.98155716E-08  9.90778580E-23  8.48267787E-10 -6.56954352E-07 -4.15783380E-07 -9.03445899E-08 -8.30447006E-06 -7.58587652E-06 -2.95847876E-10 -5.18105837E-11 -1.48028321E-06 -3.90159155E-09 -5.07848125E-06 -2.92279681E-20  1.89219514E-12 -2.30955919E-09 -1.08058619E-09 -2.31989367E-10 -2.16850129E-08 -2.05613620E-08 -1.05103556E-12 -2.27000492E-14 -4.06772924E-09 -1.38135226E-11 -1.93370833E-08 -9.90778580E-23
  2.96000000E+02  1.00000000E-01 -7.67448371E-05  9.94038554E-06  1.79173611E-06  1.87379149E-05  1.11098515E-05  8.57815357E-07  1.13140915E-04  1.85771970E-05  1.65873035E-06  2.43700195E-06  7.24968244E-05  2.31436318E-05  1.82625230E-10  1.71269948E-06  4.45771099E-08  7.33176149E-09  2.69808823E-06  6.09815617E-06  2.93270460E-10  2.93270460E-13  5.92406328E-08  3.51924551E-09  5.86540919E-06  2.93270460E-20  6.16977129E-13  5.78614691E-09  1.50598344E-10  2.47694645E-11  9.11516293E-09  2.06018790E-08  9.90778580E-13  9.90778580E-16  2.00137273E-10  1.18893430E-11  1.98155716E-08  9.90778580E-23  8.50158733E-10 -6.59265641E-07 -4.16863670E-07 -9.05764297E-08 -8.32614318E-06 -7.60643708E-06 -2.96898985E-10 -5.18332759E-11 -1.48434674E-06 -3.91540382E-09 -5.09782082E-06 -2.93270460E-20  1.88992573E-12 -2.31270488E-09 -1.08004869E-09 -2.31717501E-10 -2.16633937E-08 -2.05599002E-08 -1.05116870E-12 -2.26859336E-14 -4.06010567E-09 -1.38112380E-11 -1.93416041E-08 -9.90778580E-23
  2.97000000E+02  1.00000000E-01 -7.67448346E-05  9.94381990E-06  1.79080696E-06  1.87377081E-05  1.10973152E-05  8.57858124E-07  1.13140914E-04  1.85771969E-05  1.65483727E-06  2.43700001E-06  7.24972959E-05  2.31436318E-05  1.83242207E-10  1.71848563E-06  4.47277082E-08  7.35653095E-09  2.70720339E-06  6.11875805E-06  2.94261238E-10  2.94261238E-13  5.94407701E-08  3.53113486E-09  5.88522476E-06  2.94261238E-20  6.16977129E-13  5.78614691E-09  1.50598344E-10  2.47694645E-11  9.11516293E-09  2.06018790E-08  9.90778580E-13  9.90778580E-16  2.00137273E-10  1.18893430E-11  1.98155716E-08  9.90778580E-23  8.52047414E-10 -6.61580079E-07 -4.17943425E-07 -9.08079979E-08 -8.34779471E-06 -7.62699619E-06 -2.97950226E-10 -5.18559543E-11 -1.48840267E-06 -3.92921380E-09 -5.11716489E-06 -2.94261238E-20  1.88766249E-12 -2.31585611E-09 -1.07951561E-09 -2.31446170E-10 -2.16418281E-08 -2.05584674E-08 -1.05130072E-12 -2.26721846E-14 -4.05250476E-09 -1.38089614E-11 -1.93460821E-08 -9.90778580E-23
  2.98000000E+02  1.00000000E-01 -7.67448321E-05  9.94725072E-06  1.78987833E-06  1.87375016E-05  1.10848004E-05  8.57902309E-07  1.13140914E-04  1.85771969E-05  1.65095140E-06  2.43699808E-06  7.24977629E-05  2.31436318E-05  1.83859184E-10  1.72427178E-06  4.48783065E-08  7.38130042E-09  2.71631855E-06  6.13935993E-06  2.95252017E-10  2.95252017E-13  5.96409074E-08  3.54302420E-09  5.90504033E-06  2.95252017E-20  6.16977129E-13  5.78614691E-09  1.50598344E-10  2.47694645E-11  9.11516293E-09  2.06018790E-08  9.90778580E-13  9.90778580E-16  2.00137273E-10  1.18893430E-11  1.98155716E-08  9.90778580E-23  8.53933834E-10 -6.63897671E-07 -4.19022649E-07 -9.10392951E-08 -8.36942470E-06 -7.64755388E-06 -2.99001599E-10 -5.18786190E-11 -1.49245100E-06 -3.94302151E-09 -5.13651342E-06 -2.95252017E-20  1.88540538E-12 -2.31901282E-09 -1.07898691E-09 -2.31175367E-10 -2.16203157E-08 -2.05570630E-08 -1.05143164E-12 -2.26587924E-14 -4.04492646E-09 -1.38066927E-11 -1.93505179E-08 -9.90778580E-23
  2.99000000E+02  1.00000000E-01 -7.67448295E-05  9.95067802E-06  1.78895024E-06  1.87372953E-05  1.10723072E-05  8.57947883E-07  1.13140914E-04  1.85771969E-05  1.64707273E-06  2.43699615E-06  7.24982256E-05  2.31436318E-05  1.84476162E-10  1.73005792E-06  4.50289049E-08  7.40606988E-09  2.72543372E-06  6.15996181E-06  2.96242795E-10  2.96242795E-13  5.98410447E-08  3.55491354E-09  5.92485591E-06  2.96242795E-20  6.16977129E-13  5.78614691E-09  1.50598344E-10  2.47694645E-11  9.11516293E-09  2.06018790E-08  9.90778580E-13  9.90778580E-16  2.00137273E-10  1.18893430E-11  1.98155716E-08  9.90778580E-23  8.55818001E-10 -6.66218422E-07 -4.20101348E-07 -9.12703218E-08 -8.39103321E-06 -7.66811018E-06 -3.00053102E-10 -5.19012706E-11 -1.49649177E-06 -3.95682696E-09 -5.15586636E-06 -2.96242795E-20  1.88315435E-12 -2.32217498E-09 -1.07846253E-09 -2.30905090E-10 -2.15988561E-08 -2.05556865E-08 -1.05156147E-12 -2.26457474E-14 -4.03737076E-09 -1.38044321E-11 -1.93549117E-08 -9.90778580E-23
  3.00000000E+02  1.00000000E-01 -7.67448270E-05  9.95410178E-06  1.78802266E-06  1.87370894E-05  1.10598354E-05  8.57994818E-07  1.13140914E-04  1.85771969E-05  1.64320123E-06  2.43699423E-06  7.24986838E-05  2.31436318E-05  1.85093139E-10  1.73584407E-06  4.51795032E-08  7.43083935E-09  2.73454888E-06  6.18056369E-06  2.97233574E-10  2.97233574E-13  6.00411819E-08  3.56680289E-09  5.94467148E-06  2.97233574E-20  6.16977129E-13  5.78614691E-09  1.50598344E-10  2.47694645E-11  9.11516293E-09  2.06018790E-08  9.90778580E-13  9.90778580E-16  2.00137273E-10  1.18893430E-11  1.98155716E-08  9.90778580E-23  8.57699920E-10 -6.68542339E-07 -4.21179524E-07 -9.15010785E-08 -8.41262029E-06 -7.68866513E-06 -3.01104734E-10 -5.19239094E-11 -1.50052500E-06 -3.97063015E-09 -5.17522367E-06 -2.97233574E-20  1.88090935E-12 -2.32534254E-09 -1.07794245E-09 -2.30635333E-10 -2.15774488E-08 -2.05543371E-08 -1.05169021E-12 -2.26330403E-14 -4.02983763E-09 -1.38021796E-11 -1.93592640E-08 -9.90778580E-23
